CustomerID,Gender,SeniorCitizen,Partner,Dependents,TenureMonths,PhoneService,MultipleLines,InternetService,OnlineSecurity,OnlineBackup,DeviceProtection,TechSupport,StreamingTV,StreamingMovies,Contract,PaperlessBilling,PaymentMethod,MonthlyCharges,TotalCharges,SupportTicketsLast6M,SatisfactionScore,Churn
CUST-10000,Male,0,No,No,6,Yes,No,Fiber optic,Yes,No,No,No,Yes,No,Month-to-month,No,Electronic check,87.81,504.36,2,3,1
CUST-10001,Female,0,No,Yes,8,Yes,Yes,DSL,Yes,Yes,Yes,No,Yes,No,Month-to-month,No,Electronic check,74.72,594.43,2,1,1
CUST-10002,Male,0,Yes,Yes,63,Yes,No,DSL,No,No,No,No,No,Yes,One year,No,Mailed check,53.53,3367.93,4,3,0
CUST-10003,Male,1,Yes,No,1,Yes,Yes,No,No internet service,No internet service,No internet service,No internet service,No internet service,No internet service,Month-to-month,Yes,Bank transfer (automatic),25.69,53.35,2,4,0
CUST-10004,Male,0,No,No,23,Yes,Yes,No,No internet service,No internet service,No internet service,No internet service,No internet service,No internet service,Month-to-month,Yes,Credit card (automatic),23.52,542.55,0,3,0
CUST-10005,Female,0,No,No,28,Yes,Yes,Fiber optic,No,No,Yes,No,Yes,No,Two year,Yes,Bank transfer (automatic),93.52,2624.89,0,5,0
CUST-10006,Male,1,Yes,No,17,Yes,No,Fiber optic,Yes,Yes,No,No,Yes,No,Month-to-month,Yes,Bank transfer (automatic),96.14,1649.2,4,3,1
CUST-10007,Male,0,Yes,No,29,Yes,Yes,Fiber optic,No,No,No,Yes,No,No,One year,Yes,Credit card (automatic),79.76,2329.88,4,5,0
CUST-10008,Male,1,No,Yes,4,Yes,No,DSL,No,No,No,Yes,Yes,Yes,One year,No,Credit card (automatic),67.5,288.7,3,2,0
CUST-10009,Female,1,No,No,47,Yes,No,DSL,Yes,No,Yes,Yes,No,No,Month-to-month,No,Bank transfer (automatic),65.68,3114.32,0,1,0
CUST-10010,Male,0,No,No,3,Yes,Yes,Fiber optic,No,No,No,No,No,No,One year,Yes,Electronic check,73.67,207.38,1,2,0
CUST-10011,Male,1,No,No,12,Yes,Yes,No,No internet service,No internet service,No internet service,No internet service,No internet service,No internet service,Month-to-month,No,Electronic check,20.83,230.83,3,1,1
CUST-10012,Male,0,Yes,Yes,1,No,No phone service,DSL,Yes,No,No,No,No,No,Month-to-month,Yes,Electronic check,54.42,45.0,1,4,1
CUST-10013,Male,0,Yes,No,19,Yes,Yes,No,No internet service,No internet service,No internet service,No internet service,No internet service,No internet service,Month-to-month,Yes,Credit card (automatic),23.61,433.4,2,2,0
CUST-10014,Female,0,No,No,27,Yes,No,Fiber optic,No,Yes,Yes,Yes,Yes,Yes,One year,Yes,Mailed check,114.04,3095.01,1,4,0
CUST-10015,Male,1,No,No,70,Yes,Yes,Fiber optic,No,No,No,No,No,Yes,One year,No,Bank transfer (automatic),82.95,5765.26,0,3,0
CUST-10016,Female,0,Yes,No,33,Yes,Yes,Fiber optic,No,No,Yes,No,Yes,No,Two year,No,Credit card (automatic),87.56,2915.54,3,2,0
CUST-10017,Female,0,Yes,No,19,Yes,Yes,Fiber optic,No,No,Yes,Yes,Yes,Yes,Month-to-month,Yes,Bank transfer (automatic),108.63,2073.43,0,3,1
CUST-10018,Female,0,No,No,67,Yes,No,No,No internet service,No internet service,No internet service,No internet service,No internet service,No internet service,Month-to-month,No,Electronic check,22.34,1463.41,0,1,0
CUST-10019,Male,0,Yes,No,16,Yes,Yes,Fiber optic,Yes,Yes,No,No,Yes,No,Month-to-month,Yes,Electronic check,96.22,1540.21,2,2,1
CUST-10020,Female,0,Yes,Yes,20,Yes,Yes,DSL,No,No,Yes,No,No,Yes,Month-to-month,Yes,Credit card (automatic),62.55,1257.68,1,4,0
CUST-10021,Male,0,No,No,22,Yes,Yes,Fiber optic,Yes,No,No,Yes,Yes,No,Month-to-month,Yes,Bank transfer (automatic),97.84,2170.28,3,4,1
CUST-10022,Female,0,No,No,13,Yes,No,Fiber optic,Yes,No,Yes,No,Yes,Yes,Two year,No,Mailed check,108.4,1408.14,1,4,0
CUST-10023,Female,0,No,No,45,Yes,Yes,No,No internet service,No internet service,No internet service,No internet service,No internet service,No internet service,Month-to-month,Yes,Electronic check,19.29,868.03,1,3,0
CUST-10024,Female,0,Yes,Yes,5,Yes,No,No,No internet service,No internet service,No internet service,No internet service,No internet service,No internet service,Month-to-month,Yes,Electronic check,19.39,94.47,1,3,0
CUST-10025,Female,0,No,No,20,Yes,Yes,Fiber optic,No,Yes,Yes,No,Yes,Yes,One year,Yes,Electronic check,100.24,2027.52,2,3,0
CUST-10026,Female,0,No,Yes,32,Yes,No,No,No internet service,No internet service,No internet service,No internet service,No internet service,No internet service,Month-to-month,Yes,Bank transfer (automatic),18.62,633.58,0,5,0
CUST-10027,Female,1,No,Yes,58,Yes,No,DSL,Yes,No,No,No,No,Yes,Month-to-month,Yes,Mailed check,64.99,3775.4,1,5,0
CUST-10028,Female,0,No,No,53,Yes,No,Fiber optic,No,No,No,No,No,Yes,Two year,No,Credit card (automatic),90.51,4785.25,0,1,0
CUST-10029,Female,1,Yes,Yes,17,Yes,Yes,No,No internet service,No internet service,No internet service,No internet service,No internet service,No internet service,Month-to-month,Yes,Credit card (automatic),21.34,370.43,2,5,0
CUST-10030,Male,0,Yes,Yes,25,Yes,Yes,Fiber optic,No,No,Yes,Yes,No,No,One year,No,Bank transfer (automatic),88.52,2250.61,1,4,0
CUST-10031,Male,0,Yes,No,12,Yes,Yes,Fiber optic,No,No,No,Yes,No,Yes,Month-to-month,No,Credit card (automatic),89.18,1070.34,2,3,0
CUST-10032,Female,0,Yes,Yes,15,No,No phone service,DSL,No,No,No,No,No,No,One year,Yes,Credit card (automatic),44.86,658.8,1,2,0
CUST-10033,Female,0,No,No,59,Yes,No,Fiber optic,No,Yes,Yes,No,No,Yes,Month-to-month,Yes,Bank transfer (automatic),96.51,5726.13,1,3,0
CUST-10034,Female,0,No,Yes,66,Yes,No,Fiber optic,No,No,Yes,Yes,Yes,Yes,Month-to-month,Yes,Mailed check,107.37,7091.1,1,4,0
CUST-10035,Male,0,No,No,56,Yes,Yes,Fiber optic,No,No,Yes,Yes,Yes,No,Month-to-month,Yes,Mailed check,93.38,5231.35,3,1,1
CUST-10036,Female,0,No,No,3,Yes,No,No,No internet service,No internet service,No internet service,No internet service,No internet service,No internet service,Month-to-month,Yes,Electronic check,20.1,30.71,2,3,0
CUST-10037,Male,0,Yes,No,47,Yes,Yes,DSL,Yes,No,Yes,Yes,No,No,Two year,Yes,Credit card (automatic),73.0,3433.33,2,2,0
CUST-10038,Male,0,Yes,Yes,72,No,No phone service,Fiber optic,No,No,Yes,No,No,No,Month-to-month,No,Credit card (automatic),85.63,6182.85,0,3,0
CUST-10039,Male,0,Yes,Yes,11,Yes,No,No,No internet service,No internet service,No internet service,No internet service,No internet service,No internet service,One year,Yes,Electronic check,26.14,277.57,3,1,0
CUST-10040,Male,0,Yes,Yes,18,Yes,Yes,Fiber optic,No,Yes,No,No,Yes,Yes,Two year,Yes,Electronic check,97.11,1743.37,3,5,0
CUST-10041,Male,0,Yes,No,37,Yes,Yes,DSL,Yes,No,Yes,Yes,No,Yes,Month-to-month,Yes,Bank transfer (automatic),73.08,2704.79,1,1,0
CUST-10042,Female,1,No,No,20,Yes,No,No,No internet service,No internet service,No internet service,No internet service,No internet service,No internet service,Two year,No,Mailed check,20.95,420.46,2,4,0
CUST-10043,Female,0,No,Yes,72,Yes,No,No,No internet service,No internet service,No internet service,No internet service,No internet service,No internet service,One year,No,Electronic check,18.25,1318.09,1,3,0
CUST-10044,Female,0,Yes,Yes,15,Yes,No,DSL,Yes,No,Yes,No,Yes,Yes,One year,Yes,Credit card (automatic),73.46,1136.89,0,4,0
CUST-10045,Female,0,Yes,Yes,31,Yes,No,DSL,No,No,No,Yes,Yes,No,Two year,Yes,Electronic check,59.37,1831.02,5,3,0
CUST-10046,Female,0,No,No,39,No,No phone service,Fiber optic,Yes,Yes,No,No,No,No,Month-to-month,Yes,Mailed check,93.68,3640.34,2,5,0
CUST-10047,Male,0,Yes,No,17,Yes,No,DSL,Yes,No,No,Yes,No,Yes,Month-to-month,No,Credit card (automatic),70.32,1179.19,1,3,0
CUST-10048,Female,0,No,No,48,Yes,Yes,Fiber optic,No,Yes,No,Yes,No,Yes,Month-to-month,Yes,Bank transfer (automatic),99.04,4747.49,0,3,0
CUST-10049,Female,0,No,No,19,Yes,Yes,Fiber optic,No,No,No,Yes,No,Yes,Two year,No,Mailed check,90.31,1694.16,1,5,0
CUST-10050,Male,0,No,No,13,Yes,Yes,Fiber optic,No,No,No,No,No,Yes,Month-to-month,No,Credit card (automatic),87.8,1136.96,0,2,1
CUST-10051,Female,0,Yes,Yes,2,Yes,No,Fiber optic,No,No,No,Yes,No,No,Two year,Yes,Credit card (automatic),83.82,183.77,0,3,0
CUST-10052,Male,0,No,Yes,12,Yes,No,DSL,Yes,No,Yes,No,No,Yes,Month-to-month,No,Electronic check,64.75,797.2,1,4,0
CUST-10053,Female,1,Yes,No,33,Yes,No,No,No internet service,No internet service,No internet service,No internet service,No internet service,No internet service,One year,No,Electronic check,20.52,656.13,0,1,0
CUST-10054,Male,0,No,No,63,Yes,No,Fiber optic,Yes,No,No,No,No,No,One year,No,Mailed check,79.68,5012.41,3,4,0
CUST-10055,Female,1,Yes,No,7,Yes,Yes,Fiber optic,No,No,No,No,No,Yes,Two year,No,Credit card (automatic),80.95,577.39,3,3,0
CUST-10056,Female,0,Yes,No,10,Yes,No,DSL,No,No,No,No,No,Yes,Month-to-month,Yes,Credit card (automatic),56.65,554.46,2,4,0
CUST-10057,Male,0,No,No,4,Yes,Yes,DSL,No,Yes,Yes,No,Yes,Yes,Month-to-month,Yes,Electronic check,75.93,322.71,3,5,1
CUST-10058,Male,0,No,No,29,Yes,No,Fiber optic,No,Yes,Yes,No,No,Yes,Two year,Yes,Mailed check,97.85,2834.15,1,5,0
CUST-10059,Male,0,No,No,72,Yes,Yes,Fiber optic,Yes,No,Yes,No,No,No,Two year,Yes,Bank transfer (automatic),90.81,6505.6,1,3,0
CUST-10060,Male,0,No,No,25,Yes,No,DSL,No,Yes,No,No,No,No,Month-to-month,Yes,Electronic check,52.28,1314.43,2,2,1
CUST-10061,Male,0,No,Yes,23,Yes,No,No,No internet service,No internet service,No internet service,No internet service,No internet service,No internet service,One year,No,Bank transfer (automatic),18.25,435.43,1,3,0
CUST-10062,Male,0,Yes,No,20,Yes,Yes,Fiber optic,No,No,Yes,No,Yes,Yes,Month-to-month,Yes,Mailed check,99.73,1977.19,4,4,1
CUST-10063,Male,0,No,No,2,Yes,No,Fiber optic,No,No,No,No,Yes,No,One year,Yes,Electronic check,84.52,158.75,0,2,1
CUST-10064,Male,0,No,No,32,Yes,Yes,DSL,No,No,Yes,No,Yes,No,One year,No,Mailed check,60.55,1925.26,2,2,0
CUST-10065,Female,0,No,No,23,Yes,Yes,Fiber optic,Yes,Yes,Yes,No,No,No,One year,No,Credit card (automatic),95.44,2201.3,2,2,0
CUST-10066,Female,0,No,No,27,Yes,No,Fiber optic,No,Yes,No,No,Yes,No,Month-to-month,No,Credit card (automatic),95.35,2558.2,2,5,0
CUST-10067,Male,0,Yes,Yes,57,Yes,No,DSL,Yes,Yes,No,No,No,Yes,Month-to-month,Yes,Credit card (automatic),66.07,3762.48,1,1,0
CUST-10068,Female,0,No,No,38,Yes,Yes,No,No internet service,No internet service,No internet service,No internet service,No internet service,No internet service,One year,Yes,Credit card (automatic),18.25,672.26,1,2,0
CUST-10069,Female,1,Yes,Yes,37,Yes,Yes,Fiber optic,No,No,No,No,No,Yes,Two year,Yes,Electronic check,82.81,3059.7,2,3,0
CUST-10070,Female,0,Yes,No,65,Yes,No,DSL,No,No,Yes,No,No,No,Two year,No,Credit card (automatic),54.63,3549.9,0,3,0
CUST-10071,Female,1,No,No,72,No,No phone service,Fiber optic,No,Yes,Yes,No,Yes,Yes,Month-to-month,No,Electronic check,106.5,7658.19,0,1,0
CUST-10072,Male,0,Yes,Yes,21,Yes,No,No,No internet service,No internet service,No internet service,No internet service,No internet service,No internet service,Month-to-month,Yes,Credit card (automatic),21.72,421.27,0,2,0
CUST-10073,Female,0,No,Yes,2,Yes,Yes,Fiber optic,No,Yes,No,No,No,No,Month-to-month,No,Mailed check,86.07,211.04,0,3,1
CUST-10074,Male,0,Yes,No,15,Yes,No,DSL,No,No,No,No,Yes,No,Two year,No,Electronic check,53.39,808.46,1,5,0
CUST-10075,Female,0,Yes,No,38,Yes,No,No,No internet service,No internet service,No internet service,No internet service,No internet service,No internet service,Month-to-month,Yes,Mailed check,24.04,901.0,0,3,0
CUST-10076,Female,1,No,Yes,1,Yes,Yes,No,No internet service,No internet service,No internet service,No internet service,No internet service,No internet service,One year,No,Mailed check,21.51,28.53,1,1,0
CUST-10077,Female,0,No,No,1,Yes,Yes,DSL,No,No,No,No,Yes,Yes,Month-to-month,Yes,Bank transfer (automatic),59.77,75.65,1,5,1
CUST-10078,Male,0,No,No,1,Yes,No,Fiber optic,No,Yes,Yes,No,Yes,No,Month-to-month,Yes,Bank transfer (automatic),96.19,105.62,0,3,1
CUST-10079,Female,0,No,Yes,32,Yes,No,Fiber optic,Yes,No,No,Yes,No,No,Two year,No,Credit card (automatic),94.18,3027.98,0,1,0
CUST-10080,Male,0,No,No,17,Yes,Yes,Fiber optic,No,No,No,Yes,No,Yes,Two year,No,Mailed check,91.98,1584.39,2,3,0
CUST-10081,Female,1,Yes,No,11,Yes,No,DSL,No,Yes,No,Yes,Yes,Yes,Month-to-month,No,Bank transfer (automatic),74.03,798.09,0,4,0
CUST-10082,Male,0,Yes,No,2,Yes,Yes,DSL,No,No,No,Yes,No,Yes,Month-to-month,Yes,Credit card (automatic),58.71,110.98,1,4,0
CUST-10083,Female,0,Yes,No,32,Yes,No,No,No internet service,No internet service,No internet service,No internet service,No internet service,No internet service,Two year,Yes,Electronic check,18.25,585.58,1,2,0
CUST-10084,Male,0,No,Yes,9,Yes,Yes,Fiber optic,Yes,No,No,Yes,Yes,No,Month-to-month,Yes,Mailed check,102.6,931.47,3,2,1
CUST-10085,Male,0,No,Yes,7,Yes,No,DSL,No,No,No,Yes,No,Yes,Two year,No,Credit card (automatic),61.45,436.38,3,4,0
CUST-10086,Female,0,Yes,Yes,26,Yes,No,No,No internet service,No internet service,No internet service,No internet service,No internet service,No internet service,Month-to-month,Yes,Bank transfer (automatic),24.42,592.7,0,2,0
CUST-10087,Male,0,No,No,20,Yes,Yes,No,No internet service,No internet service,No internet service,No internet service,No internet service,No internet service,Two year,Yes,Mailed check,26.33,583.46,1,4,0
CUST-10088,Female,0,No,No,11,Yes,No,DSL,Yes,Yes,No,Yes,No,No,One year,Yes,Electronic check,73.13,837.82,1,1,0
CUST-10089,Female,0,Yes,No,25,No,No phone service,DSL,No,Yes,Yes,No,Yes,No,Month-to-month,Yes,Electronic check,66.3,1646.4,0,3,0
CUST-10090,Female,0,Yes,No,7,Yes,Yes,DSL,No,No,Yes,No,No,No,One year,Yes,Electronic check,61.23,442.08,1,5,0
CUST-10091,Female,0,No,No,39,No,No phone service,Fiber optic,No,No,No,Yes,No,Yes,Month-to-month,No,Electronic check,92.32,3586.49,3,3,1
CUST-10092,Female,0,No,No,6,Yes,No,Fiber optic,No,No,Yes,Yes,No,Yes,Month-to-month,Yes,Mailed check,94.04,543.82,3,2,1
CUST-10093,Female,0,No,No,4,Yes,No,DSL,No,Yes,Yes,No,No,Yes,Month-to-month,No,Electronic check,68.28,255.34,0,4,1
CUST-10094,Female,0,Yes,Yes,38,Yes,No,Fiber optic,No,No,No,Yes,Yes,Yes,One year,Yes,Electronic check,97.85,3708.79,2,3,0
CUST-10095,Female,0,No,Yes,30,Yes,No,DSL,No,No,No,No,Yes,No,Month-to-month,Yes,Credit card (automatic),53.82,1623.63,0,5,0
CUST-10096,Female,0,Yes,No,5,No,No phone service,DSL,Yes,No,No,No,No,No,Month-to-month,Yes,Electronic check,53.43,277.19,2,2,1
CUST-10097,Female,0,Yes,No,3,Yes,No,DSL,No,Yes,Yes,No,No,No,Month-to-month,No,Bank transfer (automatic),61.9,181.47,1,2,1
CUST-10098,Female,0,No,No,45,Yes,No,Fiber optic,No,No,Yes,Yes,No,Yes,One year,No,Electronic check,95.42,4261.77,1,4,0
CUST-10099,Male,0,Yes,No,37,Yes,Yes,Fiber optic,No,No,Yes,No,No,No,Two year,No,Mailed check,83.49,3098.0,0,4,0
CUST-10100,Male,0,No,Yes,9,Yes,Yes,Fiber optic,No,No,No,No,No,Yes,Month-to-month,No,Electronic check,81.26,759.23,1,3,1
CUST-10101,Female,0,Yes,No,26,No,No phone service,Fiber optic,No,No,No,No,No,No,Month-to-month,Yes,Electronic check,75.62,1961.72,0,2,1
CUST-10102,Female,0,No,No,3,Yes,No,No,No internet service,No internet service,No internet service,No internet service,No internet service,No internet service,One year,Yes,Credit card (automatic),19.53,57.28,0,3,0
CUST-10103,Female,0,No,No,17,Yes,No,Fiber optic,No,Yes,No,Yes,No,No,Month-to-month,Yes,Mailed check,88.8,1551.5,0,2,1
CUST-10104,Female,0,Yes,No,1,Yes,No,Fiber optic,No,No,No,Yes,No,Yes,One year,Yes,Mailed check,92.29,109.76,0,1,0
CUST-10105,Female,0,No,No,12,No,No phone service,Fiber optic,No,No,No,No,Yes,Yes,Month-to-month,Yes,Electronic check,91.55,1079.82,1,5,1
CUST-10106,Female,0,Yes,No,1,Yes,Yes,DSL,No,Yes,Yes,No,Yes,Yes,Month-to-month,Yes,Mailed check,76.31,54.08,3,3,1
CUST-10107,Female,0,No,No,16,No,No phone service,DSL,Yes,No,No,No,No,Yes,Month-to-month,Yes,Bank transfer (automatic),58.71,914.81,2,3,0
CUST-10108,Female,0,Yes,No,13,Yes,No,Fiber optic,Yes,Yes,No,No,No,Yes,Month-to-month,Yes,Electronic check,99.27,1298.1,1,4,1
CUST-10109,Male,0,Yes,No,14,Yes,No,No,No internet service,No internet service,No internet service,No internet service,No internet service,No internet service,One year,Yes,Mailed check,19.92,310.94,3,3,0
CUST-10110,Female,0,Yes,Yes,1,Yes,Yes,No,No internet service,No internet service,No internet service,No internet service,No internet service,No internet service,Two year,No,Electronic check,18.79,30.24,1,3,0
CUST-10111,Male,0,Yes,Yes,11,Yes,Yes,Fiber optic,Yes,Yes,No,Yes,No,Yes,Month-to-month,Yes,Mailed check,108.03,1169.11,4,4,1
CUST-10112,Female,0,No,Yes,35,Yes,Yes,DSL,No,Yes,Yes,Yes,Yes,Yes,One year,Yes,Credit card (automatic),84.98,2991.42,2,3,0
CUST-10113,Female,0,Yes,Yes,11,Yes,Yes,DSL,No,Yes,Yes,No,No,Yes,Month-to-month,No,Electronic check,58.5,627.6,1,5,0
CUST-10114,Male,0,Yes,No,31,Yes,No,Fiber optic,No,No,Yes,No,Yes,Yes,Two year,No,Mailed check,91.09,2873.72,0,2,0
CUST-10115,Female,0,Yes,No,11,Yes,No,No,No internet service,No internet service,No internet service,No internet service,No internet service,No internet service,Month-to-month,No,Mailed check,24.72,260.73,1,1,0
CUST-10116,Male,0,Yes,Yes,13,Yes,Yes,Fiber optic,No,Yes,Yes,No,No,No,Month-to-month,Yes,Electronic check,86.26,1100.03,2,1,1
CUST-10117,Female,0,No,Yes,20,Yes,No,Fiber optic,No,No,No,Yes,Yes,Yes,Two year,No,Credit card (automatic),93.56,1877.31,1,4,0
CUST-10118,Female,1,No,Yes,72,Yes,No,Fiber optic,Yes,No,No,Yes,Yes,No,Month-to-month,Yes,Electronic check,97.07,7006.84,1,5,0
CUST-10119,Male,0,Yes,No,2,Yes,Yes,DSL,No,No,No,No,No,No,One year,Yes,Bank transfer (automatic),45.79,98.88,1,1,0
CUST-10120,Female,0,No,No,1,Yes,No,No,No internet service,No internet service,No internet service,No internet service,No internet service,No internet service,Two year,No,Mailed check,18.55,25.07,0,5,0
CUST-10121,Male,1,No,No,23,No,No phone service,Fiber optic,No,No,No,No,Yes,No,One year,Yes,Electronic check,73.34,1700.35,0,5,0
CUST-10122,Female,0,Yes,No,72,Yes,No,Fiber optic,No,No,Yes,Yes,Yes,No,One year,Yes,Mailed check,97.97,7055.53,1,4,0
CUST-10123,Male,1,No,Yes,72,Yes,No,DSL,No,Yes,No,Yes,Yes,Yes,Month-to-month,No,Bank transfer (automatic),80.41,5797.6,1,4,0
CUST-10124,Male,0,No,No,16,Yes,No,Fiber optic,No,No,Yes,No,No,Yes,Two year,No,Credit card (automatic),85.87,1389.92,1,1,0
CUST-10125,Female,1,No,Yes,15,Yes,No,Fiber optic,No,No,Yes,No,Yes,No,Month-to-month,No,Bank transfer (automatic),94.95,1399.76,2,2,1
CUST-10126,Female,0,No,No,25,Yes,Yes,Fiber optic,No,Yes,No,No,No,Yes,Two year,No,Mailed check,89.16,2224.05,5,2,0
CUST-10127,Male,0,Yes,No,20,Yes,Yes,Fiber optic,No,No,Yes,No,No,No,One year,No,Bank transfer (automatic),87.85,1771.36,5,3,0
CUST-10128,Female,0,No,No,25,Yes,Yes,Fiber optic,No,No,Yes,No,No,No,One year,Yes,Mailed check,84.37,2078.88,2,4,0
CUST-10129,Female,0,No,No,51,Yes,Yes,Fiber optic,Yes,No,No,No,No,Yes,Month-to-month,Yes,Credit card (automatic),88.36,4513.36,1,5,0
CUST-10130,Female,0,No,No,34,Yes,Yes,Fiber optic,No,No,No,Yes,Yes,Yes,Month-to-month,Yes,Mailed check,99.39,3369.58,2,3,0
CUST-10131,Male,0,No,Yes,17,Yes,Yes,DSL,No,Yes,No,No,Yes,Yes,Month-to-month,Yes,Electronic check,71.44,1209.48,4,3,1
CUST-10132,Male,0,Yes,Yes,15,No,No phone service,Fiber optic,No,Yes,No,Yes,Yes,Yes,Two year,No,Mailed check,100.62,1509.91,3,1,0
CUST-10133,Male,0,No,No,25,No,No phone service,No,No internet service,No internet service,No internet service,No internet service,No internet service,No internet service,One year,Yes,Mailed check,20.33,476.77,2,5,0
CUST-10134,Male,0,No,No,15,Yes,No,Fiber optic,No,No,No,Yes,No,Yes,One year,No,Electronic check,93.11,1385.34,2,5,0
CUST-10135,Male,0,Yes,Yes,15,Yes,No,DSL,No,No,Yes,Yes,Yes,Yes,Two year,No,Electronic check,73.97,1135.82,2,1,0
CUST-10136,Male,1,Yes,No,1,Yes,Yes,No,No internet service,No internet service,No internet service,No internet service,No internet service,No internet service,Two year,Yes,Mailed check,18.25,18.25,3,3,0
CUST-10137,Male,0,No,No,4,Yes,Yes,Fiber optic,No,Yes,No,Yes,No,Yes,Month-to-month,Yes,Credit card (automatic),103.65,446.85,0,2,1
CUST-10138,Male,1,Yes,No,16,Yes,No,DSL,Yes,No,No,No,No,No,Month-to-month,Yes,Electronic check,47.08,741.8,1,3,0
CUST-10139,Male,0,Yes,No,43,Yes,Yes,No,No internet service,No internet service,No internet service,No internet service,No internet service,No internet service,Month-to-month,Yes,Mailed check,19.06,807.92,0,4,0
CUST-10140,Female,0,Yes,No,8,Yes,Yes,Fiber optic,No,Yes,Yes,No,No,No,Two year,Yes,Bank transfer (automatic),89.78,720.17,3,3,0
CUST-10141,Male,0,Yes,No,18,Yes,No,No,No internet service,No internet service,No internet service,No internet service,No internet service,No internet service,Month-to-month,No,Electronic check,26.28,501.86,0,3,0
CUST-10142,Female,0,Yes,No,10,Yes,Yes,Fiber optic,Yes,No,No,No,Yes,No,Month-to-month,Yes,Credit card (automatic),83.32,806.32,1,2,1
CUST-10143,Female,0,Yes,No,2,Yes,Yes,Fiber optic,No,No,No,No,Yes,No,One year,Yes,Bank transfer (automatic),82.45,154.27,2,1,1
CUST-10144,Female,0,Yes,No,72,Yes,Yes,No,No internet service,No internet service,No internet service,No internet service,No internet service,No internet service,One year,Yes,Mailed check,18.25,1328.71,1,4,0
CUST-10145,Male,0,No,No,48,Yes,Yes,Fiber optic,No,Yes,Yes,No,No,No,Two year,Yes,Electronic check,88.07,4242.84,0,3,0
CUST-10146,Male,1,No,Yes,2,No,No phone service,DSL,Yes,No,No,No,No,No,Month-to-month,No,Electronic check,57.19,150.51,2,4,1
CUST-10147,Male,0,Yes,Yes,31,Yes,No,No,No internet service,No internet service,No internet service,No internet service,No internet service,No internet service,Two year,No,Electronic check,18.25,544.04,2,5,0
CUST-10148,Male,0,Yes,No,10,Yes,Yes,No,No internet service,No internet service,No internet service,No internet service,No internet service,No internet service,Month-to-month,Yes,Bank transfer (automatic),18.25,158.91,1,1,0
CUST-10149,Female,0,No,No,72,Yes,No,DSL,Yes,No,No,Yes,No,Yes,Two year,No,Credit card (automatic),63.97,4622.48,1,4,0
CUST-10150,Male,0,Yes,No,9,Yes,No,No,No internet service,No internet service,No internet service,No internet service,No internet service,No internet service,Month-to-month,Yes,Bank transfer (automatic),20.49,171.22,2,4,0
CUST-10151,Male,0,Yes,Yes,6,Yes,Yes,Fiber optic,No,No,No,No,No,No,Two year,Yes,Mailed check,74.92,458.42,2,3,0
CUST-10152,Male,0,Yes,Yes,20,Yes,Yes,Fiber optic,No,No,No,No,Yes,No,Two year,Yes,Credit card (automatic),81.7,1648.23,1,2,0
CUST-10153,Male,0,No,No,45,Yes,No,DSL,Yes,No,Yes,No,Yes,Yes,One year,Yes,Credit card (automatic),73.4,3270.23,1,2,0
CUST-10154,Male,0,No,Yes,5,Yes,No,DSL,No,No,No,Yes,No,Yes,One year,Yes,Bank transfer (automatic),64.26,358.04,4,3,0
CUST-10155,Female,0,No,Yes,30,Yes,Yes,DSL,No,No,Yes,No,No,No,Two year,No,Electronic check,46.59,1404.81,1,2,0
CUST-10156,Male,0,No,No,1,Yes,Yes,DSL,Yes,No,No,No,No,Yes,Month-to-month,Yes,Electronic check,63.63,51.98,0,4,0
CUST-10157,Female,1,No,Yes,62,Yes,No,Fiber optic,Yes,Yes,No,No,No,Yes,Month-to-month,No,Electronic check,93.3,5786.74,0,1,0
CUST-10158,Male,0,Yes,No,2,Yes,Yes,DSL,No,Yes,No,No,No,Yes,Two year,Yes,Mailed check,63.22,130.5,0,1,0
CUST-10159,Female,0,No,No,61,Yes,Yes,No,No internet service,No internet service,No internet service,No internet service,No internet service,No internet service,One year,No,Mailed check,22.43,1373.32,0,3,0
CUST-10160,Male,0,Yes,Yes,16,No,No phone service,DSL,No,No,Yes,No,No,Yes,Two year,No,Credit card (automatic),61.89,1007.78,1,4,0
CUST-10161,Male,1,No,No,14,Yes,Yes,Fiber optic,Yes,No,Yes,No,Yes,Yes,One year,Yes,Bank transfer (automatic),104.73,1454.89,0,4,0
CUST-10162,Female,0,No,No,72,Yes,Yes,DSL,Yes,No,Yes,No,Yes,No,One year,Yes,Bank transfer (automatic),66.21,4770.45,0,2,0
CUST-10163,Female,0,No,No,72,Yes,Yes,Fiber optic,Yes,No,No,Yes,Yes,Yes,Month-to-month,No,Mailed check,105.57,7594.95,2,2,0
CUST-10164,Female,0,Yes,No,26,Yes,No,No,No internet service,No internet service,No internet service,No internet service,No internet service,No internet service,Month-to-month,Yes,Electronic check,23.38,614.88,2,3,0
CUST-10165,Male,0,Yes,No,3,Yes,No,Fiber optic,Yes,Yes,No,No,Yes,No,One year,Yes,Electronic check,96.55,292.87,4,2,1
CUST-10166,Female,0,No,No,17,Yes,No,Fiber optic,No,Yes,No,No,Yes,Yes,Month-to-month,No,Mailed check,95.96,1590.72,3,3,1
CUST-10167,Male,0,No,No,18,Yes,Yes,Fiber optic,Yes,Yes,Yes,No,No,No,Month-to-month,No,Electronic check,97.37,1739.43,0,4,1
CUST-10168,Male,0,No,No,18,Yes,Yes,Fiber optic,No,No,No,No,No,Yes,Two year,No,Mailed check,81.72,1434.92,2,3,0
CUST-10169,Female,0,Yes,Yes,21,Yes,No,DSL,Yes,No,Yes,Yes,Yes,No,One year,No,Electronic check,74.51,1600.28,0,5,0
CUST-10170,Female,0,No,Yes,1,No,No phone service,Fiber optic,Yes,No,Yes,No,Yes,Yes,Month-to-month,Yes,Mailed check,109.97,128.45,2,3,1
CUST-10171,Male,0,No,Yes,31,Yes,Yes,No,No internet service,No internet service,No internet service,No internet service,No internet service,No internet service,Month-to-month,Yes,Electronic check,18.25,540.6,0,2,0
CUST-10172,Male,0,No,No,31,Yes,Yes,DSL,No,No,No,No,Yes,No,Month-to-month,No,Electronic check,56.28,1761.48,1,2,1
CUST-10173,Female,0,No,Yes,3,Yes,Yes,Fiber optic,Yes,No,Yes,Yes,Yes,Yes,Two year,Yes,Credit card (automatic),115.27,336.76,0,2,1
CUST-10174,Female,1,No,No,21,Yes,Yes,DSL,No,No,No,Yes,Yes,No,One year,Yes,Bank transfer (automatic),55.68,1172.79,1,1,0
CUST-10175,Female,0,No,No,21,Yes,No,DSL,No,Yes,No,No,Yes,Yes,Month-to-month,No,Bank transfer (automatic),65.36,1332.02,1,3,0
CUST-10176,Male,0,No,Yes,28,Yes,No,No,No internet service,No internet service,No internet service,No internet service,No internet service,No internet service,Month-to-month,Yes,Mailed check,19.85,564.05,1,5,0
CUST-10177,Male,0,No,No,2,Yes,Yes,DSL,Yes,No,Yes,Yes,No,Yes,Two year,No,Bank transfer (automatic),74.82,157.97,3,4,0
CUST-10178,Male,0,Yes,No,24,Yes,No,Fiber optic,No,Yes,No,No,No,Yes,One year,Yes,Bank transfer (automatic),88.4,2085.71,3,2,0
CUST-10179,Male,0,Yes,Yes,8,Yes,Yes,DSL,Yes,No,Yes,No,No,No,Month-to-month,Yes,Credit card (automatic),63.04,530.05,1,4,0
CUST-10180,Male,0,No,No,17,Yes,Yes,Fiber optic,Yes,No,No,No,No,Yes,Month-to-month,No,Electronic check,90.61,1563.52,1,5,1
CUST-10181,Male,0,No,No,37,Yes,Yes,DSL,No,No,Yes,No,Yes,No,Month-to-month,No,Credit card (automatic),60.22,2231.98,0,4,0
CUST-10182,Female,0,No,No,30,Yes,No,No,No internet service,No internet service,No internet service,No internet service,No internet service,No internet service,Two year,Yes,Credit card (automatic),23.89,708.82,1,3,0
CUST-10183,Male,0,No,Yes,3,Yes,Yes,Fiber optic,No,Yes,No,No,No,No,One year,No,Electronic check,80.32,235.09,1,1,1
CUST-10184,Male,0,Yes,No,22,Yes,Yes,DSL,No,No,No,No,No,Yes,Month-to-month,Yes,Mailed check,50.77,1149.87,0,1,0
CUST-10185,Male,0,No,No,72,No,No phone service,Fiber optic,Yes,Yes,No,No,No,Yes,Month-to-month,Yes,Mailed check,96.33,6972.24,2,2,0
CUST-10186,Female,0,No,No,4,Yes,Yes,Fiber optic,Yes,No,Yes,Yes,Yes,Yes,Month-to-month,Yes,Credit card (automatic),108.31,422.2,0,4,1
CUST-10187,Male,0,Yes,Yes,47,Yes,Yes,DSL,Yes,Yes,No,Yes,Yes,No,Month-to-month,Yes,Electronic check,74.93,3486.87,1,2,0
CUST-10188,Male,0,Yes,No,30,Yes,No,DSL,No,Yes,Yes,No,No,Yes,Month-to-month,Yes,Bank transfer (automatic),69.37,2078.33,1,3,0
CUST-10189,Female,0,No,No,37,Yes,No,Fiber optic,Yes,No,No,No,Yes,Yes,Month-to-month,No,Credit card (automatic),93.7,3492.51,2,3,0
CUST-10190,Male,0,Yes,No,8,Yes,No,Fiber optic,No,No,Yes,No,Yes,Yes,Two year,No,Electronic check,94.35,741.69,0,3,0
CUST-10191,Male,0,No,No,8,No,No phone service,No,No internet service,No internet service,No internet service,No internet service,No internet service,No internet service,Two year,No,Electronic check,20.12,140.2,1,1,0
CUST-10192,Male,0,Yes,No,59,Yes,No,Fiber optic,Yes,No,No,No,No,Yes,Month-to-month,No,Credit card (automatic),91.03,5408.66,3,5,0
CUST-10193,Male,0,No,No,11,Yes,No,Fiber optic,No,Yes,No,Yes,Yes,No,Month-to-month,No,Credit card (automatic),96.76,1035.19,2,4,1
CUST-10194,Male,1,No,No,1,Yes,Yes,No,No internet service,No internet service,No internet service,No internet service,No internet service,No internet service,One year,Yes,Bank transfer (automatic),18.82,46.95,0,4,0
CUST-10195,Female,0,No,No,22,Yes,Yes,No,No internet service,No internet service,No internet service,No internet service,No internet service,No internet service,Month-to-month,Yes,Mailed check,24.05,529.83,1,1,0
CUST-10196,Female,0,Yes,Yes,3,Yes,Yes,Fiber optic,Yes,No,No,No,Yes,No,Month-to-month,Yes,Credit card (automatic),88.25,263.43,0,1,1
CUST-10197,Female,0,No,No,39,No,No phone service,No,No internet service,No internet service,No internet service,No internet service,No internet service,No internet service,Month-to-month,Yes,Credit card (automatic),24.54,965.86,1,4,0
CUST-10198,Male,0,Yes,No,25,Yes,Yes,Fiber optic,No,Yes,No,No,Yes,No,Month-to-month,Yes,Bank transfer (automatic),88.31,2205.9,1,1,1
CUST-10199,Male,0,Yes,Yes,51,No,No phone service,Fiber optic,No,No,Yes,Yes,No,Yes,Month-to-month,No,Mailed check,99.05,5050.09,2,4,0
CUST-10200,Male,0,No,No,38,Yes,Yes,No,No internet service,No internet service,No internet service,No internet service,No internet service,No internet service,Two year,No,Bank transfer (automatic),18.25,676.04,2,3,0
CUST-10201,Female,1,No,Yes,2,Yes,Yes,No,No internet service,No internet service,No internet service,No internet service,No internet service,No internet service,Month-to-month,Yes,Electronic check,18.71,30.17,0,1,1
CUST-10202,Male,0,No,No,11,Yes,Yes,Fiber optic,No,No,Yes,No,No,Yes,Month-to-month,No,Electronic check,88.1,982.76,1,3,1
CUST-10203,Male,0,Yes,No,37,No,No phone service,Fiber optic,No,Yes,No,Yes,Yes,Yes,Month-to-month,Yes,Credit card (automatic),107.19,3942.12,3,4,0
CUST-10204,Female,0,Yes,Yes,13,Yes,No,Fiber optic,Yes,No,No,Yes,Yes,Yes,Month-to-month,Yes,Electronic check,109.89,1446.03,0,4,1
CUST-10205,Male,0,Yes,No,72,Yes,No,Fiber optic,No,No,Yes,No,No,Yes,One year,Yes,Electronic check,90.31,6498.65,1,3,0
CUST-10206,Female,0,No,Yes,33,Yes,Yes,DSL,No,No,No,No,No,Yes,One year,Yes,Mailed check,49.36,1604.91,1,3,0
CUST-10207,Female,0,No,No,1,Yes,Yes,DSL,Yes,No,No,No,No,No,Month-to-month,Yes,Electronic check,54.38,51.88,1,4,0
CUST-10208,Female,0,No,No,53,Yes,No,DSL,No,No,No,No,No,Yes,Two year,No,Electronic check,56.93,3025.7,0,4,0
CUST-10209,Male,0,No,No,2,Yes,Yes,DSL,Yes,Yes,No,Yes,Yes,Yes,One year,No,Mailed check,85.11,154.48,2,4,0
CUST-10210,Male,0,Yes,Yes,3,Yes,Yes,No,No internet service,No internet service,No internet service,No internet service,No internet service,No internet service,Two year,Yes,Mailed check,18.25,82.97,4,3,0
CUST-10211,Male,0,Yes,Yes,33,Yes,Yes,Fiber optic,Yes,No,Yes,Yes,No,No,Month-to-month,Yes,Electronic check,95.67,3175.29,1,4,1
CUST-10212,Male,0,Yes,No,50,No,No phone service,DSL,Yes,No,No,No,Yes,Yes,Month-to-month,No,Mailed check,65.06,3265.7,1,4,0
CUST-10213,Male,0,Yes,No,19,No,No phone service,No,No internet service,No internet service,No internet service,No internet service,No internet service,No internet service,Month-to-month,No,Mailed check,20.18,378.49,0,3,0
CUST-10214,Male,0,Yes,Yes,8,Yes,No,Fiber optic,No,Yes,Yes,No,No,Yes,Month-to-month,Yes,Electronic check,99.22,810.64,1,5,1
CUST-10215,Male,0,No,Yes,10,Yes,No,No,No internet service,No internet service,No internet service,No internet service,No internet service,No internet service,Month-to-month,Yes,Credit card (automatic),23.34,256.48,1,3,0
CUST-10216,Female,0,Yes,Yes,10,Yes,No,DSL,Yes,No,No,No,Yes,No,Two year,No,Electronic check,61.2,599.91,2,3,0
CUST-10217,Male,1,No,No,9,Yes,Yes,Fiber optic,Yes,No,No,No,Yes,Yes,Two year,No,Bank transfer (automatic),102.04,918.19,3,5,0
CUST-10218,Female,1,Yes,No,6,Yes,Yes,Fiber optic,No,Yes,No,No,Yes,No,Month-to-month,No,Bank transfer (automatic),95.55,570.08,3,5,1
CUST-10219,Male,0,No,Yes,23,Yes,Yes,DSL,No,No,Yes,Yes,No,No,Two year,Yes,Electronic check,64.31,1475.05,0,4,0
CUST-10220,Male,1,No,No,57,Yes,No,DSL,No,Yes,Yes,No,No,No,One year,No,Electronic check,57.98,3332.92,1,1,0
CUST-10221,Male,0,No,Yes,9,Yes,No,DSL,No,Yes,No,No,Yes,Yes,Month-to-month,Yes,Credit card (automatic),69.59,650.18,2,4,0
CUST-10222,Female,0,Yes,No,5,Yes,Yes,Fiber optic,No,Yes,No,No,No,No,Month-to-month,No,Mailed check,84.15,441.31,1,1,1
CUST-10223,Female,0,No,No,45,Yes,No,DSL,No,No,No,No,Yes,No,Month-to-month,Yes,Mailed check,58.18,2630.1,1,1,0
CUST-10224,Female,0,No,No,33,Yes,Yes,Fiber optic,Yes,Yes,Yes,No,Yes,Yes,Month-to-month,No,Bank transfer (automatic),118.75,3919.74,1,3,1
CUST-10225,Female,0,Yes,No,66,Yes,No,Fiber optic,No,No,Yes,No,Yes,Yes,Month-to-month,Yes,Electronic check,96.37,6357.13,2,2,1
CUST-10226,Male,0,Yes,No,4,Yes,No,Fiber optic,No,Yes,No,No,Yes,No,Month-to-month,No,Bank transfer (automatic),90.71,371.77,3,3,1
CUST-10227,Female,0,Yes,No,3,Yes,Yes,DSL,Yes,Yes,No,Yes,No,Yes,Month-to-month,No,Mailed check,75.44,195.07,0,2,1
CUST-10228,Male,0,No,No,19,Yes,No,Fiber optic,No,No,No,No,No,No,Month-to-month,No,Mailed check,78.74,1513.95,0,2,1
CUST-10229,Male,0,No,No,23,Yes,No,Fiber optic,Yes,No,No,No,No,No,Month-to-month,No,Bank transfer (automatic),82.29,1912.01,2,4,1
CUST-10230,Female,0,No,Yes,16,Yes,Yes,Fiber optic,No,No,No,No,Yes,No,Month-to-month,Yes,Mailed check,84.74,1337.44,1,3,1
CUST-10231,Female,0,Yes,No,22,Yes,No,Fiber optic,No,No,No,No,Yes,Yes,Month-to-month,No,Electronic check,90.29,1959.4,2,1,1
CUST-10232,Female,0,Yes,No,4,Yes,No,Fiber optic,Yes,Yes,No,No,Yes,Yes,Month-to-month,Yes,Bank transfer (automatic),100.65,413.57,2,3,1
CUST-10233,Female,1,No,Yes,16,Yes,Yes,DSL,Yes,Yes,No,Yes,Yes,No,One year,No,Credit card (automatic),75.12,1171.3,1,4,0
CUST-10234,Female,1,Yes,Yes,26,Yes,No,DSL,Yes,No,No,No,No,No,Month-to-month,No,Mailed check,53.33,1392.6,2,1,0
CUST-10235,Female,0,No,No,14,Yes,No,DSL,Yes,Yes,No,No,Yes,Yes,Month-to-month,Yes,Mailed check,76.02,1048.92,0,5,0
CUST-10236,Female,1,No,Yes,28,Yes,Yes,DSL,Yes,No,No,No,Yes,No,Two year,No,Electronic check,63.34,1745.21,2,3,0
CUST-10237,Female,0,Yes,No,15,Yes,Yes,Fiber optic,No,No,Yes,No,No,Yes,Month-to-month,Yes,Bank transfer (automatic),89.0,1349.55,1,3,1
CUST-10238,Male,1,No,No,10,Yes,No,No,No internet service,No internet service,No internet service,No internet service,No internet service,No internet service,Month-to-month,Yes,Credit card (automatic),18.25,210.69,1,2,0
CUST-10239,Female,0,Yes,No,9,Yes,Yes,Fiber optic,No,No,Yes,No,Yes,No,Month-to-month,Yes,Bank transfer (automatic),94.54,843.06,3,3,1
CUST-10240,Female,0,No,No,13,Yes,No,DSL,No,No,No,No,No,No,One year,Yes,Bank transfer (automatic),43.9,587.42,3,1,0
CUST-10241,Male,0,Yes,No,1,Yes,Yes,No,No internet service,No internet service,No internet service,No internet service,No internet service,No internet service,Two year,Yes,Credit card (automatic),20.86,18.25,1,4,0
CUST-10242,Female,0,No,No,27,Yes,Yes,DSL,Yes,Yes,No,Yes,No,Yes,Month-to-month,Yes,Electronic check,75.48,2055.86,5,1,1
CUST-10243,Male,0,Yes,Yes,46,Yes,Yes,Fiber optic,Yes,Yes,No,No,Yes,No,Month-to-month,Yes,Mailed check,93.22,4278.44,3,3,0
CUST-10244,Male,0,Yes,No,10,Yes,No,Fiber optic,No,No,No,Yes,No,Yes,One year,No,Mailed check,94.69,975.56,1,1,0
CUST-10245,Female,0,No,Yes,1,Yes,No,Fiber optic,Yes,Yes,Yes,No,Yes,No,Month-to-month,Yes,Mailed check,106.19,61.27,0,2,1
CUST-10246,Male,0,Yes,Yes,72,Yes,Yes,DSL,No,No,No,No,Yes,No,Two year,Yes,Electronic check,54.66,3925.12,1,3,0
CUST-10247,Male,0,No,No,7,Yes,Yes,DSL,Yes,No,No,No,Yes,Yes,Month-to-month,Yes,Bank transfer (automatic),71.61,494.05,2,1,1
CUST-10248,Male,0,Yes,Yes,3,Yes,No,DSL,No,No,Yes,No,Yes,No,Month-to-month,No,Electronic check,59.91,148.34,1,1,1
CUST-10249,Male,0,No,No,11,Yes,Yes,Fiber optic,No,Yes,No,No,Yes,No,Month-to-month,No,Credit card (automatic),92.12,1027.55,2,3,0
CUST-10250,Female,0,Yes,Yes,33,Yes,Yes,No,No internet service,No internet service,No internet service,No internet service,No internet service,No internet service,Month-to-month,Yes,Credit card (automatic),20.86,687.52,2,4,0
CUST-10251,Male,0,No,Yes,8,No,No phone service,DSL,No,No,Yes,No,Yes,No,Month-to-month,No,Electronic check,62.72,517.33,0,3,1
CUST-10252,Female,0,Yes,Yes,21,Yes,Yes,Fiber optic,Yes,No,No,No,Yes,No,One year,Yes,Mailed check,89.25,1859.47,2,4,0
CUST-10253,Male,0,Yes,Yes,13,Yes,Yes,Fiber optic,No,No,No,No,Yes,No,Month-to-month,Yes,Credit card (automatic),87.58,1116.57,2,2,1
CUST-10254,Male,1,Yes,No,3,No,No phone service,DSL,Yes,No,No,No,No,No,Month-to-month,Yes,Electronic check,49.45,137.3,3,3,1
CUST-10255,Male,0,No,No,10,Yes,Yes,DSL,No,No,Yes,No,Yes,No,Month-to-month,No,Electronic check,64.5,620.91,1,1,1
CUST-10256,Male,0,Yes,No,32,Yes,Yes,Fiber optic,Yes,Yes,No,No,No,Yes,One year,Yes,Bank transfer (automatic),102.25,3265.39,0,2,0
CUST-10257,Female,1,No,No,23,No,No phone service,Fiber optic,Yes,Yes,Yes,No,No,Yes,Month-to-month,No,Bank transfer (automatic),106.3,2471.73,1,5,0
CUST-10258,Female,0,No,Yes,3,Yes,Yes,No,No internet service,No internet service,No internet service,No internet service,No internet service,No internet service,Month-to-month,No,Bank transfer (automatic),20.15,65.92,1,5,0
CUST-10259,Male,0,Yes,No,4,Yes,No,Fiber optic,Yes,Yes,Yes,No,No,No,Month-to-month,Yes,Credit card (automatic),101.97,421.18,1,5,1
CUST-10260,Male,0,No,Yes,25,Yes,Yes,Fiber optic,No,No,No,No,No,No,Month-to-month,Yes,Credit card (automatic),78.18,1945.61,3,4,0
CUST-10261,Female,0,Yes,No,41,No,No phone service,No,No internet service,No internet service,No internet service,No internet service,No internet service,No internet service,Two year,Yes,Credit card (automatic),18.25,729.51,3,2,0
CUST-10262,Male,0,Yes,No,10,Yes,No,DSL,Yes,No,No,No,Yes,No,Month-to-month,No,Electronic check,62.01,623.89,1,2,1
CUST-10263,Male,0,No,No,22,Yes,No,DSL,No,Yes,No,No,Yes,No,Month-to-month,No,Electronic check,59.61,1312.46,3,1,1
CUST-10264,Male,0,No,No,4,No,No phone service,DSL,Yes,No,No,No,Yes,No,Two year,No,Credit card (automatic),61.64,268.34,2,1,0
CUST-10265,Female,1,No,No,9,Yes,Yes,DSL,No,Yes,No,Yes,Yes,No,Month-to-month,No,Bank transfer (automatic),69.66,652.22,1,4,1
CUST-10266,Female,0,Yes,No,1,Yes,No,DSL,No,No,Yes,Yes,No,Yes,One year,Yes,Mailed check,65.44,84.51,2,3,0
CUST-10267,Female,0,Yes,No,36,Yes,Yes,No,No internet service,No internet service,No internet service,No internet service,No internet service,No internet service,One year,No,Mailed check,18.25,698.81,2,4,0
CUST-10268,Male,0,Yes,Yes,12,Yes,Yes,Fiber optic,Yes,No,No,No,Yes,No,Month-to-month,Yes,Credit card (automatic),88.61,1064.56,0,3,1
CUST-10269,Male,0,No,No,42,Yes,No,Fiber optic,No,Yes,No,Yes,No,Yes,Month-to-month,Yes,Electronic check,101.59,4279.53,2,1,1
CUST-10270,Female,0,No,No,30,Yes,No,Fiber optic,No,No,No,No,Yes,No,Two year,Yes,Credit card (automatic),83.23,2521.32,0,2,0
CUST-10271,Female,0,No,No,44,Yes,No,DSL,No,Yes,No,No,Yes,No,Month-to-month,Yes,Bank transfer (automatic),64.17,2840.18,1,4,0
CUST-10272,Female,0,Yes,Yes,8,No,No phone service,DSL,No,No,No,Yes,Yes,No,Month-to-month,Yes,Credit card (automatic),65.64,545.14,0,4,1
CUST-10273,Female,0,Yes,No,5,Yes,No,Fiber optic,Yes,Yes,Yes,No,No,Yes,Month-to-month,Yes,Mailed check,105.75,530.18,2,2,1
CUST-10274,Male,0,Yes,No,72,Yes,Yes,Fiber optic,No,Yes,No,No,No,Yes,Month-to-month,Yes,Bank transfer (automatic),91.82,6609.74,3,1,0
CUST-10275,Female,0,Yes,No,31,No,No phone service,Fiber optic,Yes,No,Yes,No,No,No,Month-to-month,Yes,Bank transfer (automatic),92.88,2873.34,4,5,1
CUST-10276,Male,0,Yes,Yes,44,Yes,Yes,Fiber optic,No,No,No,No,Yes,No,Month-to-month,Yes,Mailed check,76.74,3372.65,2,5,0
CUST-10277,Female,0,No,No,1,Yes,Yes,No,No internet service,No internet service,No internet service,No internet service,No internet service,No internet service,Month-to-month,Yes,Mailed check,18.42,19.37,3,4,0
CUST-10278,Male,0,No,No,10,Yes,No,DSL,No,Yes,No,Yes,No,No,Month-to-month,No,Bank transfer (automatic),60.22,588.83,0,1,1
CUST-10279,Female,0,No,No,33,Yes,No,Fiber optic,Yes,Yes,No,No,Yes,Yes,Month-to-month,No,Electronic check,108.63,3562.46,1,3,1
CUST-10280,Female,0,Yes,No,2,Yes,No,Fiber optic,Yes,Yes,No,No,Yes,No,Month-to-month,Yes,Credit card (automatic),93.48,163.94,0,1,1
CUST-10281,Female,1,Yes,No,20,Yes,Yes,Fiber optic,Yes,No,Yes,Yes,Yes,Yes,Month-to-month,Yes,Credit card (automatic),115.11,2327.85,0,4,1
CUST-10282,Female,1,No,Yes,14,Yes,Yes,DSL,Yes,No,No,Yes,Yes,No,Month-to-month,No,Electronic check,66.27,919.29,2,2,1
CUST-10283,Male,0,Yes,Yes,1,Yes,No,DSL,Yes,No,Yes,Yes,Yes,Yes,Month-to-month,Yes,Credit card (automatic),84.48,96.53,1,3,1
CUST-10284,Female,1,No,No,6,Yes,No,No,No internet service,No internet service,No internet service,No internet service,No internet service,No internet service,Month-to-month,Yes,Bank transfer (automatic),19.21,112.31,2,2,1
CUST-10285,Male,0,No,No,8,Yes,Yes,DSL,No,Yes,No,No,Yes,No,Month-to-month,No,Mailed check,59.56,503.01,2,4,0
CUST-10286,Male,1,Yes,Yes,2,Yes,Yes,DSL,No,No,No,No,Yes,Yes,One year,Yes,Mailed check,58.88,92.68,2,3,0
CUST-10287,Male,0,No,No,24,No,No phone service,No,No internet service,No internet service,No internet service,No internet service,No internet service,No internet service,Month-to-month,No,Mailed check,19.23,457.99,0,4,0
CUST-10288,Male,1,Yes,No,6,Yes,Yes,DSL,Yes,Yes,No,No,Yes,Yes,Month-to-month,Yes,Mailed check,79.0,463.68,2,2,1
CUST-10289,Female,1,No,No,8,No,No phone service,Fiber optic,Yes,Yes,Yes,Yes,Yes,No,Two year,No,Mailed check,109.74,877.78,3,3,0
CUST-10290,Male,0,No,Yes,57,Yes,Yes,DSL,No,No,No,Yes,No,Yes,Month-to-month,Yes,Mailed check,56.17,3219.93,2,4,0
CUST-10291,Male,1,Yes,Yes,15,Yes,No,DSL,No,No,No,No,No,Yes,Month-to-month,No,Electronic check,49.28,737.18,1,2,0
CUST-10292,Male,0,Yes,No,12,Yes,No,DSL,No,No,Yes,No,No,Yes,Two year,No,Bank transfer (automatic),58.76,693.08,2,5,0
CUST-10293,Female,0,No,No,32,Yes,No,Fiber optic,No,No,Yes,No,No,No,Month-to-month,Yes,Bank transfer (automatic),82.47,2638.99,1,1,0
CUST-10294,Female,0,No,No,60,Yes,Yes,Fiber optic,No,Yes,Yes,Yes,Yes,No,Two year,No,Credit card (automatic),105.85,6344.68,1,2,0
CUST-10295,Female,0,Yes,No,1,No,No phone service,Fiber optic,No,No,Yes,Yes,No,No,Month-to-month,No,Electronic check,89.98,99.27,1,4,1
CUST-10296,Female,0,No,No,14,Yes,Yes,Fiber optic,No,No,No,No,No,No,Two year,Yes,Electronic check,73.44,977.12,1,5,0
CUST-10297,Male,0,Yes,No,23,Yes,Yes,No,No internet service,No internet service,No internet service,No internet service,No internet service,No internet service,Month-to-month,No,Mailed check,26.22,596.1,0,5,0
CUST-10298,Male,1,Yes,No,9,Yes,No,DSL,Yes,No,Yes,Yes,Yes,Yes,Two year,Yes,Electronic check,84.64,762.89,2,3,0
CUST-10299,Female,0,Yes,No,37,Yes,No,DSL,No,No,No,Yes,Yes,No,One year,Yes,Bank transfer (automatic),58.03,2162.82,1,3,0
CUST-10300,Male,0,Yes,No,72,Yes,Yes,DSL,Yes,No,No,No,Yes,No,Month-to-month,Yes,Electronic check,60.3,4359.59,5,3,0
CUST-10301,Male,1,Yes,Yes,71,Yes,Yes,DSL,Yes,No,No,No,Yes,No,Two year,No,Mailed check,63.56,4499.3,0,4,0
CUST-10302,Male,1,No,No,7,Yes,Yes,No,No internet service,No internet service,No internet service,No internet service,No internet service,No internet service,Month-to-month,No,Bank transfer (automatic),18.68,122.32,4,3,0
CUST-10303,Female,1,Yes,Yes,6,Yes,Yes,Fiber optic,No,Yes,No,No,No,No,One year,No,Mailed check,82.16,459.27,2,1,0
CUST-10304,Female,0,Yes,No,72,No,No phone service,DSL,No,No,No,Yes,No,No,One year,Yes,Electronic check,51.53,3712.42,1,4,0
CUST-10305,Male,1,Yes,No,15,Yes,No,Fiber optic,No,Yes,Yes,No,No,Yes,One year,No,Credit card (automatic),101.26,1568.67,2,4,0
CUST-10306,Female,0,No,Yes,5,Yes,No,No,No internet service,No internet service,No internet service,No internet service,No internet service,No internet service,Month-to-month,Yes,Credit card (automatic),21.59,111.77,1,5,0
CUST-10307,Female,0,No,No,30,Yes,Yes,No,No internet service,No internet service,No internet service,No internet service,No internet service,No internet service,Two year,Yes,Electronic check,18.36,536.98,0,3,0
CUST-10308,Female,0,Yes,No,8,Yes,No,No,No internet service,No internet service,No internet service,No internet service,No internet service,No internet service,One year,Yes,Credit card (automatic),26.76,217.5,0,2,0
CUST-10309,Female,0,Yes,No,7,Yes,No,Fiber optic,Yes,No,No,No,No,Yes,Month-to-month,No,Mailed check,87.35,570.5,1,1,1
CUST-10310,Female,0,Yes,Yes,52,Yes,Yes,Fiber optic,No,No,No,Yes,Yes,No,Month-to-month,No,Mailed check,90.27,4709.1,1,3,0
CUST-10311,Male,0,Yes,No,4,Yes,Yes,Fiber optic,No,No,No,No,No,No,One year,Yes,Electronic check,78.94,342.03,3,2,1
CUST-10312,Female,0,Yes,Yes,1,Yes,No,DSL,No,No,Yes,No,Yes,No,Two year,No,Bank transfer (automatic),59.98,55.74,0,3,0
CUST-10313,Male,0,Yes,Yes,7,Yes,No,DSL,No,No,No,Yes,Yes,No,One year,Yes,Electronic check,59.35,398.82,1,1,0
CUST-10314,Male,0,Yes,Yes,23,Yes,Yes,Fiber optic,Yes,Yes,No,No,Yes,Yes,Month-to-month,Yes,Bank transfer (automatic),106.64,2444.02,1,2,1
CUST-10315,Female,0,No,Yes,3,Yes,No,DSL,Yes,No,Yes,No,No,Yes,Month-to-month,Yes,Credit card (automatic),68.33,197.5,0,3,1
CUST-10316,Male,0,Yes,No,15,Yes,Yes,Fiber optic,Yes,No,Yes,No,No,Yes,One year,Yes,Bank transfer (automatic),95.36,1440.63,2,2,0
CUST-10317,Male,0,No,No,24,Yes,No,No,No internet service,No internet service,No internet service,No internet service,No internet service,No internet service,Month-to-month,Yes,Credit card (automatic),22.46,544.37,2,2,0
CUST-10318,Male,0,No,No,47,Yes,No,Fiber optic,Yes,No,Yes,Yes,Yes,No,Month-to-month,No,Mailed check,102.87,4833.03,0,1,1
CUST-10319,Female,0,No,No,6,No,No phone service,Fiber optic,No,Yes,No,Yes,No,Yes,One year,Yes,Electronic check,93.68,562.1,1,1,1
CUST-10320,Female,1,Yes,Yes,42,Yes,No,DSL,Yes,No,Yes,Yes,No,No,Month-to-month,Yes,Electronic check,68.47,2862.73,2,1,1
CUST-10321,Male,0,Yes,No,6,Yes,No,DSL,No,No,No,Yes,Yes,Yes,Month-to-month,No,Electronic check,65.28,403.92,0,4,0
CUST-10322,Female,0,Yes,Yes,28,Yes,Yes,Fiber optic,Yes,No,Yes,No,Yes,Yes,Month-to-month,Yes,Mailed check,105.51,2954.56,2,1,1
CUST-10323,Female,0,No,No,14,Yes,No,No,No internet service,No internet service,No internet service,No internet service,No internet service,No internet service,Month-to-month,Yes,Bank transfer (automatic),21.57,270.72,1,4,0
CUST-10324,Female,0,Yes,No,3,Yes,No,DSL,No,Yes,Yes,No,No,No,One year,Yes,Mailed check,60.98,197.58,1,4,0
CUST-10325,Female,1,No,Yes,31,No,No phone service,No,No internet service,No internet service,No internet service,No internet service,No internet service,No internet service,Two year,Yes,Bank transfer (automatic),29.81,918.18,1,4,0
CUST-10326,Male,0,No,No,6,Yes,No,No,No internet service,No internet service,No internet service,No internet service,No internet service,No internet service,One year,Yes,Electronic check,24.84,140.86,2,3,0
CUST-10327,Male,0,Yes,Yes,4,Yes,No,DSL,No,No,Yes,Yes,No,Yes,Month-to-month,Yes,Electronic check,69.63,314.88,4,1,1
CUST-10328,Female,0,No,No,11,Yes,No,No,No internet service,No internet service,No internet service,No internet service,No internet service,No internet service,Two year,Yes,Mailed check,21.96,249.91,2,1,0
CUST-10329,Female,0,Yes,Yes,26,Yes,Yes,No,No internet service,No internet service,No internet service,No internet service,No internet service,No internet service,One year,Yes,Mailed check,22.91,609.03,2,4,0
CUST-10330,Male,0,Yes,No,6,Yes,Yes,No,No internet service,No internet service,No internet service,No internet service,No internet service,No internet service,Two year,No,Credit card (automatic),20.48,111.08,2,5,0
CUST-10331,Male,0,Yes,Yes,5,Yes,No,No,No internet service,No internet service,No internet service,No internet service,No internet service,No internet service,Two year,Yes,Mailed check,20.22,89.33,0,2,0
CUST-10332,Female,0,Yes,No,1,Yes,No,No,No internet service,No internet service,No internet service,No internet service,No internet service,No internet service,Month-to-month,Yes,Bank transfer (automatic),20.34,48.87,1,4,0
CUST-10333,Male,0,No,No,15,Yes,No,DSL,Yes,Yes,Yes,No,Yes,Yes,Two year,No,Credit card (automatic),81.58,1273.14,4,4,0
CUST-10334,Female,0,Yes,No,13,Yes,No,Fiber optic,No,No,No,No,Yes,No,Month-to-month,No,Electronic check,89.08,1176.94,1,4,1
CUST-10335,Female,1,Yes,No,6,Yes,No,No,No internet service,No internet service,No internet service,No internet service,No internet service,No internet service,Month-to-month,Yes,Credit card (automatic),18.25,58.75,0,4,0
CUST-10336,Male,1,No,No,1,Yes,No,DSL,Yes,Yes,No,Yes,Yes,Yes,Month-to-month,No,Electronic check,85.91,70.96,0,1,1
CUST-10337,Male,0,No,No,14,Yes,Yes,Fiber optic,Yes,Yes,Yes,Yes,Yes,Yes,Month-to-month,No,Credit card (automatic),118.75,1661.26,3,3,1
CUST-10338,Female,0,Yes,Yes,38,Yes,No,Fiber optic,No,No,No,No,No,No,One year,Yes,Electronic check,77.61,2946.09,0,3,0
CUST-10339,Female,0,No,Yes,31,Yes,Yes,DSL,Yes,No,No,Yes,No,No,Two year,No,Bank transfer (automatic),60.71,1878.87,0,4,0
CUST-10340,Male,0,No,No,49,No,No phone service,DSL,Yes,No,Yes,Yes,Yes,No,Month-to-month,Yes,Credit card (automatic),72.86,3541.66,1,3,0
CUST-10341,Female,0,Yes,No,1,Yes,Yes,Fiber optic,No,No,No,Yes,Yes,No,One year,Yes,Electronic check,91.91,130.36,1,3,1
CUST-10342,Male,1,Yes,No,72,Yes,Yes,Fiber optic,No,No,Yes,No,Yes,Yes,Two year,No,Electronic check,99.4,7168.03,0,3,0
CUST-10343,Female,1,Yes,Yes,10,Yes,Yes,DSL,No,No,Yes,No,Yes,Yes,Month-to-month,No,Electronic check,75.14,736.13,0,3,1
CUST-10344,Male,0,No,No,72,Yes,Yes,Fiber optic,No,Yes,No,No,Yes,Yes,Month-to-month,Yes,Electronic check,100.03,7190.56,1,3,0
CUST-10345,Male,0,No,Yes,7,Yes,Yes,DSL,Yes,Yes,No,Yes,Yes,No,Two year,Yes,Mailed check,76.45,547.28,0,2,0
CUST-10346,Male,0,No,No,15,Yes,Yes,DSL,No,No,No,No,No,Yes,One year,Yes,Credit card (automatic),53.14,792.02,1,2,0
CUST-10347,Female,0,No,No,10,Yes,Yes,DSL,No,Yes,No,No,No,No,One year,Yes,Electronic check,51.9,521.59,2,3,0
CUST-10348,Female,0,Yes,Yes,10,Yes,No,Fiber optic,No,No,No,No,Yes,No,One year,Yes,Electronic check,83.87,847.21,0,3,0
CUST-10349,Male,0,Yes,No,46,Yes,No,Fiber optic,No,No,No,Yes,No,Yes,Month-to-month,No,Electronic check,92.44,4242.0,1,3,1
CUST-10350,Female,0,Yes,Yes,34,Yes,No,DSL,No,No,Yes,No,No,No,Month-to-month,Yes,Electronic check,50.81,1762.13,2,4,0
CUST-10351,Male,0,No,No,72,Yes,No,DSL,No,Yes,Yes,No,Yes,No,Month-to-month,Yes,Credit card (automatic),66.67,4753.24,1,3,0
CUST-10352,Male,0,No,No,23,Yes,Yes,Fiber optic,No,No,No,No,Yes,Yes,Month-to-month,Yes,Electronic check,87.94,2007.1,1,2,1
CUST-10353,Female,1,Yes,No,15,Yes,No,Fiber optic,Yes,Yes,No,No,Yes,Yes,Two year,Yes,Mailed check,107.03,1621.75,0,3,0
CUST-10354,Female,0,No,No,2,Yes,Yes,No,No internet service,No internet service,No internet service,No internet service,No internet service,No internet service,One year,Yes,Electronic check,23.94,34.17,0,3,0
CUST-10355,Male,0,Yes,Yes,72,Yes,Yes,No,No internet service,No internet service,No internet service,No internet service,No internet service,No internet service,Month-to-month,Yes,Electronic check,18.25,1310.78,1,1,0
CUST-10356,Female,0,Yes,No,20,Yes,No,DSL,No,No,Yes,Yes,No,Yes,Month-to-month,No,Electronic check,67.1,1366.91,1,2,1
CUST-10357,Female,0,Yes,No,30,Yes,No,Fiber optic,No,No,No,No,No,Yes,One year,Yes,Electronic check,88.45,2663.04,0,3,0
CUST-10358,Male,0,Yes,No,13,Yes,No,Fiber optic,Yes,No,No,No,No,No,Month-to-month,Yes,Electronic check,85.31,1111.45,0,2,1
CUST-10359,Male,0,Yes,Yes,19,Yes,No,Fiber optic,Yes,Yes,Yes,No,Yes,Yes,Month-to-month,Yes,Credit card (automatic),114.24,2193.97,2,4,0
CUST-10360,Female,1,Yes,No,71,Yes,Yes,Fiber optic,No,No,Yes,No,No,No,Month-to-month,Yes,Mailed check,79.49,5632.36,2,4,0
CUST-10361,Male,0,Yes,No,4,Yes,No,DSL,No,Yes,Yes,No,No,Yes,Month-to-month,Yes,Mailed check,70.7,291.48,4,2,1
CUST-10362,Male,1,Yes,No,8,Yes,No,DSL,Yes,No,No,Yes,No,No,Two year,No,Mailed check,60.37,493.23,2,1,0
CUST-10363,Female,0,No,No,4,Yes,No,Fiber optic,No,No,No,Yes,Yes,No,Two year,No,Electronic check,92.85,348.11,1,4,0
CUST-10364,Male,0,Yes,No,39,Yes,No,No,No internet service,No internet service,No internet service,No internet service,No internet service,No internet service,Month-to-month,Yes,Electronic check,27.31,1048.04,2,3,0
CUST-10365,Male,0,No,No,1,Yes,Yes,DSL,No,No,Yes,Yes,No,Yes,Month-to-month,No,Electronic check,64.13,29.9,2,1,1
CUST-10366,Female,0,Yes,No,2,Yes,Yes,DSL,No,No,No,No,Yes,No,One year,No,Electronic check,57.4,120.22,0,3,0
CUST-10367,Female,0,Yes,Yes,8,Yes,Yes,No,No internet service,No internet service,No internet service,No internet service,No internet service,No internet service,Month-to-month,Yes,Credit card (automatic),19.68,182.29,1,1,0
CUST-10368,Male,0,Yes,No,18,Yes,Yes,DSL,No,No,Yes,No,No,No,Month-to-month,Yes,Electronic check,56.79,1006.26,5,4,0
CUST-10369,Male,0,Yes,No,13,Yes,Yes,No,No internet service,No internet service,No internet service,No internet service,No internet service,No internet service,Month-to-month,Yes,Mailed check,18.77,196.92,0,3,0
CUST-10370,Female,1,No,No,1,Yes,No,Fiber optic,No,No,No,No,Yes,Yes,Month-to-month,Yes,Bank transfer (automatic),87.6,86.61,3,5,1
CUST-10371,Female,1,Yes,No,72,Yes,No,Fiber optic,Yes,No,No,No,No,No,Month-to-month,Yes,Mailed check,85.3,6165.59,0,3,0
CUST-10372,Female,1,No,No,72,Yes,No,DSL,No,Yes,No,No,Yes,Yes,One year,No,Bank transfer (automatic),63.05,4532.55,1,5,0
CUST-10373,Female,0,No,Yes,8,Yes,No,DSL,No,No,No,No,Yes,Yes,Month-to-month,Yes,Electronic check,58.23,476.31,0,4,0
CUST-10374,Male,0,No,No,32,Yes,Yes,Fiber optic,No,Yes,No,Yes,Yes,No,Month-to-month,Yes,Mailed check,95.74,3019.39,3,4,1
CUST-10375,Female,0,No,No,21,Yes,Yes,DSL,No,Yes,Yes,Yes,Yes,No,One year,Yes,Bank transfer (automatic),73.5,1554.92,2,3,0
CUST-10376,Female,0,No,No,6,Yes,No,Fiber optic,No,No,No,Yes,No,No,One year,Yes,Mailed check,84.89,539.93,1,3,0
CUST-10377,Male,0,Yes,No,7,Yes,Yes,DSL,No,No,No,No,No,No,Month-to-month,No,Credit card (automatic),47.1,366.69,3,3,1
CUST-10378,Female,0,No,No,16,Yes,No,DSL,No,Yes,No,Yes,Yes,No,One year,No,Bank transfer (automatic),67.69,1102.93,2,1,0
CUST-10379,Male,0,Yes,Yes,13,No,No phone service,DSL,No,No,No,Yes,No,No,One year,No,Bank transfer (automatic),50.69,710.03,0,3,0
CUST-10380,Female,0,Yes,No,8,Yes,No,DSL,No,Yes,No,No,Yes,No,Month-to-month,No,Mailed check,60.0,497.39,2,4,0
CUST-10381,Female,1,Yes,No,41,Yes,Yes,No,No internet service,No internet service,No internet service,No internet service,No internet service,No internet service,Two year,Yes,Credit card (automatic),18.25,746.32,2,4,0
CUST-10382,Female,0,No,No,16,Yes,No,Fiber optic,Yes,No,No,No,No,Yes,Month-to-month,No,Mailed check,86.61,1376.41,1,3,1
CUST-10383,Male,0,No,No,26,Yes,Yes,No,No internet service,No internet service,No internet service,No internet service,No internet service,No internet service,Month-to-month,Yes,Credit card (automatic),18.27,442.18,0,3,0
CUST-10384,Male,0,Yes,Yes,5,No,No phone service,Fiber optic,No,Yes,No,No,Yes,No,Month-to-month,Yes,Electronic check,86.05,417.49,1,4,1
CUST-10385,Female,1,No,Yes,19,Yes,No,DSL,No,No,Yes,No,No,Yes,Month-to-month,Yes,Credit card (automatic),60.81,1133.42,2,3,0
CUST-10386,Male,0,Yes,No,9,Yes,Yes,DSL,No,No,Yes,Yes,Yes,Yes,Month-to-month,Yes,Bank transfer (automatic),77.17,710.39,2,4,1
CUST-10387,Male,0,Yes,No,18,Yes,Yes,No,No internet service,No internet service,No internet service,No internet service,No internet service,No internet service,One year,Yes,Credit card (automatic),20.42,344.11,2,2,0
CUST-10388,Male,0,Yes,No,37,Yes,No,No,No internet service,No internet service,No internet service,No internet service,No internet service,No internet service,Month-to-month,No,Electronic check,18.25,654.65,3,1,0
CUST-10389,Male,0,Yes,No,36,Yes,No,No,No internet service,No internet service,No internet service,No internet service,No internet service,No internet service,Two year,No,Electronic check,19.01,703.52,2,1,0
CUST-10390,Male,0,Yes,No,10,Yes,No,Fiber optic,Yes,No,Yes,No,Yes,No,One year,Yes,Credit card (automatic),100.65,995.77,2,4,0
CUST-10391,Male,0,No,No,29,Yes,No,No,No internet service,No internet service,No internet service,No internet service,No internet service,No internet service,Two year,Yes,Electronic check,23.9,710.1,3,3,0
CUST-10392,Female,0,No,Yes,70,Yes,No,Fiber optic,No,No,No,No,Yes,Yes,Month-to-month,Yes,Bank transfer (automatic),86.76,6108.37,3,1,0
CUST-10393,Female,0,Yes,No,24,Yes,No,Fiber optic,Yes,Yes,Yes,No,Yes,No,Month-to-month,Yes,Credit card (automatic),106.71,2542.5,1,4,1
CUST-10394,Male,0,No,No,4,Yes,No,Fiber optic,No,No,Yes,No,No,No,Month-to-month,No,Electronic check,80.41,327.92,2,3,1
CUST-10395,Female,1,No,Yes,28,Yes,No,DSL,No,No,Yes,Yes,Yes,No,Two year,Yes,Mailed check,71.43,2058.41,2,3,0
CUST-10396,Female,0,No,No,2,Yes,No,DSL,Yes,Yes,No,Yes,No,No,Month-to-month,No,Electronic check,71.6,156.41,1,4,1
CUST-10397,Female,0,No,No,51,Yes,No,Fiber optic,Yes,Yes,No,No,No,Yes,Two year,Yes,Electronic check,90.41,4629.63,5,3,0
CUST-10398,Female,0,Yes,No,18,Yes,No,Fiber optic,No,Yes,No,No,Yes,No,Month-to-month,Yes,Bank transfer (automatic),87.56,1573.67,0,2,1
CUST-10399,Male,0,No,Yes,12,Yes,Yes,DSL,No,Yes,No,No,Yes,No,Two year,No,Electronic check,61.63,743.26,2,3,0
CUST-10400,Female,0,No,No,1,Yes,Yes,No,No internet service,No internet service,No internet service,No internet service,No internet service,No internet service,Month-to-month,Yes,Mailed check,18.25,33.93,3,4,0
CUST-10401,Female,0,Yes,Yes,11,Yes,No,DSL,No,No,No,No,No,No,Month-to-month,Yes,Credit card (automatic),49.79,524.22,2,3,0
CUST-10402,Male,0,Yes,Yes,58,No,No phone service,DSL,No,Yes,Yes,No,Yes,Yes,Two year,No,Electronic check,76.56,4413.66,2,2,0
CUST-10403,Male,0,No,No,1,No,No phone service,DSL,No,Yes,No,No,Yes,Yes,Two year,Yes,Credit card (automatic),63.19,71.25,0,1,0
CUST-10404,Female,0,Yes,No,16,Yes,No,No,No internet service,No internet service,No internet service,No internet service,No internet service,No internet service,Two year,Yes,Mailed check,23.33,368.59,1,3,0
CUST-10405,Female,0,No,No,66,Yes,No,No,No internet service,No internet service,No internet service,No internet service,No internet service,No internet service,One year,No,Electronic check,23.36,1515.33,1,4,0
CUST-10406,Female,1,Yes,No,12,Yes,Yes,DSL,Yes,Yes,No,No,No,Yes,Two year,Yes,Electronic check,69.57,803.89,2,5,0
CUST-10407,Female,0,No,No,13,No,No phone service,Fiber optic,No,No,Yes,Yes,Yes,No,One year,No,Electronic check,99.14,1309.52,0,3,0
CUST-10408,Female,0,Yes,No,21,Yes,Yes,No,No internet service,No internet service,No internet service,No internet service,No internet service,No internet service,Two year,Yes,Bank transfer (automatic),22.87,479.55,2,3,0
CUST-10409,Female,0,No,No,15,Yes,Yes,No,No internet service,No internet service,No internet service,No internet service,No internet service,No internet service,One year,No,Mailed check,18.25,265.25,1,5,0
CUST-10410,Male,0,No,No,4,Yes,Yes,Fiber optic,No,Yes,No,No,No,Yes,Two year,Yes,Bank transfer (automatic),90.81,362.82,1,2,0
CUST-10411,Female,0,Yes,No,1,Yes,No,DSL,Yes,Yes,No,No,No,Yes,One year,Yes,Electronic check,65.31,66.05,0,4,0
CUST-10412,Female,0,No,No,23,Yes,No,No,No internet service,No internet service,No internet service,No internet service,No internet service,No internet service,One year,No,Bank transfer (automatic),23.58,538.1,3,2,0
CUST-10413,Male,1,Yes,Yes,63,Yes,Yes,DSL,No,No,Yes,Yes,No,Yes,Month-to-month,Yes,Electronic check,67.61,4226.49,2,4,0
CUST-10414,Male,0,Yes,No,2,Yes,No,Fiber optic,Yes,Yes,No,No,Yes,No,One year,No,Bank transfer (automatic),90.89,189.52,0,4,0
CUST-10415,Male,0,Yes,No,5,Yes,Yes,DSL,No,Yes,No,No,No,Yes,Month-to-month,Yes,Electronic check,55.59,258.22,0,2,1
CUST-10416,Male,0,No,No,11,No,No phone service,Fiber optic,No,Yes,No,No,No,No,One year,Yes,Mailed check,82.45,898.88,1,4,0
CUST-10417,Female,1,Yes,No,41,No,No phone service,Fiber optic,Yes,Yes,No,No,Yes,No,Month-to-month,Yes,Bank transfer (automatic),95.87,3939.64,4,4,0
CUST-10418,Female,0,Yes,Yes,7,Yes,No,No,No internet service,No internet service,No internet service,No internet service,No internet service,No internet service,Two year,No,Credit card (automatic),18.49,144.97,2,2,0
CUST-10419,Female,0,Yes,No,53,Yes,No,DSL,No,No,Yes,No,No,No,One year,No,Credit card (automatic),50.24,2669.08,5,3,0
CUST-10420,Female,0,No,No,1,Yes,Yes,No,No internet service,No internet service,No internet service,No internet service,No internet service,No internet service,One year,Yes,Mailed check,18.25,20.62,0,3,0
CUST-10421,Female,0,No,Yes,70,Yes,No,No,No internet service,No internet service,No internet service,No internet service,No internet service,No internet service,Month-to-month,No,Credit card (automatic),21.12,1496.44,0,5,0
CUST-10422,Female,0,Yes,No,20,Yes,No,DSL,No,No,No,Yes,Yes,Yes,Two year,Yes,Mailed check,69.75,1403.62,1,5,0
CUST-10423,Male,0,Yes,No,26,Yes,Yes,No,No internet service,No internet service,No internet service,No internet service,No internet service,No internet service,Month-to-month,No,Mailed check,20.79,521.71,2,1,0
CUST-10424,Female,0,No,No,11,Yes,No,Fiber optic,No,Yes,Yes,No,Yes,Yes,Two year,Yes,Bank transfer (automatic),106.99,1194.71,2,3,0
CUST-10425,Male,1,Yes,No,38,Yes,Yes,DSL,No,No,No,No,Yes,No,One year,Yes,Credit card (automatic),52.69,2018.68,1,3,0
CUST-10426,Male,0,No,No,4,Yes,No,DSL,No,Yes,No,Yes,Yes,No,Month-to-month,Yes,Bank transfer (automatic),62.86,254.79,2,4,1
CUST-10427,Female,1,No,No,1,Yes,No,DSL,Yes,Yes,No,Yes,No,No,Two year,Yes,Credit card (automatic),71.99,84.62,1,4,0
CUST-10428,Male,0,No,No,12,Yes,No,Fiber optic,No,No,No,Yes,Yes,Yes,Month-to-month,No,Electronic check,101.8,1226.52,1,2,1
CUST-10429,Female,0,Yes,No,48,Yes,Yes,Fiber optic,No,No,No,No,No,Yes,Month-to-month,No,Credit card (automatic),84.37,3984.36,2,3,0
CUST-10430,Male,0,No,No,35,Yes,Yes,Fiber optic,No,No,No,Yes,No,No,Month-to-month,No,Electronic check,78.8,2750.01,2,3,1
CUST-10431,Female,0,No,No,18,Yes,Yes,DSL,Yes,No,Yes,Yes,Yes,Yes,Two year,Yes,Mailed check,78.08,1402.22,1,3,0
CUST-10432,Male,0,No,No,21,Yes,Yes,No,No internet service,No internet service,No internet service,No internet service,No internet service,No internet service,One year,No,Credit card (automatic),18.25,379.5,1,4,0
CUST-10433,Female,0,Yes,No,3,No,No phone service,No,No internet service,No internet service,No internet service,No internet service,No internet service,No internet service,Two year,Yes,Credit card (automatic),26.45,69.49,1,3,0
CUST-10434,Female,0,Yes,No,45,Yes,Yes,Fiber optic,No,No,No,No,Yes,No,Month-to-month,No,Electronic check,83.62,3762.3,3,2,1
CUST-10435,Female,0,Yes,No,38,Yes,No,Fiber optic,No,No,No,No,No,No,Month-to-month,Yes,Credit card (automatic),75.06,2867.63,5,3,0
CUST-10436,Female,0,No,No,26,Yes,No,Fiber optic,No,No,Yes,No,No,Yes,One year,Yes,Electronic check,90.38,2354.81,2,3,0
CUST-10437,Female,0,No,Yes,15,Yes,No,Fiber optic,Yes,No,No,Yes,No,No,Month-to-month,No,Electronic check,88.84,1329.07,2,2,1
CUST-10438,Male,1,Yes,Yes,72,Yes,Yes,No,No internet service,No internet service,No internet service,No internet service,No internet service,No internet service,One year,Yes,Credit card (automatic),19.82,1388.45,1,1,0
CUST-10439,Male,0,Yes,Yes,52,Yes,Yes,No,No internet service,No internet service,No internet service,No internet service,No internet service,No internet service,Month-to-month,No,Credit card (automatic),20.29,1076.33,3,5,0
CUST-10440,Male,0,Yes,Yes,25,Yes,Yes,Fiber optic,No,Yes,No,Yes,No,Yes,Month-to-month,Yes,Bank transfer (automatic),95.77,2384.8,1,4,0
CUST-10441,Female,0,No,No,11,Yes,Yes,Fiber optic,No,Yes,No,No,No,Yes,Month-to-month,No,Credit card (automatic),86.37,984.69,1,2,1
CUST-10442,Male,0,No,Yes,24,Yes,Yes,Fiber optic,Yes,No,Yes,Yes,No,No,Month-to-month,Yes,Electronic check,97.83,2330.43,0,3,0
CUST-10443,Female,0,Yes,No,21,Yes,Yes,Fiber optic,Yes,No,No,Yes,No,Yes,Month-to-month,Yes,Electronic check,95.2,2013.48,1,4,1
CUST-10444,Female,0,Yes,Yes,12,Yes,No,No,No internet service,No internet service,No internet service,No internet service,No internet service,No internet service,Two year,Yes,Credit card (automatic),23.24,276.25,0,3,0
CUST-10445,Male,0,Yes,No,9,Yes,No,DSL,Yes,Yes,Yes,No,Yes,No,Two year,No,Bank transfer (automatic),76.47,664.68,0,1,0
CUST-10446,Male,0,No,No,13,Yes,No,No,No internet service,No internet service,No internet service,No internet service,No internet service,No internet service,Two year,Yes,Credit card (automatic),19.68,274.66,1,3,0
CUST-10447,Female,0,No,Yes,21,Yes,No,DSL,No,No,No,No,Yes,No,Month-to-month,Yes,Credit card (automatic),50.35,1025.06,1,2,1
CUST-10448,Male,0,No,No,13,Yes,Yes,Fiber optic,No,Yes,No,No,Yes,No,Month-to-month,No,Bank transfer (automatic),92.04,1199.91,3,3,1
CUST-10449,Female,1,Yes,Yes,7,Yes,No,Fiber optic,Yes,Yes,No,No,Yes,No,One year,Yes,Bank transfer (automatic),99.67,700.13,2,4,0
CUST-10450,Female,0,No,No,35,Yes,Yes,Fiber optic,No,No,Yes,No,No,No,One year,No,Mailed check,81.13,2824.94,0,3,0
CUST-10451,Female,0,Yes,No,18,Yes,Yes,No,No internet service,No internet service,No internet service,No internet service,No internet service,No internet service,Two year,Yes,Electronic check,21.07,403.31,3,4,0
CUST-10452,Female,0,No,No,1,Yes,Yes,No,No internet service,No internet service,No internet service,No internet service,No internet service,No internet service,Two year,Yes,Bank transfer (automatic),18.25,22.85,0,2,0
CUST-10453,Female,0,Yes,Yes,11,Yes,Yes,DSL,No,No,Yes,No,Yes,Yes,Month-to-month,Yes,Credit card (automatic),67.99,782.9,2,3,1
CUST-10454,Male,1,No,No,54,Yes,No,Fiber optic,Yes,No,Yes,Yes,Yes,Yes,Two year,No,Mailed check,110.05,5948.23,5,3,0
CUST-10455,Male,0,No,No,35,Yes,No,DSL,No,No,Yes,Yes,No,No,Month-to-month,Yes,Electronic check,58.53,2059.4,2,5,0
CUST-10456,Female,0,No,No,9,Yes,No,Fiber optic,No,Yes,No,No,No,Yes,Two year,No,Electronic check,92.59,790.62,1,1,0
CUST-10457,Female,1,No,No,69,Yes,Yes,Fiber optic,Yes,No,Yes,Yes,No,No,One year,No,Electronic check,101.04,6985.63,1,3,0
CUST-10458,Male,0,Yes,No,1,Yes,No,DSL,No,No,No,No,No,No,One year,No,Bank transfer (automatic),40.83,49.87,0,4,0
CUST-10459,Male,0,Yes,No,72,Yes,No,DSL,No,Yes,No,Yes,No,Yes,One year,No,Bank transfer (automatic),67.04,4816.8,1,3,0
CUST-10460,Female,0,No,Yes,7,Yes,No,No,No internet service,No internet service,No internet service,No internet service,No internet service,No internet service,Two year,No,Mailed check,22.03,139.6,3,2,0
CUST-10461,Male,0,Yes,Yes,1,No,No phone service,DSL,No,Yes,No,Yes,Yes,No,One year,Yes,Mailed check,64.37,59.97,2,4,0
CUST-10462,Female,0,Yes,No,14,Yes,No,Fiber optic,Yes,Yes,No,No,Yes,Yes,Two year,Yes,Electronic check,103.81,1470.61,2,3,0
CUST-10463,Male,1,Yes,Yes,11,Yes,No,Fiber optic,No,Yes,No,No,Yes,No,Month-to-month,Yes,Credit card (automatic),91.64,984.83,1,3,1
CUST-10464,Female,1,No,Yes,19,Yes,No,Fiber optic,No,No,No,No,No,No,Two year,No,Electronic check,73.38,1368.35,1,3,0
CUST-10465,Male,0,Yes,Yes,39,Yes,No,Fiber optic,Yes,Yes,No,No,Yes,No,Two year,No,Bank transfer (automatic),93.51,3663.0,1,2,0
CUST-10466,Female,0,Yes,No,46,Yes,Yes,Fiber optic,No,Yes,Yes,Yes,No,No,One year,No,Mailed check,96.5,4430.88,2,3,0
CUST-10467,Male,0,Yes,No,12,Yes,Yes,DSL,Yes,No,No,No,Yes,No,Two year,Yes,Electronic check,59.37,709.58,0,3,0
CUST-10468,Male,1,Yes,No,14,Yes,No,Fiber optic,Yes,Yes,Yes,Yes,No,No,Month-to-month,Yes,Electronic check,109.67,1532.9,1,3,1
CUST-10469,Female,0,No,Yes,4,Yes,No,No,No internet service,No internet service,No internet service,No internet service,No internet service,No internet service,Two year,No,Credit card (automatic),27.06,114.74,3,1,0
CUST-10470,Male,0,No,No,1,Yes,Yes,DSL,No,Yes,No,No,Yes,Yes,Month-to-month,Yes,Electronic check,68.51,93.56,2,4,1
CUST-10471,Female,0,No,No,25,Yes,No,Fiber optic,No,Yes,No,No,Yes,No,Month-to-month,No,Electronic check,90.28,2235.74,2,3,1
CUST-10472,Male,0,Yes,No,1,Yes,Yes,Fiber optic,Yes,Yes,Yes,No,Yes,No,One year,Yes,Electronic check,101.67,110.26,0,3,1
CUST-10473,Female,0,No,No,33,Yes,Yes,DSL,Yes,Yes,Yes,No,No,No,One year,Yes,Credit card (automatic),63.31,2088.75,1,1,0
CUST-10474,Male,0,No,No,19,Yes,Yes,DSL,Yes,Yes,No,Yes,Yes,Yes,One year,No,Electronic check,85.99,1639.97,1,2,0
CUST-10475,Female,0,Yes,No,5,No,No phone service,Fiber optic,No,No,Yes,No,No,Yes,Month-to-month,Yes,Mailed check,85.58,472.63,2,3,1
CUST-10476,Male,0,No,Yes,19,Yes,No,No,No internet service,No internet service,No internet service,No internet service,No internet service,No internet service,Two year,No,Electronic check,21.98,392.98,3,4,0
CUST-10477,Female,0,No,Yes,5,Yes,Yes,Fiber optic,Yes,No,No,Yes,No,Yes,Month-to-month,Yes,Credit card (automatic),104.66,535.45,1,2,1
CUST-10478,Male,0,No,Yes,14,Yes,No,No,No internet service,No internet service,No internet service,No internet service,No internet service,No internet service,One year,Yes,Credit card (automatic),18.25,277.5,0,4,0
CUST-10479,Female,1,No,No,40,Yes,Yes,Fiber optic,No,Yes,Yes,No,Yes,Yes,Two year,No,Mailed check,99.25,3949.98,3,2,0
CUST-10480,Female,0,Yes,Yes,15,Yes,No,DSL,No,No,No,Yes,No,Yes,Two year,No,Credit card (automatic),61.44,916.7,4,4,0
CUST-10481,Female,0,Yes,No,4,Yes,No,DSL,Yes,Yes,Yes,No,Yes,No,One year,No,Electronic check,78.86,305.1,1,5,0
CUST-10482,Male,0,No,Yes,32,No,No phone service,DSL,No,No,No,No,Yes,No,One year,No,Mailed check,49.53,1613.11,1,4,0
CUST-10483,Female,0,Yes,No,5,Yes,Yes,Fiber optic,No,Yes,Yes,No,Yes,No,Month-to-month,No,Bank transfer (automatic),100.38,501.98,1,1,1
CUST-10484,Male,0,Yes,No,33,Yes,No,Fiber optic,No,Yes,No,No,Yes,No,Month-to-month,No,Electronic check,93.74,3061.35,1,3,1
CUST-10485,Female,1,No,No,16,Yes,No,DSL,No,Yes,Yes,No,No,Yes,Month-to-month,Yes,Electronic check,68.65,1143.9,2,3,1
CUST-10486,Male,0,No,No,15,Yes,Yes,No,No internet service,No internet service,No internet service,No internet service,No internet service,No internet service,One year,Yes,Credit card (automatic),18.81,315.47,0,4,0
CUST-10487,Female,0,Yes,Yes,47,Yes,No,DSL,Yes,No,Yes,No,No,No,One year,Yes,Electronic check,62.42,2952.4,1,2,0
CUST-10488,Male,0,No,No,30,Yes,Yes,Fiber optic,Yes,No,Yes,Yes,No,Yes,Month-to-month,No,Electronic check,103.43,3098.66,3,3,1
CUST-10489,Male,1,No,Yes,1,Yes,Yes,Fiber optic,No,No,Yes,No,Yes,Yes,One year,Yes,Bank transfer (automatic),97.36,75.38,1,3,0
CUST-10490,Female,0,No,No,8,Yes,No,DSL,No,No,No,No,Yes,Yes,Month-to-month,Yes,Electronic check,58.91,466.23,3,4,0
CUST-10491,Male,0,Yes,No,51,Yes,No,Fiber optic,No,Yes,No,Yes,No,Yes,Month-to-month,Yes,Mailed check,98.34,5033.91,2,5,0
CUST-10492,Male,0,Yes,Yes,1,Yes,Yes,Fiber optic,No,Yes,No,Yes,Yes,Yes,Two year,Yes,Electronic check,105.53,101.7,1,4,0
CUST-10493,Female,0,Yes,Yes,19,Yes,Yes,DSL,No,No,No,No,No,No,Two year,No,Electronic check,44.92,842.31,3,2,0
CUST-10494,Male,0,Yes,No,32,Yes,No,DSL,Yes,No,No,No,No,Yes,Month-to-month,No,Mailed check,59.27,1867.09,1,3,0
CUST-10495,Male,1,Yes,No,24,Yes,No,Fiber optic,No,No,No,No,Yes,Yes,Two year,No,Electronic check,91.78,2184.3,0,3,0
CUST-10496,Male,0,Yes,No,35,Yes,Yes,Fiber optic,No,Yes,No,No,Yes,Yes,Month-to-month,No,Mailed check,95.31,3308.21,5,1,1
CUST-10497,Female,0,Yes,No,32,Yes,No,DSL,No,Yes,Yes,No,No,No,Month-to-month,Yes,Credit card (automatic),57.57,1844.64,0,5,0
CUST-10498,Male,0,No,No,29,Yes,Yes,Fiber optic,No,No,No,No,No,Yes,Month-to-month,No,Mailed check,85.91,2507.6,1,3,0
CUST-10499,Female,1,Yes,Yes,43,Yes,Yes,No,No internet service,No internet service,No internet service,No internet service,No internet service,No internet service,Month-to-month,Yes,Bank transfer (automatic),22.79,954.46,0,5,0
CUST-10500,Male,0,No,No,25,Yes,No,Fiber optic,No,No,Yes,No,No,Yes,Two year,No,Electronic check,87.92,2164.69,2,4,0
CUST-10501,Male,0,No,Yes,12,Yes,No,Fiber optic,Yes,Yes,No,No,No,No,Month-to-month,Yes,Credit card (automatic),87.74,1053.03,1,4,1
CUST-10502,Male,0,Yes,No,15,Yes,Yes,DSL,No,No,Yes,No,Yes,Yes,Month-to-month,Yes,Credit card (automatic),65.4,976.42,0,3,1
CUST-10503,Female,0,No,No,31,Yes,No,DSL,No,No,No,No,Yes,Yes,Month-to-month,Yes,Mailed check,54.46,1695.02,3,4,0
CUST-10504,Male,0,No,Yes,52,Yes,Yes,Fiber optic,No,No,No,No,Yes,Yes,Month-to-month,No,Electronic check,92.83,4797.17,0,2,1
CUST-10505,Male,0,Yes,No,7,Yes,No,Fiber optic,No,No,No,Yes,No,Yes,One year,Yes,Mailed check,91.08,660.26,0,5,0
CUST-10506,Female,1,No,No,10,Yes,Yes,Fiber optic,No,No,Yes,Yes,No,No,One year,Yes,Electronic check,87.31,881.45,0,3,0
CUST-10507,Male,0,Yes,No,66,No,No phone service,DSL,No,No,No,No,No,Yes,Month-to-month,Yes,Credit card (automatic),54.62,3627.55,3,2,0
CUST-10508,Female,0,No,Yes,21,Yes,Yes,Fiber optic,Yes,Yes,Yes,No,No,Yes,One year,Yes,Mailed check,107.65,2251.34,0,4,0
CUST-10509,Female,0,Yes,Yes,4,No,No phone service,DSL,No,No,Yes,Yes,Yes,Yes,Month-to-month,No,Mailed check,74.85,319.73,4,4,1
CUST-10510,Male,0,No,No,27,No,No phone service,DSL,Yes,Yes,Yes,Yes,Yes,No,Month-to-month,Yes,Electronic check,83.86,2252.87,1,4,0
CUST-10511,Female,0,Yes,No,72,Yes,Yes,DSL,Yes,No,Yes,Yes,No,Yes,Month-to-month,Yes,Electronic check,76.29,5512.37,5,2,0
CUST-10512,Male,0,No,No,43,Yes,No,No,No internet service,No internet service,No internet service,No internet service,No internet service,No internet service,One year,Yes,Bank transfer (automatic),19.96,847.62,1,1,0
CUST-10513,Female,0,Yes,Yes,34,Yes,Yes,DSL,Yes,No,Yes,No,Yes,Yes,Month-to-month,Yes,Mailed check,75.09,2514.88,2,4,0
CUST-10514,Female,0,No,No,5,Yes,Yes,Fiber optic,Yes,No,No,No,No,No,One year,Yes,Mailed check,83.6,434.82,2,4,0
CUST-10515,Male,0,No,No,52,Yes,Yes,Fiber optic,No,No,No,No,No,No,Month-to-month,Yes,Electronic check,75.62,3919.9,0,3,0
CUST-10516,Female,0,Yes,No,18,Yes,No,Fiber optic,Yes,No,No,Yes,No,No,Month-to-month,No,Electronic check,88.68,1615.19,1,2,1
CUST-10517,Female,0,No,No,55,Yes,Yes,DSL,No,Yes,Yes,Yes,Yes,Yes,One year,No,Electronic check,80.85,4414.24,3,3,0
CUST-10518,Female,0,Yes,No,10,Yes,No,DSL,No,No,Yes,Yes,No,Yes,One year,Yes,Credit card (automatic),72.29,687.41,3,2,0
CUST-10519,Female,0,No,No,1,Yes,Yes,Fiber optic,No,No,No,Yes,No,Yes,Month-to-month,No,Bank transfer (automatic),88.87,80.7,2,2,1
CUST-10520,Female,0,No,No,16,Yes,No,No,No internet service,No internet service,No internet service,No internet service,No internet service,No internet service,Month-to-month,Yes,Credit card (automatic),18.25,292.28,3,3,0
CUST-10521,Male,0,No,No,7,Yes,No,DSL,No,No,No,Yes,Yes,Yes,One year,Yes,Mailed check,71.04,462.49,1,4,0
CUST-10522,Female,0,No,No,31,Yes,No,DSL,Yes,No,No,No,Yes,Yes,Month-to-month,No,Credit card (automatic),67.37,2076.23,0,3,0
CUST-10523,Male,0,Yes,No,72,Yes,No,Fiber optic,Yes,Yes,No,No,No,No,Month-to-month,Yes,Electronic check,89.78,6441.23,1,3,0
CUST-10524,Female,0,Yes,No,29,Yes,No,Fiber optic,No,No,Yes,No,No,No,Month-to-month,No,Mailed check,82.33,2389.41,0,5,0
CUST-10525,Male,0,Yes,Yes,54,Yes,No,DSL,Yes,Yes,No,Yes,No,Yes,One year,Yes,Electronic check,78.77,4298.13,1,4,0
CUST-10526,Male,1,No,Yes,15,Yes,Yes,Fiber optic,No,No,No,No,No,No,Month-to-month,Yes,Bank transfer (automatic),72.08,1072.45,1,1,1
CUST-10527,Female,0,Yes,Yes,36,Yes,No,DSL,No,Yes,Yes,Yes,Yes,No,Two year,Yes,Mailed check,78.29,2805.66,0,3,0
CUST-10528,Female,0,No,Yes,46,Yes,No,No,No internet service,No internet service,No internet service,No internet service,No internet service,No internet service,Two year,No,Mailed check,21.0,968.51,2,3,0
CUST-10529,Female,0,No,Yes,31,Yes,Yes,DSL,No,No,Yes,No,No,No,Two year,Yes,Credit card (automatic),55.26,1752.27,0,3,0
CUST-10530,Male,0,Yes,No,17,Yes,Yes,DSL,No,No,No,No,No,No,Two year,No,Bank transfer (automatic),43.64,719.66,0,4,0
CUST-10531,Female,0,No,No,24,Yes,No,DSL,Yes,No,No,Yes,Yes,No,Two year,No,Credit card (automatic),75.55,1814.07,1,2,0
CUST-10532,Male,0,Yes,No,30,Yes,No,Fiber optic,No,No,Yes,No,Yes,No,Two year,Yes,Mailed check,89.67,2740.01,4,3,0
CUST-10533,Male,0,Yes,Yes,7,Yes,Yes,No,No internet service,No internet service,No internet service,No internet service,No internet service,No internet service,Month-to-month,No,Mailed check,19.81,124.9,1,1,0
CUST-10534,Male,0,No,Yes,41,Yes,No,No,No internet service,No internet service,No internet service,No internet service,No internet service,No internet service,Month-to-month,No,Bank transfer (automatic),18.25,737.97,1,1,0
CUST-10535,Female,0,Yes,No,72,Yes,Yes,DSL,No,No,Yes,Yes,Yes,No,Month-to-month,Yes,Mailed check,67.12,4851.23,1,4,0
CUST-10536,Female,0,Yes,No,15,Yes,Yes,Fiber optic,Yes,Yes,No,No,Yes,Yes,Month-to-month,Yes,Mailed check,102.42,1572.38,1,5,0
CUST-10537,Male,1,No,No,30,Yes,No,Fiber optic,No,No,No,Yes,No,No,Month-to-month,No,Mailed check,88.99,2708.48,1,2,1
CUST-10538,Male,0,Yes,No,33,Yes,No,Fiber optic,No,Yes,No,No,No,No,Two year,Yes,Credit card (automatic),77.11,2541.67,0,5,0
CUST-10539,Female,0,No,No,27,Yes,No,DSL,Yes,No,Yes,Yes,No,Yes,Two year,Yes,Mailed check,68.04,1818.23,2,2,0
CUST-10540,Male,0,No,No,19,No,No phone service,Fiber optic,Yes,No,Yes,No,No,No,Month-to-month,No,Bank transfer (automatic),88.32,1665.6,5,4,0
CUST-10541,Female,1,Yes,No,53,Yes,No,DSL,No,No,Yes,No,No,Yes,One year,No,Electronic check,61.1,3216.44,0,1,0
CUST-10542,Male,0,Yes,No,14,Yes,No,DSL,No,Yes,Yes,Yes,Yes,No,Month-to-month,Yes,Electronic check,79.07,1108.52,3,1,1
CUST-10543,Female,0,No,No,1,Yes,Yes,Fiber optic,No,No,No,No,No,No,Month-to-month,Yes,Electronic check,75.41,88.73,1,3,1
CUST-10544,Male,0,Yes,No,46,Yes,No,DSL,Yes,No,No,No,No,No,Month-to-month,No,Mailed check,51.5,2372.92,1,4,0
CUST-10545,Female,0,Yes,No,28,Yes,Yes,Fiber optic,No,No,No,No,Yes,No,Two year,No,Electronic check,82.52,2300.71,3,3,0
CUST-10546,Male,0,No,Yes,47,Yes,Yes,No,No internet service,No internet service,No internet service,No internet service,No internet service,No internet service,Two year,No,Credit card (automatic),22.32,1067.96,0,4,0
CUST-10547,Female,0,Yes,No,3,Yes,No,Fiber optic,Yes,Yes,No,No,No,No,Month-to-month,Yes,Credit card (automatic),86.49,270.14,2,2,1
CUST-10548,Female,0,No,No,1,Yes,Yes,Fiber optic,No,No,No,No,Yes,No,Month-to-month,No,Bank transfer (automatic),85.46,95.12,3,1,1
CUST-10549,Male,0,Yes,No,68,No,No phone service,Fiber optic,No,Yes,No,No,Yes,No,One year,Yes,Electronic check,84.41,5755.9,3,5,0
CUST-10550,Male,0,Yes,No,3,Yes,No,No,No internet service,No internet service,No internet service,No internet service,No internet service,No internet service,One year,Yes,Mailed check,19.27,64.22,0,1,0
CUST-10551,Female,0,Yes,No,41,Yes,Yes,DSL,Yes,Yes,No,No,Yes,No,One year,No,Bank transfer (automatic),67.2,2752.9,1,4,0
CUST-10552,Male,0,No,No,43,Yes,Yes,Fiber optic,Yes,Yes,Yes,Yes,Yes,No,Two year,Yes,Electronic check,108.22,4629.17,1,4,0
CUST-10553,Female,0,No,No,30,Yes,Yes,Fiber optic,Yes,Yes,No,Yes,No,Yes,Month-to-month,No,Bank transfer (automatic),105.1,3146.96,2,1,1
CUST-10554,Male,0,No,Yes,3,Yes,No,DSL,Yes,No,Yes,Yes,Yes,Yes,Month-to-month,Yes,Credit card (automatic),81.19,228.08,0,3,1
CUST-10555,Female,1,Yes,No,27,Yes,Yes,Fiber optic,No,No,No,No,Yes,No,Two year,Yes,Mailed check,83.23,2282.45,1,1,0
CUST-10556,Female,0,Yes,Yes,54,No,No phone service,No,No internet service,No internet service,No internet service,No internet service,No internet service,No internet service,One year,Yes,Bank transfer (automatic),20.86,1159.68,3,3,0
CUST-10557,Female,0,Yes,Yes,13,Yes,No,No,No internet service,No internet service,No internet service,No internet service,No internet service,No internet service,One year,Yes,Credit card (automatic),21.12,303.27,2,4,0
CUST-10558,Female,0,No,No,13,Yes,No,DSL,No,No,Yes,No,Yes,Yes,Month-to-month,Yes,Mailed check,65.98,849.67,0,2,1
CUST-10559,Female,1,No,Yes,14,Yes,Yes,No,No internet service,No internet service,No internet service,No internet service,No internet service,No internet service,Month-to-month,Yes,Bank transfer (automatic),20.46,284.02,1,2,0
CUST-10560,Female,0,No,No,2,Yes,No,Fiber optic,Yes,No,Yes,No,Yes,No,Month-to-month,No,Bank transfer (automatic),101.13,189.43,0,2,1
CUST-10561,Male,0,Yes,Yes,55,Yes,Yes,Fiber optic,No,Yes,No,No,No,No,Month-to-month,Yes,Credit card (automatic),84.89,4644.96,1,4,0
CUST-10562,Male,0,No,Yes,50,Yes,No,Fiber optic,Yes,No,Yes,Yes,Yes,Yes,Month-to-month,Yes,Credit card (automatic),113.41,5687.17,3,5,0
CUST-10563,Male,0,Yes,No,72,Yes,Yes,Fiber optic,No,No,No,No,No,Yes,Two year,No,Bank transfer (automatic),79.6,5716.5,3,2,0
CUST-10564,Female,0,No,No,21,Yes,Yes,No,No internet service,No internet service,No internet service,No internet service,No internet service,No internet service,Month-to-month,Yes,Bank transfer (automatic),18.25,377.86,1,1,0
CUST-10565,Female,0,Yes,No,34,Yes,Yes,Fiber optic,Yes,No,No,No,Yes,Yes,Month-to-month,Yes,Electronic check,91.54,3104.98,1,1,1
CUST-10566,Female,0,No,No,5,Yes,No,No,No internet service,No internet service,No internet service,No internet service,No internet service,No internet service,Month-to-month,Yes,Bank transfer (automatic),21.92,147.49,2,3,0
CUST-10567,Female,1,Yes,No,27,Yes,No,DSL,Yes,No,No,No,No,No,One year,No,Electronic check,50.09,1353.44,1,4,0
CUST-10568,Male,0,Yes,No,26,Yes,No,Fiber optic,No,Yes,No,Yes,Yes,No,Two year,Yes,Mailed check,93.66,2452.22,0,3,0
CUST-10569,Male,0,No,No,57,Yes,No,Fiber optic,No,No,Yes,No,Yes,No,Two year,Yes,Bank transfer (automatic),88.04,5011.21,2,1,0
CUST-10570,Female,0,Yes,No,44,Yes,Yes,Fiber optic,No,Yes,Yes,Yes,No,No,One year,No,Bank transfer (automatic),97.09,4258.41,1,5,0
CUST-10571,Male,0,Yes,No,69,Yes,No,Fiber optic,Yes,No,No,No,Yes,No,Month-to-month,No,Mailed check,90.25,6235.3,1,5,0
CUST-10572,Male,0,No,Yes,50,Yes,No,DSL,Yes,No,No,Yes,No,Yes,Month-to-month,No,Electronic check,65.3,3285.78,2,3,0
CUST-10573,Female,0,No,No,50,Yes,No,DSL,Yes,Yes,No,No,Yes,Yes,Two year,No,Mailed check,77.74,3876.65,2,4,0
CUST-10574,Male,0,No,No,1,Yes,Yes,DSL,No,No,No,No,No,No,One year,Yes,Electronic check,44.34,57.72,1,4,0
CUST-10575,Female,1,Yes,No,46,Yes,Yes,DSL,Yes,Yes,No,No,No,Yes,Month-to-month,Yes,Electronic check,66.74,3064.66,1,3,0
CUST-10576,Male,1,No,No,23,Yes,No,Fiber optic,Yes,No,No,No,Yes,No,Month-to-month,Yes,Electronic check,87.23,1972.49,0,3,1
CUST-10577,Female,0,No,No,11,Yes,Yes,Fiber optic,No,Yes,Yes,No,No,No,Month-to-month,No,Bank transfer (automatic),95.85,1038.62,3,4,1
CUST-10578,Female,0,Yes,No,1,Yes,No,No,No internet service,No internet service,No internet service,No internet service,No internet service,No internet service,Month-to-month,Yes,Mailed check,19.51,18.93,3,4,0
CUST-10579,Female,1,No,No,28,Yes,No,Fiber optic,No,Yes,Yes,No,No,Yes,Two year,No,Mailed check,99.13,2780.49,1,1,0
CUST-10580,Female,0,Yes,Yes,9,Yes,No,Fiber optic,Yes,Yes,Yes,Yes,Yes,No,Month-to-month,Yes,Credit card (automatic),113.02,1029.5,0,1,1
CUST-10581,Male,1,Yes,Yes,15,Yes,Yes,DSL,Yes,No,No,Yes,No,Yes,One year,Yes,Bank transfer (automatic),71.23,1098.29,1,4,0
CUST-10582,Female,0,Yes,No,28,No,No phone service,No,No internet service,No internet service,No internet service,No internet service,No internet service,No internet service,Month-to-month,Yes,Mailed check,18.25,511.03,1,1,0
CUST-10583,Female,0,Yes,No,60,Yes,Yes,No,No internet service,No internet service,No internet service,No internet service,No internet service,No internet service,Two year,No,Mailed check,21.58,1265.98,1,1,0
CUST-10584,Female,0,No,Yes,43,Yes,Yes,Fiber optic,No,Yes,No,No,Yes,Yes,Month-to-month,Yes,Credit card (automatic),96.55,4155.96,2,3,0
CUST-10585,Male,0,No,Yes,14,Yes,No,DSL,Yes,No,No,Yes,Yes,Yes,One year,No,Electronic check,75.57,1049.26,3,2,0
CUST-10586,Female,0,No,No,12,Yes,No,Fiber optic,Yes,No,Yes,No,No,Yes,Month-to-month,Yes,Bank transfer (automatic),96.46,1136.4,1,4,1
CUST-10587,Male,0,No,No,6,Yes,No,No,No internet service,No internet service,No internet service,No internet service,No internet service,No internet service,Two year,Yes,Electronic check,25.74,155.5,2,2,0
CUST-10588,Female,0,Yes,No,11,Yes,No,Fiber optic,No,No,Yes,Yes,Yes,Yes,Month-to-month,Yes,Electronic check,104.66,1165.08,1,3,1
CUST-10589,Male,0,No,No,2,Yes,Yes,Fiber optic,Yes,No,No,No,No,No,Month-to-month,No,Credit card (automatic),77.83,167.77,0,1,1
CUST-10590,Male,0,No,Yes,72,Yes,No,No,No internet service,No internet service,No internet service,No internet service,No internet service,No internet service,Month-to-month,No,Mailed check,19.61,1394.48,3,3,0
CUST-10591,Female,1,Yes,No,21,Yes,Yes,No,No internet service,No internet service,No internet service,No internet service,No internet service,No internet service,Two year,No,Electronic check,20.4,452.26,2,4,0
CUST-10592,Male,0,No,Yes,3,Yes,No,DSL,No,No,Yes,Yes,Yes,Yes,Month-to-month,No,Credit card (automatic),75.39,237.56,1,5,0
CUST-10593,Female,0,No,Yes,10,No,No phone service,Fiber optic,Yes,Yes,No,No,No,No,Month-to-month,Yes,Credit card (automatic),86.18,894.5,2,4,1
CUST-10594,Female,0,No,No,19,Yes,No,DSL,No,No,No,No,No,Yes,One year,No,Electronic check,48.95,971.56,5,2,0
CUST-10595,Female,0,No,No,19,Yes,No,No,No internet service,No internet service,No internet service,No internet service,No internet service,No internet service,Two year,No,Electronic check,25.58,498.27,1,3,0
CUST-10596,Male,1,Yes,Yes,1,Yes,No,DSL,Yes,No,Yes,Yes,Yes,Yes,Month-to-month,No,Credit card (automatic),81.82,105.79,1,2,1
CUST-10597,Male,0,Yes,Yes,72,Yes,Yes,Fiber optic,No,Yes,Yes,No,Yes,No,Month-to-month,Yes,Mailed check,97.13,7003.78,1,2,0
CUST-10598,Female,0,Yes,No,8,Yes,No,Fiber optic,No,No,Yes,No,Yes,No,One year,Yes,Credit card (automatic),96.27,739.29,1,3,0
CUST-10599,Female,0,No,No,1,Yes,Yes,No,No internet service,No internet service,No internet service,No internet service,No internet service,No internet service,One year,No,Bank transfer (automatic),22.41,18.25,0,3,0
CUST-10600,Male,0,No,Yes,1,Yes,No,DSL,Yes,Yes,No,No,No,No,One year,No,Mailed check,59.9,48.85,2,4,0
CUST-10601,Female,0,No,No,21,Yes,No,DSL,Yes,Yes,No,Yes,Yes,No,Month-to-month,No,Electronic check,75.71,1598.02,1,2,1
CUST-10602,Female,1,Yes,Yes,3,Yes,Yes,Fiber optic,Yes,No,No,No,Yes,Yes,Two year,Yes,Mailed check,103.49,280.62,5,3,0
CUST-10603,Female,0,Yes,No,1,Yes,Yes,DSL,No,Yes,No,No,No,Yes,Month-to-month,Yes,Credit card (automatic),58.1,57.93,1,3,0
CUST-10604,Male,0,No,No,11,Yes,Yes,No,No internet service,No internet service,No internet service,No internet service,No internet service,No internet service,Month-to-month,Yes,Electronic check,22.5,263.78,0,5,0
CUST-10605,Male,0,No,No,24,Yes,Yes,Fiber optic,Yes,No,Yes,No,Yes,No,Month-to-month,Yes,Bank transfer (automatic),99.54,2357.45,1,2,1
CUST-10606,Male,0,Yes,No,2,Yes,No,DSL,No,Yes,No,Yes,Yes,Yes,Two year,No,Electronic check,75.18,170.14,0,4,0
CUST-10607,Female,0,No,No,9,Yes,Yes,Fiber optic,No,Yes,No,Yes,No,No,Two year,Yes,Mailed check,88.36,800.51,2,3,0
CUST-10608,Female,0,No,No,13,Yes,No,Fiber optic,No,Yes,No,Yes,Yes,No,Two year,Yes,Electronic check,98.71,1283.03,1,1,0
CUST-10609,Female,0,No,Yes,4,Yes,Yes,No,No internet service,No internet service,No internet service,No internet service,No internet service,No internet service,Month-to-month,No,Mailed check,19.99,54.69,2,4,0
CUST-10610,Male,0,No,Yes,17,Yes,No,No,No internet service,No internet service,No internet service,No internet service,No internet service,No internet service,One year,No,Bank transfer (automatic),22.16,390.45,2,2,0
CUST-10611,Female,0,Yes,No,2,Yes,No,DSL,Yes,Yes,Yes,Yes,Yes,No,Month-to-month,Yes,Bank transfer (automatic),77.58,158.31,5,4,1
CUST-10612,Female,0,No,Yes,1,Yes,Yes,Fiber optic,Yes,No,No,No,No,No,Two year,Yes,Mailed check,92.05,49.6,3,2,0
CUST-10613,Female,0,No,No,18,Yes,No,Fiber optic,No,Yes,No,No,No,Yes,Month-to-month,Yes,Mailed check,91.78,1656.42,0,3,0
CUST-10614,Female,0,Yes,No,7,No,No phone service,No,No internet service,No internet service,No internet service,No internet service,No internet service,No internet service,One year,No,Electronic check,21.45,131.02,1,4,0
CUST-10615,Male,1,Yes,No,2,Yes,No,Fiber optic,No,No,No,No,No,No,Month-to-month,No,Bank transfer (automatic),81.17,148.33,0,3,1
CUST-10616,Male,0,No,No,13,Yes,Yes,No,No internet service,No internet service,No internet service,No internet service,No internet service,No internet service,Month-to-month,Yes,Credit card (automatic),18.25,239.27,2,4,0
CUST-10617,Female,0,Yes,No,61,Yes,No,Fiber optic,Yes,No,Yes,No,Yes,Yes,One year,Yes,Mailed check,102.92,6287.2,0,4,0
CUST-10618,Male,0,Yes,No,32,Yes,Yes,No,No internet service,No internet service,No internet service,No internet service,No internet service,No internet service,One year,No,Mailed check,19.02,629.92,1,1,0
CUST-10619,Male,0,No,Yes,42,Yes,Yes,No,No internet service,No internet service,No internet service,No internet service,No internet service,No internet service,One year,Yes,Bank transfer (automatic),26.52,1096.78,2,3,0
CUST-10620,Female,0,Yes,No,51,Yes,No,Fiber optic,Yes,No,No,No,No,No,Month-to-month,Yes,Mailed check,82.22,4193.9,2,5,0
CUST-10621,Female,0,No,Yes,72,Yes,Yes,DSL,No,No,Yes,Yes,Yes,No,One year,No,Bank transfer (automatic),75.77,5418.27,2,4,0
CUST-10622,Male,0,Yes,Yes,36,Yes,No,Fiber optic,Yes,No,Yes,Yes,No,No,Two year,Yes,Electronic check,95.9,3460.25,1,3,0
CUST-10623,Female,0,No,No,23,Yes,Yes,Fiber optic,Yes,No,No,No,Yes,Yes,Month-to-month,No,Credit card (automatic),89.64,2053.79,2,2,1
CUST-10624,Male,0,Yes,Yes,11,Yes,Yes,DSL,No,No,No,No,No,Yes,Month-to-month,Yes,Electronic check,47.45,532.51,0,4,0
CUST-10625,Female,0,Yes,Yes,5,Yes,No,DSL,Yes,Yes,No,No,No,No,One year,No,Mailed check,61.77,305.15,3,1,0
CUST-10626,Male,0,Yes,Yes,29,Yes,No,Fiber optic,No,Yes,Yes,No,No,No,Month-to-month,No,Electronic check,91.94,2655.5,1,4,0
CUST-10627,Female,0,No,No,72,Yes,No,DSL,Yes,No,No,Yes,No,Yes,Month-to-month,Yes,Credit card (automatic),68.59,4933.22,0,1,0
CUST-10628,Male,1,No,No,15,Yes,Yes,Fiber optic,No,No,Yes,No,Yes,Yes,Month-to-month,Yes,Bank transfer (automatic),94.41,1372.22,2,3,1
CUST-10629,Male,0,Yes,Yes,32,Yes,No,Fiber optic,No,No,Yes,No,No,Yes,One year,Yes,Electronic check,86.42,2780.11,0,4,0
CUST-10630,Male,0,No,No,17,Yes,No,DSL,Yes,Yes,No,No,Yes,No,Month-to-month,No,Credit card (automatic),63.16,1089.83,3,4,0
CUST-10631,Female,0,No,Yes,14,Yes,No,DSL,Yes,No,Yes,Yes,No,Yes,Month-to-month,Yes,Bank transfer (automatic),74.06,1053.47,0,3,1
CUST-10632,Male,1,No,No,13,Yes,No,DSL,Yes,No,No,Yes,No,No,Two year,Yes,Mailed check,61.05,791.51,2,2,0
CUST-10633,Male,0,Yes,No,17,Yes,No,DSL,No,No,No,No,Yes,Yes,One year,Yes,Credit card (automatic),63.85,1108.28,0,3,0
CUST-10634,Female,0,No,No,11,No,No phone service,No,No internet service,No internet service,No internet service,No internet service,No internet service,No internet service,Two year,Yes,Electronic check,22.83,236.97,2,5,0
CUST-10635,Female,0,Yes,No,34,Yes,Yes,DSL,No,Yes,Yes,Yes,Yes,Yes,Month-to-month,Yes,Electronic check,83.04,2803.58,1,1,1
CUST-10636,Male,0,Yes,No,51,Yes,Yes,Fiber optic,Yes,Yes,No,No,Yes,No,Month-to-month,No,Bank transfer (automatic),105.55,5397.33,2,1,1
CUST-10637,Male,0,No,Yes,53,Yes,Yes,DSL,No,No,No,Yes,Yes,Yes,Month-to-month,No,Bank transfer (automatic),67.66,3574.89,2,3,0
CUST-10638,Female,0,No,No,6,Yes,No,DSL,No,Yes,No,Yes,No,No,Two year,Yes,Electronic check,53.22,352.23,0,3,0
CUST-10639,Female,0,Yes,Yes,56,Yes,Yes,DSL,No,Yes,No,Yes,Yes,No,One year,No,Credit card (automatic),63.51,3580.1,2,3,0
CUST-10640,Female,0,Yes,No,10,Yes,No,DSL,No,No,No,Yes,No,No,Month-to-month,Yes,Bank transfer (automatic),52.83,529.15,2,4,0
CUST-10641,Female,1,No,Yes,9,Yes,Yes,Fiber optic,No,No,No,No,Yes,No,Month-to-month,No,Credit card (automatic),78.5,682.63,0,3,1
CUST-10642,Female,0,No,No,32,Yes,No,Fiber optic,No,No,Yes,Yes,No,Yes,Month-to-month,No,Electronic check,101.45,3232.46,1,2,1
CUST-10643,Male,0,Yes,Yes,9,Yes,Yes,DSL,No,No,Yes,No,Yes,No,Month-to-month,No,Bank transfer (automatic),60.7,542.53,1,4,0
CUST-10644,Female,0,No,Yes,1,Yes,No,Fiber optic,Yes,No,No,No,Yes,Yes,Month-to-month,No,Electronic check,101.54,154.48,1,1,1
CUST-10645,Male,0,Yes,No,11,Yes,Yes,DSL,Yes,Yes,No,Yes,No,No,Month-to-month,No,Mailed check,68.33,756.44,1,1,1
CUST-10646,Male,1,Yes,No,31,Yes,No,DSL,No,No,Yes,No,No,No,Month-to-month,No,Electronic check,45.23,1416.27,2,1,0
CUST-10647,Male,0,No,No,9,Yes,No,DSL,No,No,No,No,No,No,Month-to-month,No,Mailed check,49.55,429.27,0,4,0
CUST-10648,Female,0,Yes,No,24,No,No phone service,DSL,No,Yes,No,No,Yes,No,One year,Yes,Electronic check,59.83,1437.75,1,4,0
CUST-10649,Male,0,Yes,No,26,Yes,No,Fiber optic,No,No,No,No,Yes,Yes,Month-to-month,Yes,Electronic check,89.99,2324.37,1,4,1
CUST-10650,Male,0,No,Yes,33,Yes,Yes,No,No internet service,No internet service,No internet service,No internet service,No internet service,No internet service,Month-to-month,Yes,Electronic check,21.43,695.57,0,2,0
CUST-10651,Female,0,No,Yes,56,Yes,Yes,DSL,No,Yes,No,Yes,No,Yes,One year,Yes,Mailed check,67.09,3721.29,0,3,0
CUST-10652,Male,0,Yes,Yes,14,Yes,No,Fiber optic,No,Yes,Yes,No,Yes,No,Month-to-month,No,Electronic check,99.21,1395.17,1,2,1
CUST-10653,Male,0,No,No,4,Yes,Yes,Fiber optic,No,No,No,No,No,Yes,One year,No,Bank transfer (automatic),83.22,347.29,1,3,0
CUST-10654,Female,0,No,Yes,9,Yes,Yes,Fiber optic,Yes,No,No,No,Yes,Yes,Month-to-month,No,Mailed check,97.37,846.72,2,4,1
CUST-10655,Male,0,Yes,Yes,14,Yes,No,DSL,No,Yes,No,No,No,Yes,Month-to-month,No,Electronic check,55.71,756.22,0,1,1
CUST-10656,Male,1,No,Yes,31,Yes,Yes,Fiber optic,No,No,Yes,No,No,No,Month-to-month,Yes,Electronic check,82.63,2532.45,2,3,0
CUST-10657,Male,0,Yes,Yes,1,Yes,Yes,Fiber optic,Yes,Yes,No,No,No,Yes,Month-to-month,No,Bank transfer (automatic),97.15,97.3,1,2,1
CUST-10658,Female,0,Yes,No,9,Yes,No,Fiber optic,Yes,No,No,No,No,Yes,Two year,Yes,Bank transfer (automatic),92.1,827.57,0,4,0
CUST-10659,Female,0,No,Yes,37,Yes,Yes,DSL,No,Yes,No,No,No,No,Month-to-month,No,Electronic check,54.9,2048.46,1,5,0
CUST-10660,Female,0,No,No,27,No,No phone service,DSL,Yes,Yes,No,No,No,No,Month-to-month,No,Credit card (automatic),59.44,1581.76,1,4,0
CUST-10661,Male,0,Yes,No,32,Yes,Yes,DSL,No,Yes,Yes,Yes,No,No,Month-to-month,No,Bank transfer (automatic),66.58,2123.1,2,1,1
CUST-10662,Male,0,Yes,No,41,Yes,No,No,No internet service,No internet service,No internet service,No internet service,No internet service,No internet service,Month-to-month,No,Electronic check,23.65,954.33,0,2,0
CUST-10663,Female,0,No,Yes,38,Yes,Yes,Fiber optic,Yes,No,No,Yes,No,Yes,Month-to-month,Yes,Credit card (automatic),99.69,3801.25,1,2,1
CUST-10664,Male,0,Yes,No,28,Yes,No,DSL,No,No,Yes,No,No,No,Month-to-month,Yes,Credit card (automatic),50.55,1415.02,1,4,0
CUST-10665,Male,0,Yes,Yes,14,No,No phone service,Fiber optic,Yes,Yes,Yes,Yes,No,Yes,Two year,No,Bank transfer (automatic),107.81,1498.01,1,1,0
CUST-10666,Female,1,Yes,No,72,Yes,Yes,DSL,No,No,No,Yes,Yes,Yes,Month-to-month,Yes,Credit card (automatic),72.94,5235.71,3,5,0
CUST-10667,Female,0,No,Yes,21,Yes,No,DSL,Yes,Yes,No,Yes,Yes,Yes,One year,No,Electronic check,84.96,1791.4,1,3,0
CUST-10668,Male,0,Yes,No,5,Yes,Yes,Fiber optic,No,No,No,Yes,No,Yes,Month-to-month,Yes,Credit card (automatic),92.83,486.11,1,4,1
CUST-10669,Male,0,Yes,No,8,Yes,Yes,Fiber optic,Yes,No,No,No,No,Yes,Month-to-month,Yes,Electronic check,86.63,699.78,0,3,1
CUST-10670,Male,0,No,No,29,Yes,Yes,No,No internet service,No internet service,No internet service,No internet service,No internet service,No internet service,Two year,Yes,Bank transfer (automatic),22.43,643.58,3,4,0
CUST-10671,Female,0,No,No,64,Yes,Yes,Fiber optic,Yes,No,Yes,No,No,No,One year,No,Mailed check,87.1,5546.64,0,2,0
CUST-10672,Female,0,No,No,4,Yes,No,Fiber optic,No,No,Yes,Yes,No,No,Month-to-month,Yes,Electronic check,93.21,398.51,2,4,1
CUST-10673,Female,0,Yes,No,2,Yes,Yes,No,No internet service,No internet service,No internet service,No internet service,No internet service,No internet service,Month-to-month,No,Credit card (automatic),19.63,39.17,1,3,0
CUST-10674,Female,0,No,Yes,53,Yes,No,DSL,No,No,No,No,Yes,No,Month-to-month,Yes,Electronic check,48.51,2585.63,2,5,0
CUST-10675,Male,0,Yes,No,61,Yes,No,DSL,No,No,Yes,No,No,Yes,Month-to-month,Yes,Credit card (automatic),60.57,3709.48,0,5,0
CUST-10676,Female,0,Yes,No,8,Yes,No,No,No internet service,No internet service,No internet service,No internet service,No internet service,No internet service,Two year,No,Electronic check,21.58,192.88,1,3,0
CUST-10677,Female,1,No,No,11,Yes,Yes,Fiber optic,No,No,No,No,Yes,Yes,Month-to-month,Yes,Bank transfer (automatic),91.83,1040.89,1,4,1
CUST-10678,Female,0,Yes,Yes,26,Yes,Yes,Fiber optic,Yes,No,Yes,No,Yes,Yes,Two year,Yes,Electronic check,105.16,2687.93,4,4,0
CUST-10679,Female,0,Yes,No,10,Yes,No,DSL,No,No,No,Yes,No,No,Month-to-month,No,Bank transfer (automatic),46.43,467.45,2,4,0
CUST-10680,Female,0,Yes,Yes,52,Yes,No,DSL,No,No,Yes,Yes,No,No,One year,No,Credit card (automatic),64.41,3372.81,4,5,0
CUST-10681,Male,0,Yes,Yes,2,Yes,No,Fiber optic,No,Yes,No,No,No,No,Month-to-month,Yes,Bank transfer (automatic),84.37,169.62,1,4,0
CUST-10682,Male,0,Yes,Yes,1,Yes,Yes,Fiber optic,Yes,Yes,No,No,Yes,Yes,Two year,No,Electronic check,105.19,110.61,3,4,0
CUST-10683,Female,0,No,Yes,5,Yes,No,Fiber optic,No,Yes,No,No,No,No,Month-to-month,No,Electronic check,86.36,432.59,0,1,1
CUST-10684,Male,0,Yes,No,8,Yes,No,No,No internet service,No internet service,No internet service,No internet service,No internet service,No internet service,One year,No,Electronic check,18.25,142.31,0,3,0
CUST-10685,Female,0,Yes,No,2,Yes,Yes,Fiber optic,Yes,No,Yes,No,No,Yes,Month-to-month,No,Credit card (automatic),96.41,170.42,2,2,1
CUST-10686,Female,0,Yes,Yes,1,Yes,No,No,No internet service,No internet service,No internet service,No internet service,No internet service,No internet service,One year,No,Bank transfer (automatic),23.03,18.25,1,3,0
CUST-10687,Male,0,No,No,35,Yes,Yes,No,No internet service,No internet service,No internet service,No internet service,No internet service,No internet service,One year,No,Mailed check,26.53,904.92,0,4,0
CUST-10688,Male,0,No,No,4,Yes,Yes,No,No internet service,No internet service,No internet service,No internet service,No internet service,No internet service,One year,No,Electronic check,18.63,85.64,3,4,0
CUST-10689,Female,0,Yes,No,61,Yes,No,DSL,Yes,Yes,No,Yes,No,No,Month-to-month,Yes,Mailed check,62.17,3802.29,0,4,0
CUST-10690,Female,0,No,No,11,Yes,Yes,Fiber optic,No,No,Yes,No,Yes,Yes,Month-to-month,Yes,Bank transfer (automatic),99.7,1095.53,3,1,1
CUST-10691,Female,1,Yes,No,27,Yes,No,Fiber optic,No,No,Yes,No,Yes,No,Month-to-month,Yes,Electronic check,94.15,2494.73,0,1,1
CUST-10692,Male,1,Yes,Yes,6,Yes,Yes,DSL,No,No,No,No,Yes,Yes,Month-to-month,Yes,Mailed check,54.71,321.08,1,5,0
CUST-10693,Female,0,Yes,No,6,Yes,Yes,Fiber optic,No,Yes,Yes,Yes,No,Yes,Month-to-month,Yes,Electronic check,104.58,604.41,0,2,1
CUST-10694,Female,0,Yes,No,21,Yes,No,Fiber optic,Yes,Yes,No,No,No,Yes,Two year,Yes,Bank transfer (automatic),100.87,2097.13,0,4,0
CUST-10695,Female,0,Yes,No,20,Yes,No,DSL,No,No,No,No,No,No,Two year,Yes,Bank transfer (automatic),49.44,993.51,1,3,0
CUST-10696,Male,1,No,No,36,Yes,Yes,DSL,No,No,Yes,Yes,No,No,Month-to-month,Yes,Electronic check,55.28,2007.92,2,2,0
CUST-10697,Female,1,Yes,No,35,Yes,Yes,DSL,No,No,No,Yes,Yes,No,Two year,Yes,Electronic check,59.25,2100.51,1,4,0
CUST-10698,Female,0,No,No,27,Yes,No,Fiber optic,No,No,No,No,No,Yes,Two year,Yes,Electronic check,80.99,2193.32,1,5,0
CUST-10699,Male,0,Yes,Yes,14,Yes,Yes,Fiber optic,No,Yes,No,No,No,Yes,Month-to-month,Yes,Electronic check,86.95,1246.07,3,2,1
CUST-10700,Female,0,Yes,Yes,55,Yes,Yes,DSL,No,No,Yes,No,Yes,No,One year,No,Bank transfer (automatic),60.62,3308.03,1,3,0
CUST-10701,Female,0,Yes,No,24,Yes,Yes,No,No internet service,No internet service,No internet service,No internet service,No internet service,No internet service,Two year,No,Electronic check,21.0,486.66,1,2,0
CUST-10702,Male,0,No,No,72,No,No phone service,No,No internet service,No internet service,No internet service,No internet service,No internet service,No internet service,Month-to-month,No,Mailed check,25.39,1826.37,2,3,0
CUST-10703,Female,1,Yes,No,42,Yes,Yes,Fiber optic,No,No,No,Yes,Yes,No,Month-to-month,No,Bank transfer (automatic),82.72,3487.2,0,4,0
CUST-10704,Male,0,No,No,1,Yes,Yes,Fiber optic,No,Yes,Yes,No,Yes,Yes,One year,Yes,Credit card (automatic),106.6,116.42,0,3,1
CUST-10705,Male,0,Yes,No,9,Yes,Yes,No,No internet service,No internet service,No internet service,No internet service,No internet service,No internet service,Month-to-month,No,Electronic check,18.25,179.32,2,2,1
CUST-10706,Female,1,Yes,No,21,Yes,Yes,Fiber optic,No,No,No,No,No,No,Month-to-month,No,Electronic check,71.47,1504.34,0,2,1
CUST-10707,Female,0,Yes,No,31,No,No phone service,Fiber optic,Yes,Yes,Yes,Yes,No,No,Two year,Yes,Electronic check,104.19,3231.04,1,4,0
CUST-10708,Female,0,Yes,Yes,19,Yes,No,Fiber optic,No,No,No,No,Yes,No,Month-to-month,No,Mailed check,83.35,1616.45,1,4,0
CUST-10709,Female,0,Yes,No,38,Yes,Yes,DSL,No,Yes,Yes,Yes,No,Yes,Two year,Yes,Bank transfer (automatic),73.24,2792.33,0,3,0
CUST-10710,Male,0,Yes,No,8,Yes,No,Fiber optic,No,No,Yes,No,No,Yes,Month-to-month,Yes,Bank transfer (automatic),89.21,716.62,4,2,1
CUST-10711,Female,0,No,Yes,5,Yes,No,Fiber optic,No,Yes,No,No,Yes,No,Month-to-month,Yes,Electronic check,89.97,451.16,2,4,1
CUST-10712,Male,0,Yes,Yes,1,Yes,Yes,DSL,Yes,Yes,Yes,Yes,No,No,Month-to-month,No,Electronic check,76.26,61.05,2,3,1
CUST-10713,Female,0,No,No,21,Yes,No,Fiber optic,No,Yes,No,Yes,No,No,One year,Yes,Mailed check,93.42,1976.62,0,5,0
CUST-10714,Female,0,Yes,Yes,29,Yes,Yes,DSL,Yes,No,No,No,No,No,Two year,Yes,Electronic check,51.91,1482.94,2,2,0
CUST-10715,Female,0,No,No,9,Yes,Yes,DSL,No,No,Yes,No,Yes,No,Two year,Yes,Credit card (automatic),60.3,506.69,2,4,0
CUST-10716,Male,0,No,No,23,Yes,Yes,DSL,No,No,No,No,Yes,No,One year,No,Electronic check,52.61,1245.16,0,4,0
CUST-10717,Female,0,Yes,No,1,Yes,No,Fiber optic,No,No,Yes,No,Yes,Yes,Month-to-month,Yes,Bank transfer (automatic),102.69,132.16,0,4,1
CUST-10718,Female,0,Yes,No,2,Yes,No,DSL,Yes,Yes,Yes,No,No,Yes,Month-to-month,No,Electronic check,76.46,161.85,3,1,1
CUST-10719,Female,0,No,No,30,Yes,Yes,Fiber optic,No,No,Yes,No,No,Yes,Month-to-month,Yes,Credit card (automatic),91.16,2741.95,2,4,0
CUST-10720,Female,0,No,No,11,Yes,Yes,Fiber optic,Yes,No,No,No,No,No,Month-to-month,Yes,Bank transfer (automatic),82.38,901.28,0,3,1
CUST-10721,Male,0,Yes,No,27,Yes,No,DSL,No,Yes,No,No,Yes,No,Month-to-month,Yes,Electronic check,60.08,1613.3,1,4,0
CUST-10722,Female,0,Yes,No,44,Yes,Yes,DSL,No,Yes,No,Yes,Yes,No,Month-to-month,Yes,Mailed check,61.66,2676.52,2,2,0
CUST-10723,Male,0,No,No,47,Yes,Yes,Fiber optic,No,No,Yes,No,Yes,No,Month-to-month,No,Bank transfer (automatic),88.72,4148.52,1,2,0
CUST-10724,Male,0,Yes,No,4,Yes,No,Fiber optic,Yes,No,No,No,No,Yes,Month-to-month,No,Electronic check,91.59,347.57,3,3,1
CUST-10725,Male,1,No,Yes,16,No,No phone service,Fiber optic,No,No,No,No,No,No,Month-to-month,Yes,Credit card (automatic),75.03,1201.67,2,3,0
CUST-10726,Male,0,Yes,No,33,Yes,No,DSL,Yes,No,No,No,No,No,Month-to-month,Yes,Mailed check,52.0,1750.81,0,3,0
CUST-10727,Male,0,Yes,No,37,Yes,Yes,DSL,No,Yes,No,No,No,No,Month-to-month,Yes,Bank transfer (automatic),56.78,2070.13,3,2,0
CUST-10728,Male,0,No,Yes,38,Yes,Yes,DSL,No,Yes,No,No,Yes,Yes,Month-to-month,No,Mailed check,68.69,2622.39,1,5,0
CUST-10729,Female,0,No,Yes,6,Yes,No,DSL,No,Yes,Yes,No,No,No,Month-to-month,Yes,Mailed check,56.46,352.64,3,5,0
CUST-10730,Male,0,Yes,Yes,5,Yes,Yes,No,No internet service,No internet service,No internet service,No internet service,No internet service,No internet service,Month-to-month,Yes,Mailed check,18.25,57.6,3,2,0
CUST-10731,Male,0,Yes,No,22,Yes,No,Fiber optic,No,No,No,No,Yes,Yes,Month-to-month,No,Mailed check,92.85,2013.72,1,3,1
CUST-10732,Male,0,No,No,33,Yes,No,Fiber optic,No,No,No,No,Yes,No,Month-to-month,No,Bank transfer (automatic),79.8,2638.27,1,4,0
CUST-10733,Female,0,No,Yes,9,Yes,No,No,No internet service,No internet service,No internet service,No internet service,No internet service,No internet service,Two year,Yes,Credit card (automatic),20.82,193.31,2,4,0
CUST-10734,Female,0,Yes,No,2,Yes,Yes,Fiber optic,Yes,No,No,No,Yes,Yes,Month-to-month,No,Credit card (automatic),99.89,224.55,2,5,1
CUST-10735,Male,0,No,No,31,Yes,Yes,DSL,No,No,No,No,No,Yes,One year,Yes,Electronic check,53.31,1661.95,0,5,0
CUST-10736,Female,0,No,Yes,8,Yes,Yes,Fiber optic,No,No,Yes,No,No,No,Month-to-month,Yes,Bank transfer (automatic),87.24,673.97,1,4,0
CUST-10737,Male,1,No,No,4,Yes,No,No,No internet service,No internet service,No internet service,No internet service,No internet service,No internet service,Month-to-month,No,Electronic check,19.5,78.17,2,3,0
CUST-10738,Male,0,No,No,3,Yes,No,Fiber optic,Yes,Yes,Yes,No,Yes,Yes,Month-to-month,Yes,Electronic check,113.42,325.85,1,2,1
CUST-10739,Female,0,Yes,No,9,Yes,Yes,Fiber optic,No,No,Yes,Yes,Yes,Yes,Month-to-month,Yes,Electronic check,103.74,892.4,3,3,1
CUST-10740,Male,0,No,Yes,22,Yes,No,DSL,Yes,No,No,No,No,No,Month-to-month,No,Electronic check,51.66,1150.96,0,4,0
CUST-10741,Female,0,No,Yes,11,Yes,No,Fiber optic,Yes,Yes,No,No,Yes,Yes,One year,Yes,Credit card (automatic),107.41,1193.23,2,1,1
CUST-10742,Female,0,Yes,Yes,1,Yes,Yes,No,No internet service,No internet service,No internet service,No internet service,No internet service,No internet service,Two year,No,Bank transfer (automatic),22.78,19.51,1,4,0
CUST-10743,Male,0,Yes,No,2,No,No phone service,Fiber optic,No,No,No,No,Yes,Yes,Month-to-month,Yes,Electronic check,85.34,204.54,1,4,1
CUST-10744,Male,0,Yes,No,8,Yes,Yes,DSL,No,No,Yes,No,Yes,Yes,Month-to-month,Yes,Electronic check,65.18,496.33,1,2,1
CUST-10745,Female,0,No,No,26,No,No phone service,Fiber optic,No,No,No,No,Yes,No,Month-to-month,Yes,Electronic check,83.13,2181.48,1,4,0
CUST-10746,Male,0,Yes,No,2,Yes,Yes,No,No internet service,No internet service,No internet service,No internet service,No internet service,No internet service,Month-to-month,Yes,Bank transfer (automatic),21.76,28.67,0,4,0
CUST-10747,Male,0,No,Yes,20,Yes,Yes,No,No internet service,No internet service,No internet service,No internet service,No internet service,No internet service,Two year,Yes,Mailed check,18.25,374.62,3,1,0
CUST-10748,Male,1,No,No,3,No,No phone service,No,No internet service,No internet service,No internet service,No internet service,No internet service,No internet service,Two year,No,Bank transfer (automatic),18.34,74.26,1,5,0
CUST-10749,Female,0,No,No,5,Yes,No,No,No internet service,No internet service,No internet service,No internet service,No internet service,No internet service,Month-to-month,Yes,Credit card (automatic),21.62,91.16,2,3,0
CUST-10750,Female,0,No,No,4,No,No phone service,Fiber optic,No,Yes,No,Yes,Yes,No,One year,Yes,Mailed check,99.67,386.46,0,3,0
CUST-10751,Male,0,No,No,1,Yes,No,No,No internet service,No internet service,No internet service,No internet service,No internet service,No internet service,One year,Yes,Bank transfer (automatic),21.18,28.64,1,3,0
CUST-10752,Female,0,Yes,No,27,No,No phone service,DSL,Yes,No,No,Yes,Yes,No,One year,No,Credit card (automatic),67.02,1788.74,3,2,0
CUST-10753,Female,0,No,Yes,15,Yes,Yes,No,No internet service,No internet service,No internet service,No internet service,No internet service,No internet service,Month-to-month,No,Mailed check,18.25,286.29,2,4,0
CUST-10754,Female,0,Yes,Yes,44,Yes,Yes,DSL,No,No,No,Yes,Yes,No,Month-to-month,No,Electronic check,58.88,2592.25,1,4,0
CUST-10755,Female,0,No,Yes,2,Yes,Yes,Fiber optic,Yes,No,No,Yes,Yes,Yes,Month-to-month,No,Mailed check,108.04,223.12,0,2,1
CUST-10756,Female,0,Yes,Yes,3,Yes,No,DSL,No,No,Yes,Yes,Yes,Yes,One year,No,Bank transfer (automatic),77.75,218.27,1,2,0
CUST-10757,Male,0,No,No,9,Yes,No,Fiber optic,No,No,Yes,No,Yes,Yes,Two year,No,Bank transfer (automatic),94.92,838.27,0,5,0
CUST-10758,Male,0,No,Yes,36,Yes,No,DSL,Yes,No,No,Yes,Yes,Yes,One year,No,Bank transfer (automatic),79.78,2844.0,1,3,0
CUST-10759,Male,1,No,Yes,9,Yes,No,Fiber optic,Yes,No,Yes,No,Yes,No,Month-to-month,Yes,Bank transfer (automatic),95.2,862.25,1,3,1
CUST-10760,Female,0,Yes,No,13,No,No phone service,Fiber optic,No,No,Yes,Yes,Yes,Yes,Two year,Yes,Credit card (automatic),105.45,1346.68,0,4,0
CUST-10761,Female,0,Yes,No,8,Yes,Yes,No,No internet service,No internet service,No internet service,No internet service,No internet service,No internet service,Month-to-month,No,Bank transfer (automatic),18.25,139.55,0,4,0
CUST-10762,Male,0,No,No,2,Yes,No,No,No internet service,No internet service,No internet service,No internet service,No internet service,No internet service,Month-to-month,Yes,Credit card (automatic),25.08,65.53,3,2,1
CUST-10763,Female,0,Yes,No,70,Yes,No,No,No internet service,No internet service,No internet service,No internet service,No internet service,No internet service,One year,Yes,Bank transfer (automatic),22.55,1615.84,0,1,0
CUST-10764,Male,0,No,No,19,Yes,Yes,No,No internet service,No internet service,No internet service,No internet service,No internet service,No internet service,Month-to-month,Yes,Bank transfer (automatic),20.56,397.42,0,3,0
CUST-10765,Male,0,Yes,No,38,Yes,No,DSL,Yes,Yes,No,Yes,No,No,Two year,No,Credit card (automatic),66.23,2518.61,0,2,0
CUST-10766,Male,0,No,Yes,26,Yes,Yes,DSL,No,No,Yes,Yes,Yes,Yes,Month-to-month,Yes,Credit card (automatic),81.53,2092.99,1,3,0
CUST-10767,Female,0,Yes,No,18,Yes,No,Fiber optic,Yes,No,Yes,Yes,No,Yes,Month-to-month,Yes,Bank transfer (automatic),106.56,1908.6,0,3,1
CUST-10768,Female,0,No,No,2,Yes,No,No,No internet service,No internet service,No internet service,No internet service,No internet service,No internet service,Month-to-month,No,Bank transfer (automatic),26.12,43.6,1,4,0
CUST-10769,Male,0,No,No,25,Yes,No,No,No internet service,No internet service,No internet service,No internet service,No internet service,No internet service,One year,Yes,Mailed check,20.45,519.19,0,4,0
CUST-10770,Male,0,Yes,Yes,4,Yes,No,DSL,No,Yes,No,No,No,Yes,Month-to-month,No,Mailed check,60.54,235.58,1,2,1
CUST-10771,Male,0,Yes,No,13,Yes,Yes,No,No internet service,No internet service,No internet service,No internet service,No internet service,No internet service,Month-to-month,No,Electronic check,22.51,334.01,0,2,0
CUST-10772,Male,0,Yes,Yes,24,Yes,No,DSL,No,Yes,No,No,No,No,One year,Yes,Mailed check,53.07,1283.7,2,3,0
CUST-10773,Female,0,No,No,38,Yes,Yes,DSL,Yes,Yes,No,Yes,No,No,Month-to-month,No,Electronic check,68.31,2610.48,3,3,0
CUST-10774,Female,0,No,No,28,Yes,No,No,No internet service,No internet service,No internet service,No internet service,No internet service,No internet service,Month-to-month,Yes,Bank transfer (automatic),21.15,602.22,1,3,0
CUST-10775,Male,0,No,No,27,Yes,Yes,DSL,No,No,Yes,Yes,Yes,Yes,One year,No,Credit card (automatic),77.62,2075.88,2,5,0
CUST-10776,Male,1,No,No,4,Yes,No,DSL,No,Yes,No,Yes,No,No,Month-to-month,Yes,Electronic check,57.69,219.44,1,4,0
CUST-10777,Female,0,Yes,No,10,Yes,Yes,Fiber optic,No,No,No,No,No,No,Two year,Yes,Electronic check,75.1,741.31,1,1,0
CUST-10778,Female,0,Yes,No,1,Yes,Yes,DSL,No,No,Yes,No,Yes,Yes,Month-to-month,Yes,Credit card (automatic),66.0,89.81,3,5,1
CUST-10779,Male,0,Yes,No,31,Yes,Yes,DSL,Yes,Yes,Yes,No,No,Yes,Month-to-month,No,Bank transfer (automatic),76.95,2405.53,3,3,1
CUST-10780,Male,0,Yes,No,72,Yes,No,DSL,No,Yes,Yes,No,No,Yes,Month-to-month,No,Bank transfer (automatic),67.57,4871.43,1,3,0
CUST-10781,Male,0,No,Yes,7,Yes,Yes,DSL,Yes,Yes,No,Yes,Yes,No,Month-to-month,No,Bank transfer (automatic),73.35,518.09,4,4,1
CUST-10782,Female,1,No,No,2,No,No phone service,Fiber optic,No,No,No,No,No,Yes,Two year,No,Electronic check,86.83,187.14,3,2,0
CUST-10783,Female,1,Yes,Yes,16,Yes,Yes,DSL,No,Yes,No,Yes,Yes,Yes,One year,No,Electronic check,78.55,1226.84,1,3,0
CUST-10784,Female,0,No,No,48,No,No phone service,No,No internet service,No internet service,No internet service,No internet service,No internet service,No internet service,Month-to-month,Yes,Credit card (automatic),23.56,1133.59,2,4,0
CUST-10785,Male,0,No,No,20,Yes,Yes,Fiber optic,No,Yes,Yes,Yes,Yes,No,Month-to-month,No,Bank transfer (automatic),108.93,2148.69,1,4,0
CUST-10786,Male,0,Yes,No,1,Yes,Yes,Fiber optic,No,Yes,No,No,No,No,Month-to-month,Yes,Electronic check,84.27,79.31,1,3,1
CUST-10787,Female,0,Yes,No,72,Yes,Yes,Fiber optic,Yes,No,No,No,No,Yes,One year,No,Electronic check,92.02,6643.49,1,3,0
CUST-10788,Female,1,Yes,Yes,44,No,No phone service,No,No internet service,No internet service,No internet service,No internet service,No internet service,No internet service,One year,No,Bank transfer (automatic),19.49,838.4,0,1,0
CUST-10789,Male,0,No,Yes,3,Yes,No,DSL,Yes,No,Yes,No,No,Yes,Month-to-month,No,Electronic check,71.54,241.01,0,1,1
CUST-10790,Female,0,No,No,63,Yes,Yes,No,No internet service,No internet service,No internet service,No internet service,No internet service,No internet service,Month-to-month,No,Electronic check,20.53,1308.08,7,1,0
CUST-10791,Female,1,No,Yes,14,Yes,No,DSL,Yes,Yes,Yes,Yes,Yes,Yes,One year,Yes,Electronic check,88.33,1237.6,1,4,0
CUST-10792,Male,0,Yes,No,11,Yes,Yes,DSL,Yes,Yes,No,No,Yes,Yes,One year,Yes,Electronic check,76.32,839.32,2,3,0
CUST-10793,Female,0,Yes,Yes,15,Yes,Yes,No,No internet service,No internet service,No internet service,No internet service,No internet service,No internet service,Month-to-month,No,Bank transfer (automatic),18.94,264.58,3,5,0
CUST-10794,Male,1,No,No,44,No,No phone service,Fiber optic,No,Yes,No,No,Yes,No,Month-to-month,Yes,Credit card (automatic),92.79,4059.71,4,4,0
CUST-10795,Male,0,No,Yes,26,Yes,No,Fiber optic,No,No,Yes,No,No,No,Two year,Yes,Mailed check,84.83,2187.77,1,3,0
CUST-10796,Male,0,No,No,1,Yes,Yes,DSL,No,No,No,No,Yes,No,One year,Yes,Electronic check,55.13,43.66,0,4,0
CUST-10797,Male,0,No,No,72,Yes,Yes,Fiber optic,No,No,Yes,No,Yes,No,Month-to-month,Yes,Electronic check,85.78,6183.27,1,1,0
CUST-10798,Male,0,Yes,No,3,Yes,Yes,Fiber optic,Yes,No,No,No,No,No,Month-to-month,Yes,Credit card (automatic),77.3,213.17,1,1,1
CUST-10799,Male,0,No,Yes,34,Yes,Yes,Fiber optic,Yes,No,No,No,No,No,Two year,No,Mailed check,83.13,2818.46,2,2,0
CUST-10800,Male,0,No,No,25,Yes,No,Fiber optic,Yes,No,Yes,Yes,No,No,Month-to-month,Yes,Mailed check,98.14,2469.44,1,1,1
CUST-10801,Female,1,Yes,Yes,5,Yes,No,Fiber optic,Yes,No,Yes,No,Yes,Yes,One year,Yes,Credit card (automatic),109.01,517.68,0,2,1
CUST-10802,Male,0,No,No,4,Yes,No,No,No internet service,No internet service,No internet service,No internet service,No internet service,No internet service,Month-to-month,No,Mailed check,18.25,46.49,2,2,0
CUST-10803,Male,0,Yes,No,51,No,No phone service,Fiber optic,No,No,No,No,Yes,Yes,Two year,Yes,Mailed check,87.16,4441.29,3,3,0
CUST-10804,Female,0,Yes,No,13,Yes,Yes,Fiber optic,Yes,No,No,No,Yes,No,One year,No,Credit card (automatic),87.82,1143.28,0,3,0
CUST-10805,Female,0,Yes,No,26,Yes,Yes,Fiber optic,No,Yes,No,No,Yes,Yes,Month-to-month,Yes,Mailed check,94.33,2452.54,1,3,1
CUST-10806,Female,0,Yes,No,17,No,No phone service,DSL,No,Yes,No,No,Yes,Yes,Month-to-month,Yes,Mailed check,66.06,1147.51,4,5,0
CUST-10807,Male,0,Yes,No,32,Yes,Yes,DSL,No,No,No,No,Yes,Yes,Month-to-month,Yes,Bank transfer (automatic),56.52,1791.04,1,3,0
CUST-10808,Female,0,Yes,No,16,Yes,No,No,No internet service,No internet service,No internet service,No internet service,No internet service,No internet service,One year,No,Credit card (automatic),20.29,299.3,0,4,0
CUST-10809,Male,0,No,No,8,Yes,No,No,No internet service,No internet service,No internet service,No internet service,No internet service,No internet service,One year,Yes,Credit card (automatic),20.12,121.96,0,4,0
CUST-10810,Male,0,Yes,No,11,Yes,Yes,Fiber optic,No,No,Yes,Yes,Yes,No,Month-to-month,No,Bank transfer (automatic),95.48,1044.75,1,1,1
CUST-10811,Male,0,Yes,No,48,Yes,No,Fiber optic,Yes,Yes,No,No,Yes,No,Month-to-month,No,Mailed check,94.58,4546.84,1,3,0
CUST-10812,Male,0,Yes,Yes,15,Yes,Yes,Fiber optic,No,No,Yes,No,Yes,Yes,Month-to-month,No,Credit card (automatic),94.16,1420.4,1,4,0
CUST-10813,Female,0,No,No,6,Yes,No,No,No internet service,No internet service,No internet service,No internet service,No internet service,No internet service,Month-to-month,Yes,Mailed check,18.25,105.72,1,5,0
CUST-10814,Female,0,Yes,No,68,Yes,Yes,DSL,Yes,No,No,No,No,Yes,Month-to-month,Yes,Bank transfer (automatic),57.92,3930.97,2,3,0
CUST-10815,Male,0,Yes,Yes,39,No,No phone service,Fiber optic,Yes,No,Yes,Yes,No,No,Month-to-month,Yes,Electronic check,96.11,3751.77,3,5,0
CUST-10816,Male,0,No,Yes,1,Yes,No,Fiber optic,Yes,No,No,Yes,Yes,Yes,Month-to-month,Yes,Bank transfer (automatic),98.95,103.12,1,4,1
CUST-10817,Male,0,No,No,72,Yes,Yes,DSL,Yes,Yes,No,No,No,Yes,Two year,No,Electronic check,71.7,5142.55,2,2,0
CUST-10818,Female,0,No,No,29,Yes,No,Fiber optic,Yes,No,No,No,Yes,No,Month-to-month,Yes,Bank transfer (automatic),92.76,2701.86,4,3,1
CUST-10819,Male,0,No,No,4,Yes,Yes,No,No internet service,No internet service,No internet service,No internet service,No internet service,No internet service,Month-to-month,Yes,Mailed check,19.49,90.02,3,4,0
CUST-10820,Male,0,Yes,No,6,Yes,Yes,DSL,No,Yes,No,No,Yes,No,Two year,No,Mailed check,53.85,291.56,1,4,0
CUST-10821,Female,0,No,No,29,Yes,Yes,DSL,No,Yes,Yes,No,Yes,Yes,Month-to-month,Yes,Bank transfer (automatic),78.38,2263.22,1,1,1
CUST-10822,Female,0,Yes,No,37,Yes,No,DSL,No,No,No,Yes,No,Yes,Month-to-month,Yes,Mailed check,58.63,2147.33,0,2,0
CUST-10823,Male,0,Yes,No,6,Yes,No,Fiber optic,Yes,No,No,No,No,No,Month-to-month,No,Bank transfer (automatic),77.79,463.35,0,4,1
CUST-10824,Female,0,Yes,No,7,Yes,Yes,DSL,No,Yes,No,Yes,Yes,Yes,Month-to-month,Yes,Credit card (automatic),71.25,485.17,2,3,1
CUST-10825,Female,0,No,Yes,9,Yes,No,DSL,Yes,No,No,No,No,No,Month-to-month,No,Electronic check,50.92,461.76,1,1,1
CUST-10826,Male,0,Yes,No,22,Yes,No,Fiber optic,No,No,Yes,Yes,No,No,Month-to-month,Yes,Mailed check,87.15,1894.29,3,4,0
CUST-10827,Female,0,No,Yes,4,Yes,Yes,DSL,Yes,No,No,Yes,No,No,Month-to-month,No,Credit card (automatic),58.05,240.05,1,1,1
CUST-10828,Male,0,No,No,2,Yes,Yes,No,No internet service,No internet service,No internet service,No internet service,No internet service,No internet service,Month-to-month,Yes,Credit card (automatic),18.25,83.02,2,2,0
CUST-10829,Female,0,Yes,No,28,Yes,No,Fiber optic,Yes,Yes,No,No,Yes,No,Two year,No,Credit card (automatic),101.78,2855.76,0,5,0
CUST-10830,Male,0,No,Yes,37,Yes,No,DSL,Yes,Yes,Yes,No,No,No,Month-to-month,Yes,Credit card (automatic),70.39,2629.73,2,2,1
CUST-10831,Male,0,No,No,17,Yes,Yes,Fiber optic,No,No,Yes,No,No,Yes,Month-to-month,Yes,Electronic check,87.7,1486.78,0,1,1
CUST-10832,Male,0,No,No,11,Yes,Yes,DSL,Yes,No,Yes,Yes,No,No,Month-to-month,Yes,Electronic check,70.08,749.97,4,1,1
CUST-10833,Female,0,Yes,No,14,Yes,Yes,Fiber optic,Yes,No,No,No,No,No,One year,Yes,Electronic check,81.09,1127.67,1,5,0
CUST-10834,Male,1,No,No,12,No,No phone service,DSL,No,No,Yes,Yes,No,Yes,Two year,No,Electronic check,67.59,821.83,3,3,0
CUST-10835,Female,0,Yes,No,72,No,No phone service,Fiber optic,Yes,Yes,No,No,Yes,No,Month-to-month,No,Electronic check,93.91,6760.68,0,3,0
CUST-10836,Male,1,No,No,36,Yes,No,Fiber optic,Yes,No,No,No,Yes,Yes,Two year,Yes,Credit card (automatic),99.08,3559.68,1,3,0
CUST-10837,Male,0,No,No,5,Yes,Yes,DSL,Yes,No,No,No,Yes,No,One year,Yes,Mailed check,62.43,326.64,2,2,0
CUST-10838,Female,0,Yes,No,12,Yes,No,DSL,Yes,Yes,No,Yes,Yes,Yes,Month-to-month,No,Electronic check,83.17,995.93,1,4,1
CUST-10839,Male,0,No,No,19,Yes,Yes,No,No internet service,No internet service,No internet service,No internet service,No internet service,No internet service,Month-to-month,No,Bank transfer (automatic),18.42,317.5,1,5,0
CUST-10840,Male,1,No,No,23,Yes,Yes,DSL,No,Yes,No,No,Yes,Yes,Month-to-month,Yes,Electronic check,61.52,1426.63,1,5,0
CUST-10841,Female,0,No,Yes,15,Yes,Yes,DSL,No,No,No,No,Yes,No,Two year,No,Electronic check,55.09,830.59,0,1,0
CUST-10842,Male,0,Yes,No,41,No,No phone service,DSL,Yes,Yes,No,Yes,Yes,No,Two year,No,Electronic check,74.39,3072.2,2,1,0
CUST-10843,Male,0,Yes,No,36,Yes,No,Fiber optic,No,Yes,No,No,No,No,One year,Yes,Bank transfer (automatic),80.17,2893.61,5,4,0
CUST-10844,Male,0,No,No,17,Yes,Yes,Fiber optic,No,No,No,No,No,Yes,One year,Yes,Credit card (automatic),80.64,1358.52,3,2,0
CUST-10845,Male,0,No,No,48,Yes,No,Fiber optic,No,Yes,Yes,No,Yes,No,Month-to-month,No,Electronic check,98.33,4725.92,2,3,0
CUST-10846,Female,0,No,No,34,Yes,Yes,Fiber optic,Yes,No,No,No,Yes,No,Two year,Yes,Bank transfer (automatic),86.34,2932.83,3,3,0
CUST-10847,Female,0,Yes,Yes,37,Yes,No,Fiber optic,Yes,No,No,No,Yes,No,One year,No,Electronic check,91.28,3380.92,1,4,0
CUST-10848,Male,0,Yes,No,72,Yes,Yes,No,No internet service,No internet service,No internet service,No internet service,No internet service,No internet service,Month-to-month,Yes,Electronic check,19.24,1406.13,0,1,0
CUST-10849,Female,0,No,No,7,Yes,No,No,No internet service,No internet service,No internet service,No internet service,No internet service,No internet service,Two year,Yes,Electronic check,18.25,119.58,1,2,0
CUST-10850,Male,0,No,No,7,Yes,No,No,No internet service,No internet service,No internet service,No internet service,No internet service,No internet service,Month-to-month,Yes,Electronic check,18.25,121.87,0,3,0
CUST-10851,Female,0,Yes,Yes,54,Yes,Yes,No,No internet service,No internet service,No internet service,No internet service,No internet service,No internet service,Month-to-month,Yes,Mailed check,21.05,1088.95,1,2,0
CUST-10852,Male,1,No,No,36,Yes,Yes,Fiber optic,No,Yes,No,No,No,Yes,Two year,No,Bank transfer (automatic),82.56,3005.42,1,5,0
CUST-10853,Male,0,No,No,65,Yes,No,Fiber optic,No,No,No,No,No,No,One year,No,Electronic check,73.07,4749.28,2,4,0
CUST-10854,Male,0,Yes,Yes,1,Yes,Yes,DSL,No,No,No,Yes,No,No,One year,No,Electronic check,54.44,42.06,1,1,0
CUST-10855,Male,0,Yes,No,24,Yes,No,No,No internet service,No internet service,No internet service,No internet service,No internet service,No internet service,One year,Yes,Credit card (automatic),19.68,491.13,2,4,0
CUST-10856,Male,0,Yes,Yes,3,Yes,Yes,DSL,No,No,Yes,No,No,Yes,Month-to-month,Yes,Electronic check,63.64,216.47,0,3,1
CUST-10857,Male,0,No,No,17,Yes,No,DSL,No,No,Yes,No,No,Yes,Month-to-month,Yes,Bank transfer (automatic),60.41,996.28,5,2,1
CUST-10858,Female,0,Yes,No,4,Yes,No,Fiber optic,No,No,Yes,Yes,Yes,Yes,One year,No,Bank transfer (automatic),103.02,400.33,2,2,1
CUST-10859,Male,0,Yes,Yes,3,No,No phone service,Fiber optic,No,Yes,No,No,Yes,No,Month-to-month,No,Electronic check,89.28,273.19,1,4,1
CUST-10860,Female,0,No,Yes,1,Yes,Yes,Fiber optic,No,No,Yes,Yes,Yes,Yes,Month-to-month,No,Electronic check,105.43,83.1,1,5,1
CUST-10861,Male,0,Yes,No,24,Yes,No,Fiber optic,No,Yes,Yes,No,Yes,Yes,One year,No,Electronic check,102.57,2449.94,2,4,0
CUST-10862,Female,0,Yes,No,11,Yes,Yes,No,No internet service,No internet service,No internet service,No internet service,No internet service,No internet service,Two year,Yes,Bank transfer (automatic),21.82,214.37,1,2,0
CUST-10863,Female,0,Yes,No,2,No,No phone service,Fiber optic,No,No,Yes,No,Yes,No,Month-to-month,Yes,Mailed check,95.46,191.53,1,4,1
CUST-10864,Female,1,No,No,9,Yes,Yes,No,No internet service,No internet service,No internet service,No internet service,No internet service,No internet service,Month-to-month,Yes,Mailed check,18.25,144.4,1,3,0
CUST-10865,Male,0,No,No,4,Yes,Yes,Fiber optic,No,Yes,No,No,No,No,Two year,Yes,Credit card (automatic),84.37,386.49,2,3,0
CUST-10866,Male,0,Yes,Yes,71,Yes,No,No,No internet service,No internet service,No internet service,No internet service,No internet service,No internet service,Month-to-month,Yes,Mailed check,18.25,1329.98,2,2,0
CUST-10867,Female,0,No,No,9,Yes,Yes,DSL,No,No,No,No,No,Yes,Two year,No,Credit card (automatic),50.44,431.88,2,1,0
CUST-10868,Male,0,No,No,10,Yes,No,DSL,Yes,Yes,Yes,No,Yes,Yes,Month-to-month,Yes,Bank transfer (automatic),81.37,778.09,0,2,1
CUST-10869,Female,0,Yes,No,45,Yes,No,Fiber optic,No,Yes,Yes,No,No,Yes,Two year,Yes,Electronic check,95.71,4277.37,2,3,0
CUST-10870,Male,0,Yes,No,26,Yes,Yes,DSL,No,Yes,No,No,No,Yes,Month-to-month,Yes,Mailed check,61.93,1600.41,2,4,0
CUST-10871,Female,0,Yes,Yes,30,No,No phone service,No,No internet service,No internet service,No internet service,No internet service,No internet service,No internet service,Two year,Yes,Credit card (automatic),20.15,607.83,2,1,0
CUST-10872,Female,0,Yes,Yes,25,Yes,No,Fiber optic,No,No,Yes,Yes,No,Yes,Month-to-month,No,Electronic check,96.92,2396.18,3,3,1
CUST-10873,Male,0,No,No,72,Yes,Yes,Fiber optic,No,Yes,No,No,Yes,No,One year,No,Bank transfer (automatic),91.07,6551.1,0,2,0
CUST-10874,Female,0,No,No,5,Yes,No,Fiber optic,No,No,Yes,No,No,Yes,One year,Yes,Electronic check,91.24,451.34,4,3,1
CUST-10875,Male,0,Yes,No,72,Yes,Yes,Fiber optic,Yes,Yes,No,Yes,No,Yes,One year,Yes,Credit card (automatic),104.94,7531.21,3,4,0
CUST-10876,Female,0,Yes,No,44,Yes,No,Fiber optic,Yes,No,No,No,No,No,Month-to-month,Yes,Bank transfer (automatic),85.5,3789.59,3,5,0
CUST-10877,Female,0,Yes,No,22,Yes,No,DSL,No,No,No,No,No,No,Month-to-month,No,Electronic check,45.29,1002.6,3,4,1
CUST-10878,Male,0,No,No,27,Yes,No,Fiber optic,Yes,Yes,Yes,No,Yes,Yes,Month-to-month,No,Credit card (automatic),118.75,3215.27,2,4,1
CUST-10879,Male,0,Yes,No,26,Yes,Yes,DSL,No,No,Yes,No,Yes,No,Month-to-month,Yes,Electronic check,57.26,1537.21,1,3,1
CUST-10880,Male,0,No,Yes,1,Yes,Yes,No,No internet service,No internet service,No internet service,No internet service,No internet service,No internet service,One year,Yes,Mailed check,18.25,18.25,1,2,0
CUST-10881,Female,0,Yes,Yes,6,Yes,Yes,DSL,No,Yes,Yes,Yes,Yes,Yes,Month-to-month,Yes,Bank transfer (automatic),83.07,516.82,3,4,1
CUST-10882,Male,0,No,No,72,No,No phone service,Fiber optic,No,No,No,No,No,Yes,One year,No,Credit card (automatic),85.24,6170.66,1,4,0
CUST-10883,Female,0,No,No,19,No,No phone service,DSL,Yes,No,No,Yes,No,Yes,Month-to-month,Yes,Mailed check,66.48,1293.43,4,2,1
CUST-10884,Female,0,Yes,No,11,No,No phone service,Fiber optic,No,No,No,Yes,Yes,Yes,Month-to-month,No,Credit card (automatic),95.04,1058.37,1,2,1
CUST-10885,Male,1,No,No,35,Yes,Yes,Fiber optic,No,Yes,No,No,Yes,No,Month-to-month,Yes,Electronic check,90.02,3115.5,2,1,1
CUST-10886,Male,0,No,No,18,Yes,Yes,Fiber optic,Yes,No,No,No,Yes,No,Month-to-month,Yes,Electronic check,89.24,1613.05,0,3,1
CUST-10887,Female,0,Yes,Yes,1,No,No phone service,No,No internet service,No internet service,No internet service,No internet service,No internet service,No internet service,Month-to-month,Yes,Electronic check,19.43,18.25,3,2,1
CUST-10888,Female,0,No,No,33,Yes,No,DSL,Yes,No,No,No,Yes,No,One year,No,Bank transfer (automatic),57.66,1907.24,1,5,0
CUST-10889,Male,0,Yes,Yes,32,Yes,No,Fiber optic,Yes,No,Yes,No,Yes,Yes,One year,No,Electronic check,103.45,3330.99,3,1,1
CUST-10890,Male,0,No,Yes,4,Yes,Yes,DSL,Yes,Yes,No,No,Yes,Yes,Two year,Yes,Electronic check,77.87,318.32,1,2,0
CUST-10891,Male,1,Yes,No,72,Yes,Yes,Fiber optic,No,Yes,No,No,No,No,Month-to-month,Yes,Credit card (automatic),86.32,6192.36,2,4,0
CUST-10892,Male,1,No,Yes,6,Yes,No,No,No internet service,No internet service,No internet service,No internet service,No internet service,No internet service,One year,Yes,Electronic check,19.51,89.27,2,5,0
CUST-10893,Male,0,No,No,15,Yes,No,No,No internet service,No internet service,No internet service,No internet service,No internet service,No internet service,One year,No,Mailed check,18.25,258.03,1,4,0
CUST-10894,Female,1,No,Yes,3,Yes,Yes,Fiber optic,No,Yes,Yes,Yes,No,Yes,Month-to-month,No,Bank transfer (automatic),101.99,303.97,2,5,1
CUST-10895,Female,1,No,Yes,23,Yes,Yes,Fiber optic,No,Yes,No,Yes,No,No,Two year,No,Electronic check,86.22,2010.44,2,1,0
CUST-10896,Female,0,No,No,11,Yes,No,DSL,No,No,No,No,Yes,Yes,Two year,Yes,Mailed check,62.69,694.9,4,4,0
CUST-10897,Female,1,Yes,No,10,Yes,No,DSL,No,No,No,Yes,No,Yes,Month-to-month,No,Bank transfer (automatic),60.51,602.63,3,3,1
CUST-10898,Male,0,No,Yes,43,Yes,Yes,Fiber optic,No,No,No,No,No,No,Month-to-month,Yes,Bank transfer (automatic),74.42,3195.97,0,4,0
CUST-10899,Male,0,No,Yes,1,Yes,No,DSL,No,No,No,No,Yes,Yes,Two year,Yes,Credit card (automatic),62.66,58.83,1,3,0
CUST-10900,Male,0,No,No,39,Yes,No,Fiber optic,No,Yes,No,Yes,Yes,Yes,Month-to-month,Yes,Mailed check,106.23,4159.87,1,3,0
CUST-10901,Female,0,No,No,21,Yes,Yes,DSL,No,Yes,Yes,No,No,No,Two year,Yes,Credit card (automatic),52.68,1085.23,1,2,0
CUST-10902,Female,1,No,No,72,Yes,No,Fiber optic,No,No,No,No,Yes,Yes,Month-to-month,No,Bank transfer (automatic),87.84,6347.29,2,3,0
CUST-10903,Male,0,No,No,22,Yes,Yes,DSL,Yes,No,No,No,No,No,Month-to-month,Yes,Bank transfer (automatic),52.37,1167.02,1,2,1
CUST-10904,Male,0,Yes,Yes,1,Yes,No,DSL,No,No,No,No,Yes,No,Month-to-month,Yes,Electronic check,57.82,52.48,3,2,1
CUST-10905,Female,0,Yes,No,1,Yes,No,DSL,No,No,Yes,Yes,Yes,No,Month-to-month,No,Bank transfer (automatic),72.44,127.09,1,2,1
CUST-10906,Female,1,Yes,No,53,Yes,Yes,DSL,No,No,No,Yes,Yes,No,Two year,No,Bank transfer (automatic),53.39,2850.21,0,2,0
CUST-10907,Male,1,Yes,No,46,Yes,No,DSL,No,No,No,Yes,Yes,Yes,One year,Yes,Bank transfer (automatic),63.69,2926.01,4,2,0
CUST-10908,Male,0,No,Yes,10,Yes,No,Fiber optic,No,No,No,No,No,Yes,Month-to-month,Yes,Bank transfer (automatic),82.93,844.63,3,5,1
CUST-10909,Female,0,Yes,No,24,Yes,No,Fiber optic,No,No,Yes,No,No,No,Month-to-month,No,Mailed check,84.39,2019.23,2,3,0
CUST-10910,Male,0,Yes,Yes,16,Yes,Yes,Fiber optic,No,No,Yes,No,No,No,Month-to-month,Yes,Bank transfer (automatic),80.52,1273.38,2,3,1
CUST-10911,Male,0,No,Yes,72,Yes,Yes,Fiber optic,Yes,No,No,No,Yes,No,One year,Yes,Bank transfer (automatic),91.55,6581.82,1,3,0
CUST-10912,Male,0,Yes,Yes,72,No,No phone service,DSL,Yes,No,Yes,No,No,Yes,One year,Yes,Mailed check,65.51,4716.59,1,2,0
CUST-10913,Female,0,Yes,Yes,72,No,No phone service,Fiber optic,Yes,Yes,No,No,No,No,Two year,Yes,Electronic check,88.22,6318.04,3,1,0
CUST-10914,Female,0,Yes,No,50,Yes,No,Fiber optic,No,No,No,Yes,No,Yes,Month-to-month,Yes,Credit card (automatic),86.65,4304.4,1,1,0
CUST-10915,Female,0,Yes,No,60,Yes,No,No,No internet service,No internet service,No internet service,No internet service,No internet service,No internet service,Month-to-month,No,Credit card (automatic),18.25,1102.95,2,4,0
CUST-10916,Female,0,No,Yes,6,Yes,No,DSL,No,Yes,Yes,Yes,No,Yes,Two year,No,Mailed check,73.48,433.09,2,1,0
CUST-10917,Female,0,No,No,44,No,No phone service,DSL,No,Yes,Yes,Yes,Yes,Yes,Month-to-month,No,Credit card (automatic),85.89,3818.72,3,2,1
CUST-10918,Female,0,No,No,30,Yes,Yes,Fiber optic,No,Yes,Yes,Yes,No,Yes,Month-to-month,No,Electronic check,106.44,3206.6,2,5,1
CUST-10919,Female,0,Yes,No,72,Yes,Yes,Fiber optic,Yes,Yes,No,Yes,No,No,Month-to-month,No,Electronic check,98.31,7087.11,0,4,0
CUST-10920,Male,0,No,No,21,Yes,Yes,DSL,Yes,Yes,Yes,No,Yes,Yes,Month-to-month,No,Bank transfer (automatic),81.65,1724.23,2,1,0
CUST-10921,Male,0,Yes,Yes,2,Yes,No,No,No internet service,No internet service,No internet service,No internet service,No internet service,No internet service,Month-to-month,No,Credit card (automatic),21.27,38.93,2,3,0
CUST-10922,Male,0,Yes,No,22,Yes,No,Fiber optic,No,Yes,Yes,No,Yes,Yes,Month-to-month,Yes,Bank transfer (automatic),103.58,2293.3,3,3,1
CUST-10923,Male,0,Yes,No,29,Yes,No,DSL,No,Yes,No,Yes,No,No,Two year,Yes,Electronic check,57.59,1669.06,1,3,0
CUST-10924,Male,0,Yes,No,6,Yes,Yes,No,No internet service,No internet service,No internet service,No internet service,No internet service,No internet service,One year,No,Electronic check,21.59,136.26,2,3,0
CUST-10925,Male,0,Yes,No,12,Yes,Yes,DSL,Yes,Yes,Yes,No,No,Yes,Month-to-month,Yes,Bank transfer (automatic),73.3,875.04,2,2,1
CUST-10926,Male,0,Yes,No,22,Yes,No,Fiber optic,No,No,No,No,No,Yes,Month-to-month,No,Credit card (automatic),79.3,1768.35,0,5,0
CUST-10927,Female,0,No,No,11,Yes,No,DSL,No,Yes,Yes,No,No,Yes,Two year,No,Electronic check,68.8,741.04,0,2,0
CUST-10928,Female,1,Yes,Yes,11,Yes,No,No,No internet service,No internet service,No internet service,No internet service,No internet service,No internet service,Month-to-month,Yes,Mailed check,18.25,159.1,1,2,0
CUST-10929,Male,0,Yes,No,3,Yes,Yes,DSL,No,Yes,Yes,Yes,Yes,No,One year,No,Credit card (automatic),76.17,218.75,5,3,0
CUST-10930,Male,0,Yes,Yes,70,No,No phone service,No,No internet service,No internet service,No internet service,No internet service,No internet service,No internet service,Month-to-month,Yes,Mailed check,21.22,1515.92,1,2,0
CUST-10931,Female,1,No,No,34,Yes,Yes,DSL,Yes,Yes,No,Yes,No,No,Month-to-month,No,Electronic check,63.64,2180.46,0,2,1
CUST-10932,Male,0,Yes,Yes,1,Yes,Yes,No,No internet service,No internet service,No internet service,No internet service,No internet service,No internet service,Month-to-month,Yes,Credit card (automatic),18.25,41.91,1,1,0
CUST-10933,Male,0,No,No,36,Yes,No,No,No internet service,No internet service,No internet service,No internet service,No internet service,No internet service,One year,No,Mailed check,23.91,863.49,1,3,0
CUST-10934,Female,0,No,No,33,Yes,Yes,DSL,Yes,Yes,No,No,No,No,Month-to-month,Yes,Mailed check,61.87,2044.48,0,2,1
CUST-10935,Male,0,Yes,No,1,Yes,No,DSL,No,Yes,No,Yes,Yes,Yes,Two year,No,Electronic check,76.46,64.18,0,5,0
CUST-10936,Female,0,Yes,No,11,Yes,No,DSL,No,No,Yes,Yes,Yes,Yes,Month-to-month,Yes,Mailed check,75.65,820.82,3,1,1
CUST-10937,Male,0,Yes,No,23,Yes,Yes,No,No internet service,No internet service,No internet service,No internet service,No internet service,No internet service,One year,No,Bank transfer (automatic),22.14,509.84,1,1,0
CUST-10938,Female,1,No,No,15,Yes,Yes,No,No internet service,No internet service,No internet service,No internet service,No internet service,No internet service,Month-to-month,Yes,Bank transfer (automatic),22.14,332.53,0,2,0
CUST-10939,Female,1,Yes,No,37,Yes,No,Fiber optic,No,No,No,No,No,Yes,Two year,No,Mailed check,80.09,2961.35,1,3,0
CUST-10940,Female,0,Yes,No,13,No,No phone service,DSL,No,No,No,No,No,Yes,Two year,Yes,Bank transfer (automatic),51.93,681.11,1,4,0
CUST-10941,Male,0,Yes,No,4,Yes,Yes,No,No internet service,No internet service,No internet service,No internet service,No internet service,No internet service,Month-to-month,No,Mailed check,18.68,66.16,1,3,0
CUST-10942,Female,0,No,No,72,No,No phone service,DSL,No,No,No,No,Yes,No,Month-to-month,No,Bank transfer (automatic),54.22,3911.88,0,4,0
CUST-10943,Male,1,Yes,No,6,Yes,Yes,DSL,No,No,No,No,No,Yes,Month-to-month,Yes,Electronic check,53.01,344.3,3,3,1
CUST-10944,Male,1,Yes,Yes,31,Yes,No,Fiber optic,No,Yes,No,No,No,No,One year,Yes,Electronic check,86.3,2715.75,3,1,1
CUST-10945,Male,0,No,No,3,Yes,No,DSL,Yes,No,No,No,Yes,Yes,Two year,Yes,Credit card (automatic),68.34,191.01,1,2,0
CUST-10946,Male,0,No,No,9,Yes,No,No,No internet service,No internet service,No internet service,No internet service,No internet service,No internet service,Month-to-month,No,Electronic check,20.11,205.39,2,3,0
CUST-10947,Female,0,No,No,14,Yes,Yes,No,No internet service,No internet service,No internet service,No internet service,No internet service,No internet service,Month-to-month,No,Electronic check,22.45,330.16,0,5,0
CUST-10948,Female,0,Yes,No,5,Yes,No,Fiber optic,No,Yes,No,Yes,No,No,Month-to-month,No,Electronic check,92.48,486.73,1,3,1
CUST-10949,Male,0,No,Yes,14,Yes,Yes,DSL,No,Yes,Yes,Yes,No,No,Month-to-month,No,Mailed check,71.17,1036.6,5,4,0
CUST-10950,Male,0,No,No,4,Yes,Yes,No,No internet service,No internet service,No internet service,No internet service,No internet service,No internet service,Month-to-month,Yes,Electronic check,20.61,112.87,1,1,1
CUST-10951,Female,0,Yes,No,20,No,No phone service,DSL,No,No,No,Yes,Yes,No,Month-to-month,No,Mailed check,66.16,1298.62,1,4,0
CUST-10952,Male,0,No,No,27,Yes,Yes,DSL,Yes,No,Yes,Yes,No,Yes,Month-to-month,No,Credit card (automatic),77.77,2101.45,1,3,1
CUST-10953,Female,0,Yes,Yes,1,No,No phone service,Fiber optic,No,No,Yes,Yes,No,No,Two year,No,Credit card (automatic),96.29,80.43,1,2,0
CUST-10954,Male,1,No,No,51,Yes,Yes,DSL,Yes,No,No,Yes,No,No,Month-to-month,Yes,Electronic check,60.26,3078.39,3,1,0
CUST-10955,Male,0,Yes,No,5,Yes,No,DSL,Yes,No,No,No,No,Yes,Month-to-month,Yes,Electronic check,66.81,375.48,1,2,1
CUST-10956,Female,0,No,Yes,6,Yes,No,DSL,Yes,No,No,Yes,Yes,No,Month-to-month,Yes,Electronic check,69.65,432.19,2,4,1
CUST-10957,Male,0,Yes,Yes,27,Yes,No,DSL,No,Yes,No,Yes,Yes,Yes,Two year,Yes,Electronic check,71.93,1944.46,0,3,0
CUST-10958,Female,0,No,No,15,Yes,No,Fiber optic,No,No,No,Yes,No,Yes,One year,Yes,Electronic check,87.14,1292.27,1,3,0
CUST-10959,Male,0,Yes,Yes,17,Yes,Yes,No,No internet service,No internet service,No internet service,No internet service,No internet service,No internet service,Month-to-month,Yes,Credit card (automatic),19.11,318.69,1,4,0
CUST-10960,Male,0,No,No,3,Yes,Yes,DSL,No,No,Yes,Yes,No,No,One year,Yes,Electronic check,59.07,199.86,2,2,0
CUST-10961,Male,0,No,Yes,40,Yes,No,DSL,Yes,No,Yes,No,No,No,One year,No,Mailed check,61.02,2424.75,0,2,0
CUST-10962,Female,0,Yes,No,23,Yes,No,No,No internet service,No internet service,No internet service,No internet service,No internet service,No internet service,Two year,No,Mailed check,25.28,612.14,0,3,0
CUST-10963,Male,0,No,No,3,Yes,No,No,No internet service,No internet service,No internet service,No internet service,No internet service,No internet service,Two year,Yes,Bank transfer (automatic),20.97,79.49,1,3,0
CUST-10964,Male,0,No,No,11,Yes,Yes,No,No internet service,No internet service,No internet service,No internet service,No internet service,No internet service,Month-to-month,No,Credit card (automatic),18.25,177.73,2,2,0
CUST-10965,Male,0,Yes,No,41,Yes,No,DSL,No,Yes,No,No,No,Yes,Month-to-month,No,Credit card (automatic),61.32,2543.62,6,3,0
CUST-10966,Male,0,Yes,No,21,Yes,Yes,DSL,No,Yes,No,No,No,No,One year,Yes,Electronic check,51.29,1050.68,3,1,0
CUST-10967,Female,0,No,No,2,Yes,Yes,Fiber optic,No,No,No,No,No,No,Two year,Yes,Electronic check,73.95,115.71,1,1,0
CUST-10968,Female,0,Yes,Yes,11,Yes,Yes,Fiber optic,No,Yes,No,Yes,Yes,No,Month-to-month,Yes,Electronic check,96.94,1079.32,1,5,1
CUST-10969,Male,0,Yes,No,6,Yes,Yes,DSL,Yes,Yes,No,No,Yes,No,Month-to-month,Yes,Mailed check,66.4,417.69,1,3,1
CUST-10970,Female,0,Yes,Yes,18,Yes,Yes,DSL,No,Yes,Yes,No,No,Yes,Month-to-month,No,Credit card (automatic),63.61,1138.99,3,2,1
CUST-10971,Male,0,Yes,No,46,Yes,Yes,Fiber optic,Yes,Yes,Yes,No,No,No,Month-to-month,Yes,Electronic check,97.79,4483.19,0,2,1
CUST-10972,Male,0,Yes,Yes,14,Yes,No,No,No internet service,No internet service,No internet service,No internet service,No internet service,No internet service,Month-to-month,No,Credit card (automatic),25.22,349.21,3,3,0
CUST-10973,Male,0,Yes,No,14,Yes,No,DSL,No,No,No,No,No,No,Month-to-month,Yes,Electronic check,47.4,669.94,0,5,0
CUST-10974,Female,0,No,No,58,Yes,No,DSL,Yes,Yes,No,No,No,No,Two year,Yes,Bank transfer (automatic),56.43,3275.32,0,4,0
CUST-10975,Female,0,No,Yes,21,Yes,No,Fiber optic,No,No,No,Yes,Yes,No,Two year,Yes,Credit card (automatic),82.41,1716.52,0,5,0
CUST-10976,Female,1,Yes,Yes,20,Yes,No,Fiber optic,Yes,Yes,Yes,No,No,No,One year,Yes,Credit card (automatic),98.49,1945.09,1,1,0
CUST-10977,Female,0,No,No,7,Yes,Yes,No,No internet service,No internet service,No internet service,No internet service,No internet service,No internet service,Month-to-month,No,Mailed check,21.73,144.79,0,2,0
CUST-10978,Female,0,No,No,23,Yes,Yes,Fiber optic,No,No,Yes,Yes,Yes,Yes,Two year,No,Electronic check,106.73,2434.92,1,3,0
CUST-10979,Female,0,No,No,21,Yes,No,DSL,Yes,Yes,Yes,No,Yes,No,Month-to-month,Yes,Bank transfer (automatic),75.34,1591.01,1,2,1
CUST-10980,Female,0,Yes,No,12,Yes,No,DSL,No,Yes,No,No,Yes,Yes,Month-to-month,Yes,Electronic check,64.39,795.71,1,5,1
CUST-10981,Female,0,Yes,Yes,72,Yes,Yes,DSL,No,No,No,Yes,Yes,No,Two year,No,Electronic check,64.99,4667.67,0,2,0
CUST-10982,Female,0,No,No,53,Yes,No,DSL,No,No,Yes,Yes,Yes,No,One year,Yes,Credit card (automatic),67.12,3575.92,0,2,0
CUST-10983,Male,1,No,Yes,34,No,No phone service,Fiber optic,Yes,No,No,Yes,No,No,Month-to-month,No,Mailed check,88.44,3038.89,0,3,0
CUST-10984,Female,0,No,No,19,Yes,Yes,Fiber optic,No,No,No,No,No,No,Two year,Yes,Bank transfer (automatic),76.48,1438.97,1,4,0
CUST-10985,Female,0,No,No,15,Yes,Yes,DSL,No,No,Yes,No,No,Yes,Two year,No,Credit card (automatic),58.49,884.41,1,3,0
CUST-10986,Female,0,Yes,No,5,Yes,Yes,No,No internet service,No internet service,No internet service,No internet service,No internet service,No internet service,Two year,Yes,Electronic check,18.25,91.65,1,1,0
CUST-10987,Female,0,No,No,9,Yes,Yes,Fiber optic,No,Yes,No,No,No,No,Month-to-month,No,Mailed check,81.04,706.8,0,4,1
CUST-10988,Female,0,Yes,Yes,37,Yes,Yes,Fiber optic,No,Yes,Yes,No,No,Yes,Month-to-month,Yes,Mailed check,98.23,3634.53,4,5,0
CUST-10989,Female,0,Yes,No,15,Yes,No,Fiber optic,Yes,Yes,No,Yes,Yes,Yes,Month-to-month,Yes,Credit card (automatic),116.43,1737.56,5,4,1
CUST-10990,Female,0,No,No,53,Yes,Yes,DSL,No,No,No,Yes,No,Yes,One year,Yes,Mailed check,54.59,2882.36,5,4,0
CUST-10991,Female,0,Yes,Yes,4,Yes,Yes,Fiber optic,Yes,No,No,No,Yes,Yes,Two year,No,Mailed check,98.77,390.16,0,4,0
CUST-10992,Female,1,Yes,Yes,17,No,No phone service,Fiber optic,No,Yes,Yes,Yes,No,No,Two year,Yes,Mailed check,100.02,1689.96,0,4,0
CUST-10993,Female,1,No,No,26,Yes,Yes,DSL,Yes,Yes,No,No,No,Yes,Two year,No,Electronic check,68.72,1813.19,0,4,0
CUST-10994,Female,0,Yes,No,18,No,No phone service,Fiber optic,No,No,No,Yes,No,Yes,Month-to-month,Yes,Mailed check,91.91,1612.87,2,1,1
CUST-10995,Male,0,No,No,55,Yes,No,DSL,No,Yes,No,Yes,Yes,Yes,One year,Yes,Mailed check,79.24,4339.69,1,1,0
CUST-10996,Male,1,No,No,72,Yes,No,Fiber optic,No,No,Yes,Yes,No,Yes,Two year,No,Electronic check,100.33,7222.14,0,1,0
CUST-10997,Female,1,No,Yes,3,Yes,Yes,No,No internet service,No internet service,No internet service,No internet service,No internet service,No internet service,Month-to-month,No,Credit card (automatic),18.81,39.61,1,3,0
CUST-10998,Female,0,Yes,No,3,Yes,Yes,Fiber optic,Yes,No,Yes,No,Yes,Yes,Month-to-month,No,Mailed check,107.87,337.31,1,2,1
CUST-10999,Male,0,Yes,No,3,Yes,Yes,Fiber optic,Yes,No,Yes,No,Yes,Yes,One year,Yes,Electronic check,105.49,322.09,1,1,1
CUST-11000,Female,0,Yes,Yes,28,Yes,No,No,No internet service,No internet service,No internet service,No internet service,No internet service,No internet service,Month-to-month,No,Electronic check,22.35,622.99,1,1,0
CUST-11001,Male,0,Yes,No,11,No,No phone service,Fiber optic,No,No,No,No,Yes,Yes,Two year,Yes,Electronic check,86.25,950.51,1,1,0
CUST-11002,Male,1,Yes,Yes,33,Yes,Yes,DSL,Yes,No,No,Yes,Yes,Yes,Month-to-month,Yes,Credit card (automatic),74.48,2456.78,1,3,0
CUST-11003,Male,0,No,Yes,12,Yes,Yes,Fiber optic,Yes,No,Yes,Yes,Yes,No,Month-to-month,Yes,Credit card (automatic),106.81,1260.9,1,1,1
CUST-11004,Male,1,Yes,Yes,24,Yes,Yes,Fiber optic,No,No,No,Yes,Yes,No,Two year,Yes,Credit card (automatic),89.62,2163.49,1,4,0
CUST-11005,Male,0,No,No,36,Yes,Yes,DSL,Yes,No,No,No,Yes,No,Two year,Yes,Mailed check,61.6,2193.71,1,5,0
CUST-11006,Female,1,Yes,No,19,No,No phone service,No,No internet service,No internet service,No internet service,No internet service,No internet service,No internet service,One year,Yes,Credit card (automatic),24.03,458.53,0,3,0
CUST-11007,Male,0,No,No,19,Yes,No,DSL,Yes,No,Yes,No,No,Yes,Two year,No,Credit card (automatic),66.68,1271.53,2,3,0
CUST-11008,Female,1,No,No,2,Yes,Yes,DSL,No,No,Yes,No,Yes,Yes,Two year,No,Electronic check,70.15,131.33,1,2,0
CUST-11009,Female,0,Yes,No,13,Yes,Yes,DSL,No,No,Yes,No,Yes,Yes,Two year,Yes,Bank transfer (automatic),64.42,826.43,1,4,0
CUST-11010,Male,0,Yes,No,19,Yes,No,Fiber optic,No,No,Yes,Yes,Yes,Yes,One year,No,Credit card (automatic),107.28,2027.41,3,5,0
CUST-11011,Male,0,No,No,15,Yes,No,DSL,No,No,No,No,No,Yes,One year,Yes,Electronic check,47.6,680.92,1,2,0
CUST-11012,Female,1,No,No,57,Yes,Yes,Fiber optic,Yes,Yes,No,No,No,Yes,One year,Yes,Bank transfer (automatic),98.09,5627.23,0,5,0
CUST-11013,Male,0,No,No,59,Yes,No,Fiber optic,No,No,Yes,No,Yes,No,Month-to-month,Yes,Bank transfer (automatic),90.49,5352.92,3,2,0
CUST-11014,Male,1,Yes,Yes,43,Yes,No,DSL,No,Yes,No,Yes,No,No,Two year,Yes,Mailed check,65.16,2805.53,1,2,0
CUST-11015,Female,1,Yes,No,11,Yes,Yes,No,No internet service,No internet service,No internet service,No internet service,No internet service,No internet service,One year,Yes,Mailed check,18.54,189.92,2,5,0
CUST-11016,Female,0,No,No,31,Yes,No,Fiber optic,No,Yes,No,No,Yes,Yes,Two year,No,Mailed check,91.51,2834.6,3,3,0
CUST-11017,Male,0,No,No,12,Yes,Yes,DSL,No,No,No,No,No,No,Month-to-month,Yes,Mailed check,46.57,549.6,1,1,1
CUST-11018,Female,0,Yes,Yes,6,Yes,Yes,Fiber optic,No,No,No,No,No,No,One year,No,Electronic check,71.96,464.61,0,4,0
CUST-11019,Male,0,No,Yes,10,No,No phone service,Fiber optic,No,No,No,Yes,No,No,Month-to-month,No,Credit card (automatic),82.68,789.46,1,3,1
CUST-11020,Male,0,Yes,No,1,Yes,Yes,DSL,Yes,No,Yes,No,No,No,Month-to-month,Yes,Bank transfer (automatic),58.02,29.36,1,4,0
CUST-11021,Male,0,Yes,Yes,10,Yes,No,DSL,No,No,No,No,Yes,Yes,One year,No,Credit card (automatic),59.38,561.56,3,2,0
CUST-11022,Female,0,Yes,Yes,15,No,No phone service,DSL,No,No,Yes,Yes,Yes,Yes,Two year,Yes,Electronic check,68.56,1043.82,2,4,0
CUST-11023,Female,0,Yes,No,72,Yes,No,Fiber optic,No,Yes,Yes,No,Yes,No,Month-to-month,Yes,Electronic check,92.31,6632.21,1,4,0
CUST-11024,Female,0,No,No,9,Yes,Yes,No,No internet service,No internet service,No internet service,No internet service,No internet service,No internet service,Month-to-month,No,Mailed check,21.15,200.41,1,5,0
CUST-11025,Female,0,Yes,No,58,Yes,Yes,Fiber optic,No,No,Yes,Yes,Yes,No,Two year,Yes,Mailed check,97.06,5628.85,3,3,0
CUST-11026,Female,1,Yes,No,6,Yes,No,DSL,No,Yes,No,Yes,No,Yes,Two year,Yes,Electronic check,64.07,404.24,0,3,0
CUST-11027,Male,0,No,Yes,5,Yes,No,DSL,No,Yes,No,No,Yes,Yes,Month-to-month,Yes,Mailed check,65.84,347.29,3,4,1
CUST-11028,Male,1,No,No,18,Yes,No,DSL,No,No,No,No,No,Yes,Month-to-month,No,Bank transfer (automatic),53.97,974.96,1,1,1
CUST-11029,Male,0,No,Yes,27,Yes,Yes,No,No internet service,No internet service,No internet service,No internet service,No internet service,No internet service,Month-to-month,Yes,Electronic check,19.17,535.7,2,2,0
CUST-11030,Male,0,No,No,1,Yes,No,DSL,No,Yes,No,No,No,No,One year,Yes,Bank transfer (automatic),53.8,31.41,0,2,0
CUST-11031,Female,0,Yes,No,6,No,No phone service,Fiber optic,Yes,No,No,Yes,Yes,No,One year,No,Credit card (automatic),94.87,525.08,0,5,0
CUST-11032,Male,0,No,No,15,Yes,Yes,Fiber optic,Yes,No,No,No,No,Yes,One year,Yes,Electronic check,91.65,1383.06,0,1,1
CUST-11033,Female,0,No,No,10,No,No phone service,Fiber optic,No,No,Yes,No,Yes,Yes,One year,Yes,Bank transfer (automatic),96.78,966.6,0,5,0
CUST-11034,Male,0,No,No,31,Yes,No,Fiber optic,No,Yes,No,No,Yes,Yes,Month-to-month,Yes,Mailed check,98.65,3042.29,2,3,1
CUST-11035,Female,0,Yes,Yes,17,Yes,Yes,No,No internet service,No internet service,No internet service,No internet service,No internet service,No internet service,Month-to-month,Yes,Bank transfer (automatic),20.88,350.25,1,3,0
CUST-11036,Female,0,Yes,No,4,Yes,Yes,Fiber optic,Yes,Yes,Yes,No,No,Yes,One year,No,Bank transfer (automatic),103.79,379.24,3,3,0
CUST-11037,Male,0,No,No,56,No,No phone service,DSL,No,Yes,No,Yes,Yes,No,Two year,Yes,Electronic check,66.43,3706.07,1,4,0
CUST-11038,Male,0,Yes,No,8,Yes,Yes,DSL,No,No,No,Yes,No,No,Two year,Yes,Credit card (automatic),52.05,444.15,2,5,0
CUST-11039,Male,0,No,No,32,Yes,No,No,No internet service,No internet service,No internet service,No internet service,No internet service,No internet service,Two year,Yes,Electronic check,22.05,722.07,1,3,0
CUST-11040,Male,0,No,No,37,Yes,No,DSL,Yes,Yes,No,No,No,No,One year,Yes,Credit card (automatic),65.18,2429.16,0,2,0
CUST-11041,Female,0,No,No,72,Yes,No,DSL,No,Yes,No,No,No,Yes,Month-to-month,No,Electronic check,57.63,4142.46,0,2,0
CUST-11042,Male,0,No,Yes,17,Yes,Yes,Fiber optic,No,No,No,Yes,No,No,Month-to-month,No,Electronic check,85.4,1464.1,2,2,1
CUST-11043,Male,0,No,No,23,No,No phone service,DSL,No,No,No,Yes,Yes,Yes,One year,No,Electronic check,66.71,1563.94,1,2,0
CUST-11044,Female,1,Yes,Yes,10,Yes,No,Fiber optic,No,Yes,No,No,No,No,Month-to-month,Yes,Credit card (automatic),82.19,841.87,0,1,1
CUST-11045,Male,0,No,No,28,Yes,Yes,No,No internet service,No internet service,No internet service,No internet service,No internet service,No internet service,Month-to-month,Yes,Bank transfer (automatic),20.85,598.91,1,4,0
CUST-11046,Male,0,No,No,15,Yes,No,Fiber optic,No,No,Yes,Yes,Yes,Yes,Month-to-month,Yes,Credit card (automatic),103.64,1506.4,1,4,0
CUST-11047,Male,0,Yes,No,14,No,No phone service,Fiber optic,No,Yes,No,Yes,No,Yes,Two year,No,Bank transfer (automatic),96.42,1362.64,1,3,0
CUST-11048,Male,0,Yes,No,48,No,No phone service,DSL,No,No,No,Yes,No,No,Month-to-month,Yes,Mailed check,58.11,2784.28,1,1,0
CUST-11049,Male,0,Yes,Yes,1,Yes,No,DSL,Yes,Yes,No,Yes,No,Yes,Month-to-month,No,Credit card (automatic),75.25,55.54,2,1,1
CUST-11050,Female,0,No,No,53,Yes,No,DSL,No,No,No,Yes,No,No,Two year,Yes,Electronic check,53.99,2874.28,1,3,0
CUST-11051,Male,0,Yes,No,47,Yes,No,Fiber optic,No,No,No,No,No,Yes,One year,Yes,Electronic check,87.96,4135.55,1,1,0
CUST-11052,Male,0,No,No,17,Yes,No,Fiber optic,Yes,No,Yes,No,No,Yes,Month-to-month,No,Electronic check,102.87,1758.05,1,1,1
CUST-11053,Male,0,Yes,Yes,16,Yes,No,Fiber optic,Yes,No,No,No,Yes,No,Two year,Yes,Electronic check,89.47,1419.09,2,1,0
CUST-11054,Male,0,Yes,No,11,Yes,Yes,DSL,Yes,No,No,Yes,Yes,Yes,Month-to-month,Yes,Electronic check,72.67,771.42,2,4,1
CUST-11055,Male,0,No,No,72,Yes,No,DSL,Yes,No,No,No,No,Yes,Two year,Yes,Electronic check,56.78,4127.58,0,4,0
CUST-11056,Female,0,Yes,Yes,2,Yes,No,Fiber optic,Yes,Yes,No,No,Yes,Yes,One year,Yes,Mailed check,101.47,180.43,0,2,1
CUST-11057,Male,0,No,No,22,Yes,No,DSL,No,No,No,Yes,Yes,Yes,Month-to-month,No,Bank transfer (automatic),66.22,1445.27,4,2,1
CUST-11058,Female,0,No,Yes,28,Yes,No,Fiber optic,Yes,No,No,No,Yes,Yes,One year,No,Electronic check,94.19,2654.95,3,2,0
CUST-11059,Female,0,No,No,68,Yes,Yes,No,No internet service,No internet service,No internet service,No internet service,No internet service,No internet service,Month-to-month,No,Bank transfer (automatic),19.81,1374.89,1,3,0
CUST-11060,Male,0,Yes,Yes,37,No,No phone service,Fiber optic,No,No,No,No,No,No,One year,Yes,Electronic check,72.85,2699.97,1,4,0
CUST-11061,Male,0,No,No,25,Yes,Yes,DSL,No,No,No,Yes,Yes,Yes,Two year,No,Credit card (automatic),66.49,1680.37,1,3,0
CUST-11062,Male,0,No,No,3,Yes,No,DSL,Yes,Yes,No,No,No,Yes,Month-to-month,Yes,Electronic check,67.2,211.88,2,1,1
CUST-11063,Male,0,No,No,11,No,No phone service,Fiber optic,Yes,Yes,No,No,Yes,No,Month-to-month,Yes,Credit card (automatic),96.54,1043.38,2,2,1
CUST-11064,Female,0,No,No,3,Yes,Yes,Fiber optic,No,Yes,Yes,No,No,Yes,Two year,Yes,Mailed check,94.34,260.17,1,1,0
CUST-11065,Male,0,No,No,53,Yes,No,Fiber optic,Yes,No,Yes,No,Yes,Yes,Month-to-month,Yes,Bank transfer (automatic),106.07,5641.81,1,4,0
CUST-11066,Male,0,No,Yes,34,No,No phone service,Fiber optic,Yes,No,No,No,Yes,No,One year,No,Electronic check,93.69,3198.12,2,3,0
CUST-11067,Male,0,No,No,35,Yes,No,DSL,No,Yes,No,No,No,No,Month-to-month,Yes,Electronic check,56.12,2019.46,1,5,0
CUST-11068,Male,0,Yes,No,26,Yes,Yes,Fiber optic,No,No,No,No,Yes,No,Month-to-month,Yes,Credit card (automatic),85.07,2195.3,1,2,1
CUST-11069,Male,1,Yes,No,17,Yes,Yes,Fiber optic,No,No,No,No,No,Yes,Month-to-month,No,Mailed check,81.68,1389.03,1,4,0
CUST-11070,Male,0,Yes,Yes,4,Yes,No,DSL,Yes,No,No,Yes,Yes,Yes,Month-to-month,Yes,Mailed check,73.1,294.6,2,3,1
CUST-11071,Female,0,Yes,Yes,10,Yes,Yes,Fiber optic,No,No,Yes,No,Yes,No,Month-to-month,Yes,Credit card (automatic),92.12,893.3,1,4,0
CUST-11072,Female,1,Yes,No,3,No,No phone service,Fiber optic,Yes,No,Yes,No,No,Yes,One year,No,Electronic check,98.48,284.65,0,3,0
CUST-11073,Male,1,Yes,No,32,Yes,Yes,Fiber optic,Yes,Yes,No,Yes,No,No,Month-to-month,No,Electronic check,99.62,3197.95,2,2,1
CUST-11074,Male,1,No,No,4,No,No phone service,DSL,Yes,Yes,No,Yes,Yes,No,One year,Yes,Bank transfer (automatic),80.54,332.06,2,4,0
CUST-11075,Male,0,Yes,No,30,No,No phone service,DSL,Yes,No,Yes,No,Yes,No,One year,Yes,Mailed check,67.43,2010.11,2,1,0
CUST-11076,Female,0,No,No,29,Yes,Yes,No,No internet service,No internet service,No internet service,No internet service,No internet service,No internet service,Month-to-month,No,Bank transfer (automatic),18.25,526.19,0,3,0
CUST-11077,Male,0,Yes,No,15,Yes,Yes,Fiber optic,No,Yes,No,No,Yes,Yes,One year,Yes,Credit card (automatic),95.91,1477.76,2,2,1
CUST-11078,Female,0,Yes,No,3,Yes,Yes,Fiber optic,No,Yes,No,No,Yes,Yes,Month-to-month,No,Electronic check,97.92,292.98,0,2,1
CUST-11079,Male,0,Yes,No,9,Yes,No,Fiber optic,No,No,No,No,Yes,No,Two year,Yes,Bank transfer (automatic),80.79,714.21,2,3,0
CUST-11080,Male,0,Yes,Yes,9,Yes,Yes,DSL,No,No,Yes,No,Yes,Yes,Two year,Yes,Mailed check,69.74,669.37,2,3,0
CUST-11081,Male,0,No,Yes,30,No,No phone service,DSL,No,No,Yes,No,Yes,Yes,Two year,No,Credit card (automatic),69.6,2094.47,2,3,0
CUST-11082,Male,0,No,Yes,3,Yes,Yes,Fiber optic,No,Yes,Yes,Yes,Yes,Yes,Month-to-month,Yes,Electronic check,116.37,332.0,1,3,1
CUST-11083,Female,1,Yes,No,44,Yes,No,No,No internet service,No internet service,No internet service,No internet service,No internet service,No internet service,Two year,Yes,Mailed check,23.89,1072.15,2,2,0
CUST-11084,Female,0,Yes,Yes,35,Yes,No,DSL,No,No,Yes,No,No,No,Two year,Yes,Electronic check,44.93,1551.6,2,4,0
CUST-11085,Male,0,Yes,Yes,5,Yes,Yes,No,No internet service,No internet service,No internet service,No internet service,No internet service,No internet service,Month-to-month,Yes,Bank transfer (automatic),18.25,73.31,2,3,0
CUST-11086,Male,0,No,No,31,Yes,No,Fiber optic,Yes,Yes,No,Yes,Yes,No,One year,Yes,Electronic check,105.33,3254.92,0,3,0
CUST-11087,Female,0,No,Yes,27,No,No phone service,Fiber optic,Yes,No,No,No,No,Yes,Month-to-month,Yes,Credit card (automatic),86.64,2321.71,2,3,0
CUST-11088,Female,0,No,Yes,34,Yes,No,Fiber optic,No,No,Yes,No,No,No,Month-to-month,Yes,Mailed check,82.33,2783.7,1,3,0
CUST-11089,Female,0,No,Yes,5,Yes,No,Fiber optic,No,No,Yes,Yes,Yes,Yes,Month-to-month,No,Mailed check,102.68,491.28,2,4,1
CUST-11090,Female,1,No,Yes,4,Yes,No,No,No internet service,No internet service,No internet service,No internet service,No internet service,No internet service,One year,No,Credit card (automatic),18.76,77.08,2,3,0
CUST-11091,Male,0,Yes,No,6,Yes,No,Fiber optic,No,No,Yes,No,Yes,No,Month-to-month,No,Mailed check,95.02,545.3,4,4,1
CUST-11092,Female,0,Yes,No,11,Yes,Yes,DSL,No,No,Yes,No,No,No,Month-to-month,Yes,Bank transfer (automatic),56.19,591.09,0,4,0
CUST-11093,Male,0,No,No,39,Yes,No,Fiber optic,No,Yes,Yes,Yes,No,No,Two year,Yes,Electronic check,97.59,3815.19,0,4,0
CUST-11094,Female,0,No,No,33,Yes,No,Fiber optic,Yes,Yes,No,No,Yes,Yes,Month-to-month,Yes,Bank transfer (automatic),102.37,3373.74,1,4,0
CUST-11095,Female,0,No,No,64,Yes,No,Fiber optic,No,Yes,No,No,No,No,One year,Yes,Electronic check,83.54,5346.59,3,2,0
CUST-11096,Female,0,No,No,1,Yes,Yes,Fiber optic,Yes,No,No,No,Yes,No,One year,Yes,Credit card (automatic),83.58,78.4,1,4,0
CUST-11097,Female,0,Yes,Yes,1,Yes,Yes,DSL,No,Yes,No,No,Yes,No,Month-to-month,No,Credit card (automatic),62.03,106.39,3,4,1
CUST-11098,Female,0,No,Yes,30,Yes,No,No,No internet service,No internet service,No internet service,No internet service,No internet service,No internet service,Month-to-month,Yes,Electronic check,21.75,652.88,1,1,0
CUST-11099,Male,0,No,No,8,Yes,Yes,DSL,No,No,No,No,No,Yes,One year,Yes,Credit card (automatic),49.03,388.59,3,3,0
CUST-11100,Male,0,Yes,Yes,10,Yes,Yes,DSL,No,No,No,No,No,Yes,Month-to-month,Yes,Mailed check,56.57,573.22,1,3,0
CUST-11101,Female,0,No,Yes,19,Yes,No,Fiber optic,No,Yes,No,No,Yes,No,Two year,Yes,Bank transfer (automatic),88.27,1683.59,4,1,0
CUST-11102,Female,0,No,No,2,Yes,Yes,No,No internet service,No internet service,No internet service,No internet service,No internet service,No internet service,Month-to-month,Yes,Mailed check,18.25,55.79,4,3,0
CUST-11103,Male,0,Yes,No,25,Yes,Yes,Fiber optic,No,No,Yes,No,No,Yes,Month-to-month,Yes,Mailed check,90.59,2268.2,1,5,0
CUST-11104,Female,0,Yes,Yes,9,Yes,No,No,No internet service,No internet service,No internet service,No internet service,No internet service,No internet service,Month-to-month,Yes,Credit card (automatic),18.25,172.67,0,4,0
CUST-11105,Female,0,Yes,Yes,25,Yes,No,DSL,No,No,Yes,No,No,No,One year,Yes,Credit card (automatic),49.97,1264.62,1,1,0
CUST-11106,Male,0,No,No,44,No,No phone service,Fiber optic,Yes,No,No,Yes,Yes,No,One year,Yes,Mailed check,98.61,4360.46,1,3,0
CUST-11107,Female,0,Yes,No,4,Yes,No,DSL,No,No,No,No,No,Yes,Month-to-month,Yes,Mailed check,51.2,195.75,0,3,0
CUST-11108,Female,1,No,Yes,66,Yes,No,No,No internet service,No internet service,No internet service,No internet service,No internet service,No internet service,Month-to-month,Yes,Electronic check,24.3,1574.18,1,4,0
CUST-11109,Male,1,No,No,18,Yes,Yes,Fiber optic,Yes,No,No,No,No,No,Month-to-month,Yes,Electronic check,77.89,1368.85,1,4,0
CUST-11110,Male,0,Yes,No,64,Yes,No,Fiber optic,Yes,No,No,No,No,No,One year,No,Mailed check,82.84,5311.93,1,4,0
CUST-11111,Male,0,No,No,5,Yes,Yes,Fiber optic,Yes,Yes,No,No,Yes,Yes,Month-to-month,Yes,Electronic check,108.06,544.53,2,3,1
CUST-11112,Female,0,No,No,23,Yes,Yes,DSL,No,No,Yes,No,No,No,Two year,No,Bank transfer (automatic),54.94,1237.16,1,4,0
CUST-11113,Male,0,Yes,Yes,12,Yes,No,Fiber optic,No,Yes,Yes,Yes,Yes,No,Two year,Yes,Bank transfer (automatic),102.97,1235.64,0,3,0
CUST-11114,Male,0,Yes,No,37,Yes,Yes,DSL,No,No,No,Yes,Yes,Yes,Two year,No,Bank transfer (automatic),73.03,2693.41,1,1,0
CUST-11115,Male,0,No,No,23,No,No phone service,No,No internet service,No internet service,No internet service,No internet service,No internet service,No internet service,Two year,No,Mailed check,18.25,404.02,1,3,0
CUST-11116,Male,0,No,Yes,17,Yes,No,No,No internet service,No internet service,No internet service,No internet service,No internet service,No internet service,Month-to-month,No,Bank transfer (automatic),19.93,302.01,2,2,0
CUST-11117,Male,1,Yes,No,61,Yes,Yes,Fiber optic,Yes,No,No,No,No,Yes,Month-to-month,Yes,Electronic check,92.8,5653.1,4,3,1
CUST-11118,Male,0,Yes,Yes,11,Yes,Yes,DSL,No,No,Yes,No,Yes,No,Month-to-month,Yes,Mailed check,63.68,707.71,2,4,0
CUST-11119,Female,0,Yes,Yes,6,Yes,No,Fiber optic,No,No,No,No,No,No,Month-to-month,No,Electronic check,72.32,469.83,0,4,1
CUST-11120,Female,0,No,No,23,Yes,No,DSL,Yes,No,No,No,Yes,Yes,Month-to-month,Yes,Bank transfer (automatic),67.96,1536.02,1,3,1
CUST-11121,Male,0,Yes,Yes,24,Yes,Yes,No,No internet service,No internet service,No internet service,No internet service,No internet service,No internet service,One year,No,Mailed check,22.41,529.03,1,4,0
CUST-11122,Male,0,No,No,14,Yes,No,DSL,No,Yes,No,No,Yes,Yes,Month-to-month,No,Electronic check,67.01,970.58,3,1,1
CUST-11123,Male,1,No,No,16,Yes,Yes,No,No internet service,No internet service,No internet service,No internet service,No internet service,No internet service,Two year,No,Electronic check,18.25,311.64,4,5,0
CUST-11124,Female,0,Yes,No,72,Yes,Yes,No,No internet service,No internet service,No internet service,No internet service,No internet service,No internet service,Month-to-month,Yes,Electronic check,18.25,1330.24,2,4,0
CUST-11125,Female,0,No,No,32,Yes,Yes,Fiber optic,No,No,No,No,Yes,No,One year,Yes,Credit card (automatic),80.54,2577.3,2,4,0
CUST-11126,Female,0,Yes,No,2,Yes,Yes,DSL,No,Yes,Yes,No,Yes,No,Month-to-month,Yes,Mailed check,65.85,148.16,2,1,1
CUST-11127,Female,1,No,Yes,5,No,No phone service,Fiber optic,No,Yes,No,No,Yes,No,Two year,No,Bank transfer (automatic),87.73,422.49,1,2,0
CUST-11128,Female,0,Yes,No,72,Yes,Yes,Fiber optic,Yes,No,Yes,No,Yes,Yes,Two year,Yes,Credit card (automatic),110.6,7944.01,2,1,0
CUST-11129,Female,0,No,No,32,Yes,No,Fiber optic,No,Yes,No,Yes,No,No,Month-to-month,Yes,Electronic check,91.67,2901.6,3,4,0
CUST-11130,Female,0,No,Yes,61,Yes,No,No,No internet service,No internet service,No internet service,No internet service,No internet service,No internet service,Month-to-month,No,Credit card (automatic),19.14,1166.41,3,4,0
CUST-11131,Female,0,Yes,Yes,9,Yes,Yes,Fiber optic,No,Yes,Yes,No,No,No,Month-to-month,No,Mailed check,89.34,817.07,1,1,1
CUST-11132,Female,0,Yes,Yes,33,Yes,No,DSL,No,No,No,Yes,Yes,Yes,One year,Yes,Credit card (automatic),67.02,2219.26,1,3,0
CUST-11133,Male,0,Yes,No,31,Yes,Yes,DSL,Yes,No,No,No,Yes,No,Month-to-month,Yes,Electronic check,61.79,1949.83,1,3,0
CUST-11134,Male,0,Yes,No,8,No,No phone service,DSL,No,No,No,Yes,Yes,No,Two year,Yes,Electronic check,56.77,439.0,1,4,0
CUST-11135,Male,0,No,No,20,Yes,Yes,DSL,No,Yes,No,No,Yes,Yes,One year,Yes,Electronic check,64.63,1314.5,3,2,0
CUST-11136,Male,1,No,No,24,No,No phone service,Fiber optic,No,Yes,No,No,No,Yes,One year,Yes,Bank transfer (automatic),89.92,2160.78,1,2,0
CUST-11137,Female,0,Yes,No,16,Yes,Yes,DSL,Yes,No,No,No,No,Yes,Two year,No,Electronic check,51.73,848.45,0,3,0
CUST-11138,Female,0,No,No,43,Yes,Yes,DSL,No,No,Yes,Yes,Yes,Yes,One year,No,Credit card (automatic),72.58,3120.0,1,3,0
CUST-11139,Male,0,No,No,44,Yes,No,DSL,Yes,No,Yes,Yes,Yes,Yes,One year,No,Electronic check,85.19,3747.97,1,1,0
CUST-11140,Female,0,No,No,47,Yes,Yes,Fiber optic,No,Yes,No,Yes,No,Yes,Month-to-month,Yes,Electronic check,99.86,4698.58,3,4,0
CUST-11141,Male,1,Yes,No,40,Yes,No,Fiber optic,No,Yes,No,Yes,No,Yes,Month-to-month,No,Electronic check,92.67,3707.36,3,2,1
CUST-11142,Female,0,Yes,No,16,Yes,No,No,No internet service,No internet service,No internet service,No internet service,No internet service,No internet service,One year,Yes,Bank transfer (automatic),19.67,343.57,1,4,0
CUST-11143,Male,0,Yes,No,12,Yes,No,Fiber optic,Yes,No,No,No,Yes,No,Two year,No,Credit card (automatic),86.03,989.35,2,4,0
CUST-11144,Female,0,No,No,44,No,No phone service,Fiber optic,No,No,No,Yes,Yes,No,One year,No,Credit card (automatic),87.71,3846.08,2,5,0
CUST-11145,Female,0,Yes,No,16,Yes,No,Fiber optic,No,No,No,No,Yes,Yes,One year,No,Electronic check,88.11,1397.26,1,2,0
CUST-11146,Male,0,Yes,No,7,Yes,Yes,Fiber optic,Yes,No,Yes,No,Yes,Yes,Month-to-month,Yes,Electronic check,106.96,767.69,1,5,1
CUST-11147,Female,0,Yes,No,17,Yes,Yes,Fiber optic,Yes,Yes,No,No,No,No,Month-to-month,Yes,Bank transfer (automatic),92.8,1567.88,1,4,0
CUST-11148,Male,0,No,No,3,Yes,No,DSL,No,No,No,No,Yes,No,Month-to-month,No,Bank transfer (automatic),50.96,151.94,2,4,0
CUST-11149,Male,1,Yes,No,29,Yes,Yes,No,No internet service,No internet service,No internet service,No internet service,No internet service,No internet service,Month-to-month,No,Mailed check,18.25,521.96,1,1,0
CUST-11150,Male,0,Yes,No,10,Yes,Yes,Fiber optic,Yes,Yes,Yes,No,No,Yes,Month-to-month,Yes,Credit card (automatic),99.58,1009.57,0,2,1
CUST-11151,Male,0,Yes,Yes,7,Yes,No,Fiber optic,No,No,Yes,No,No,Yes,Month-to-month,No,Electronic check,93.38,651.15,2,1,1
CUST-11152,Female,0,Yes,Yes,72,Yes,Yes,DSL,Yes,No,No,Yes,No,Yes,One year,No,Bank transfer (automatic),66.64,4815.29,2,2,0
CUST-11153,Female,0,No,No,37,Yes,No,Fiber optic,No,No,Yes,Yes,Yes,Yes,Two year,Yes,Electronic check,104.34,3880.29,2,4,0
CUST-11154,Female,0,Yes,No,38,Yes,Yes,No,No internet service,No internet service,No internet service,No internet service,No internet service,No internet service,Two year,Yes,Mailed check,18.25,732.57,2,3,0
CUST-11155,Male,0,Yes,No,24,Yes,No,Fiber optic,No,No,No,No,Yes,No,Month-to-month,No,Mailed check,85.23,2062.87,4,4,0
CUST-11156,Female,0,No,No,45,Yes,No,DSL,Yes,No,No,No,Yes,Yes,Month-to-month,Yes,Credit card (automatic),69.31,3128.6,3,3,0
CUST-11157,Male,0,Yes,No,35,Yes,Yes,DSL,Yes,No,No,Yes,Yes,Yes,Month-to-month,No,Mailed check,73.68,2615.27,2,3,0
CUST-11158,Female,0,Yes,Yes,22,Yes,No,No,No internet service,No internet service,No internet service,No internet service,No internet service,No internet service,Month-to-month,No,Credit card (automatic),18.25,424.21,2,3,0
CUST-11159,Female,1,No,Yes,72,Yes,No,DSL,No,No,No,No,No,Yes,Month-to-month,Yes,Electronic check,53.02,3819.27,2,3,0
CUST-11160,Female,0,Yes,No,5,Yes,No,Fiber optic,No,No,Yes,No,No,Yes,One year,No,Bank transfer (automatic),84.41,416.07,4,1,0
CUST-11161,Male,0,Yes,Yes,71,Yes,No,Fiber optic,No,No,No,No,No,Yes,Month-to-month,Yes,Bank transfer (automatic),83.94,5984.07,3,4,0
CUST-11162,Female,0,Yes,No,12,Yes,No,No,No internet service,No internet service,No internet service,No internet service,No internet service,No internet service,Month-to-month,Yes,Credit card (automatic),19.06,221.02,0,2,0
CUST-11163,Female,0,No,No,18,No,No phone service,No,No internet service,No internet service,No internet service,No internet service,No internet service,No internet service,One year,No,Bank transfer (automatic),20.53,377.93,2,4,0
CUST-11164,Male,0,No,No,3,Yes,Yes,Fiber optic,No,Yes,No,No,Yes,No,Month-to-month,Yes,Bank transfer (automatic),89.87,238.37,0,4,1
CUST-11165,Female,0,No,No,19,Yes,Yes,No,No internet service,No internet service,No internet service,No internet service,No internet service,No internet service,One year,Yes,Bank transfer (automatic),22.53,424.48,1,1,0
CUST-11166,Male,0,No,No,23,Yes,No,DSL,No,No,No,No,No,Yes,Month-to-month,Yes,Credit card (automatic),55.22,1298.85,2,2,1
CUST-11167,Female,0,Yes,Yes,72,Yes,Yes,DSL,Yes,Yes,Yes,Yes,No,No,Month-to-month,Yes,Electronic check,78.11,5603.14,0,3,0
CUST-11168,Male,0,Yes,No,72,Yes,Yes,Fiber optic,No,Yes,No,No,No,No,Month-to-month,Yes,Electronic check,82.79,5976.24,0,2,0
CUST-11169,Male,0,No,No,72,Yes,Yes,No,No internet service,No internet service,No internet service,No internet service,No internet service,No internet service,Month-to-month,Yes,Bank transfer (automatic),19.75,1378.53,1,2,0
CUST-11170,Female,0,No,Yes,10,Yes,No,Fiber optic,No,Yes,No,No,No,No,Month-to-month,No,Electronic check,80.46,829.91,0,2,1
CUST-11171,Male,0,Yes,Yes,72,Yes,No,DSL,No,No,No,No,No,No,Month-to-month,Yes,Bank transfer (automatic),43.24,3097.43,6,2,0
CUST-11172,Male,0,No,Yes,15,Yes,No,Fiber optic,Yes,No,Yes,No,Yes,Yes,Month-to-month,Yes,Electronic check,106.05,1583.9,3,1,1
CUST-11173,Male,0,Yes,Yes,47,No,No phone service,No,No internet service,No internet service,No internet service,No internet service,No internet service,No internet service,One year,No,Electronic check,20.04,970.14,0,1,0
CUST-11174,Male,0,Yes,No,6,Yes,No,Fiber optic,Yes,No,No,No,No,No,Month-to-month,Yes,Bank transfer (automatic),86.15,509.37,2,4,1
CUST-11175,Male,0,Yes,No,17,Yes,No,Fiber optic,No,No,No,No,Yes,No,Month-to-month,Yes,Electronic check,81.79,1409.15,0,4,1
CUST-11176,Male,0,Yes,No,72,Yes,No,Fiber optic,Yes,Yes,Yes,No,No,No,One year,No,Electronic check,93.18,6723.04,3,3,0
CUST-11177,Female,0,No,No,72,Yes,Yes,Fiber optic,No,No,No,No,No,No,One year,Yes,Electronic check,75.44,5456.31,2,2,0
CUST-11178,Male,0,No,No,28,Yes,Yes,DSL,No,Yes,Yes,No,No,No,Month-to-month,Yes,Electronic check,62.78,1777.51,1,4,0
CUST-11179,Male,0,Yes,No,39,Yes,No,Fiber optic,No,Yes,No,No,No,Yes,Month-to-month,Yes,Credit card (automatic),91.54,3567.83,3,1,1
CUST-11180,Female,0,Yes,No,4,No,No phone service,No,No internet service,No internet service,No internet service,No internet service,No internet service,No internet service,Month-to-month,No,Bank transfer (automatic),21.42,109.26,0,1,1
CUST-11181,Female,0,No,No,31,No,No phone service,DSL,No,No,No,No,Yes,No,Month-to-month,No,Credit card (automatic),55.53,1726.44,2,1,0
CUST-11182,Female,0,Yes,No,24,Yes,Yes,DSL,No,Yes,No,No,No,No,One year,Yes,Bank transfer (automatic),53.13,1279.92,0,4,0
CUST-11183,Female,0,No,No,2,Yes,No,Fiber optic,Yes,Yes,No,No,Yes,No,One year,Yes,Credit card (automatic),92.56,219.49,3,4,0
CUST-11184,Female,0,Yes,No,3,Yes,No,Fiber optic,No,No,No,No,No,No,One year,No,Mailed check,77.53,239.45,0,3,0
CUST-11185,Female,0,No,Yes,2,Yes,No,Fiber optic,No,Yes,No,Yes,No,No,Month-to-month,Yes,Electronic check,90.84,179.04,1,2,1
CUST-11186,Female,1,Yes,No,32,Yes,Yes,DSL,Yes,Yes,Yes,Yes,No,No,Two year,Yes,Electronic check,74.62,2421.24,0,2,0
CUST-11187,Male,0,Yes,No,3,Yes,Yes,Fiber optic,Yes,Yes,No,Yes,No,Yes,Two year,Yes,Bank transfer (automatic),101.32,304.82,2,4,0
CUST-11188,Male,0,Yes,Yes,15,Yes,No,DSL,No,No,Yes,Yes,No,Yes,Month-to-month,No,Mailed check,65.1,954.72,3,3,0
CUST-11189,Female,0,Yes,No,11,Yes,Yes,Fiber optic,No,Yes,No,No,Yes,Yes,Month-to-month,No,Electronic check,91.96,980.36,1,3,1
CUST-11190,Male,0,Yes,No,19,Yes,No,No,No internet service,No internet service,No internet service,No internet service,No internet service,No internet service,One year,Yes,Electronic check,18.39,347.04,0,4,0
CUST-11191,Male,0,No,Yes,30,Yes,No,Fiber optic,No,No,No,No,Yes,Yes,One year,Yes,Mailed check,88.19,2636.13,2,3,0
CUST-11192,Male,0,Yes,No,28,Yes,No,Fiber optic,Yes,Yes,Yes,Yes,Yes,Yes,Month-to-month,Yes,Mailed check,118.75,3345.78,1,1,1
CUST-11193,Female,0,Yes,Yes,18,No,No phone service,DSL,Yes,Yes,Yes,No,Yes,Yes,Two year,Yes,Credit card (automatic),87.18,1558.27,2,5,0
CUST-11194,Female,0,No,No,15,Yes,No,No,No internet service,No internet service,No internet service,No internet service,No internet service,No internet service,Month-to-month,Yes,Electronic check,22.87,317.35,1,4,0
CUST-11195,Male,0,No,Yes,12,Yes,Yes,DSL,Yes,No,No,Yes,No,No,Month-to-month,Yes,Mailed check,60.1,721.32,0,5,0
CUST-11196,Female,1,No,No,49,Yes,No,Fiber optic,No,No,No,Yes,Yes,No,Month-to-month,Yes,Mailed check,87.73,4266.84,0,4,0
CUST-11197,Male,0,No,Yes,10,Yes,Yes,DSL,No,No,Yes,Yes,No,Yes,Month-to-month,Yes,Electronic check,64.04,641.49,2,3,1
CUST-11198,Male,1,Yes,Yes,7,Yes,Yes,No,No internet service,No internet service,No internet service,No internet service,No internet service,No internet service,Month-to-month,Yes,Bank transfer (automatic),23.2,163.04,2,3,0
CUST-11199,Male,0,No,Yes,33,Yes,No,Fiber optic,No,No,Yes,No,No,Yes,Month-to-month,No,Mailed check,86.15,2835.98,1,1,0
CUST-11200,Male,0,No,No,11,Yes,No,Fiber optic,No,No,Yes,Yes,Yes,No,One year,Yes,Mailed check,93.99,1008.36,2,4,0
CUST-11201,Female,0,No,No,46,Yes,No,No,No internet service,No internet service,No internet service,No internet service,No internet service,No internet service,Month-to-month,No,Bank transfer (automatic),27.69,1260.09,0,3,0
CUST-11202,Female,0,Yes,No,9,No,No phone service,No,No internet service,No internet service,No internet service,No internet service,No internet service,No internet service,One year,Yes,Electronic check,19.4,171.01,1,2,0
CUST-11203,Female,1,Yes,No,30,Yes,Yes,DSL,Yes,Yes,No,Yes,Yes,Yes,Month-to-month,Yes,Electronic check,88.72,2636.16,4,5,1
CUST-11204,Male,1,Yes,No,1,No,No phone service,No,No internet service,No internet service,No internet service,No internet service,No internet service,No internet service,Month-to-month,Yes,Electronic check,18.94,26.31,2,4,0
CUST-11205,Female,1,No,Yes,12,No,No phone service,Fiber optic,No,No,No,No,Yes,No,Month-to-month,No,Mailed check,86.24,1045.43,1,4,1
CUST-11206,Male,0,No,No,10,Yes,No,DSL,Yes,No,No,No,Yes,Yes,Month-to-month,Yes,Mailed check,68.3,684.73,2,2,1
CUST-11207,Female,0,No,Yes,42,No,No phone service,DSL,No,No,Yes,No,No,No,One year,Yes,Electronic check,50.41,2101.78,0,3,0
CUST-11208,Male,0,Yes,No,72,Yes,Yes,DSL,No,Yes,No,No,Yes,Yes,One year,Yes,Electronic check,64.82,4662.09,3,5,0
CUST-11209,Male,1,No,No,15,Yes,No,No,No internet service,No internet service,No internet service,No internet service,No internet service,No internet service,One year,No,Electronic check,18.25,303.43,1,2,0
CUST-11210,Male,0,No,No,43,Yes,No,No,No internet service,No internet service,No internet service,No internet service,No internet service,No internet service,Month-to-month,No,Electronic check,18.25,796.38,0,3,0
CUST-11211,Female,0,Yes,Yes,30,No,No phone service,Fiber optic,Yes,No,Yes,No,No,Yes,Two year,No,Electronic check,99.56,2983.54,2,3,0
CUST-11212,Female,0,No,No,72,Yes,Yes,Fiber optic,No,No,Yes,No,No,No,Month-to-month,Yes,Mailed check,82.27,5937.29,2,1,0
CUST-11213,Female,0,Yes,Yes,41,Yes,Yes,Fiber optic,No,No,Yes,No,No,Yes,One year,No,Electronic check,88.29,3576.05,0,2,0
CUST-11214,Female,1,No,Yes,2,Yes,Yes,DSL,No,No,Yes,No,Yes,No,Month-to-month,Yes,Credit card (automatic),59.64,169.58,3,2,1
CUST-11215,Male,0,No,Yes,31,No,No phone service,Fiber optic,No,Yes,No,No,No,Yes,Month-to-month,No,Mailed check,92.85,2854.07,1,1,1
CUST-11216,Female,0,No,No,19,Yes,No,No,No internet service,No internet service,No internet service,No internet service,No internet service,No internet service,Month-to-month,No,Bank transfer (automatic),18.25,352.23,1,2,0
CUST-11217,Female,0,No,No,1,Yes,No,Fiber optic,No,Yes,No,No,Yes,Yes,One year,Yes,Electronic check,98.53,80.32,0,3,1
CUST-11218,Male,0,No,No,7,Yes,No,Fiber optic,No,No,No,No,No,Yes,One year,No,Mailed check,78.0,524.21,1,1,1
CUST-11219,Male,0,No,Yes,63,Yes,No,DSL,No,No,Yes,No,Yes,No,Month-to-month,No,Bank transfer (automatic),51.64,3274.1,5,3,0
CUST-11220,Male,0,Yes,No,65,Yes,No,DSL,No,No,Yes,No,No,Yes,Month-to-month,Yes,Electronic check,58.14,3776.6,1,4,0
CUST-11221,Female,0,No,No,40,Yes,No,Fiber optic,No,No,No,No,No,Yes,Two year,No,Electronic check,81.04,3244.95,3,1,0
CUST-11222,Male,1,Yes,Yes,72,Yes,No,DSL,No,No,No,No,No,Yes,Month-to-month,Yes,Credit card (automatic),51.5,3714.14,0,5,0
CUST-11223,Male,0,Yes,Yes,41,Yes,Yes,Fiber optic,Yes,No,Yes,No,No,No,Month-to-month,No,Credit card (automatic),89.67,3688.46,0,3,0
CUST-11224,Male,0,No,No,1,Yes,No,Fiber optic,No,No,Yes,No,No,No,Month-to-month,Yes,Mailed check,84.06,94.54,2,3,1
CUST-11225,Female,1,No,No,8,Yes,No,Fiber optic,Yes,No,No,Yes,No,No,Month-to-month,Yes,Credit card (automatic),87.75,719.42,3,3,1
CUST-11226,Male,0,Yes,No,1,Yes,Yes,DSL,No,No,No,No,No,No,Month-to-month,Yes,Bank transfer (automatic),40.97,18.25,1,3,0
CUST-11227,Female,0,Yes,No,2,Yes,No,Fiber optic,Yes,Yes,Yes,Yes,No,Yes,One year,No,Electronic check,115.71,215.74,3,4,1
CUST-11228,Female,0,Yes,Yes,6,Yes,No,No,No internet service,No internet service,No internet service,No internet service,No internet service,No internet service,One year,No,Mailed check,23.78,124.56,1,2,0
CUST-11229,Male,0,Yes,Yes,17,Yes,Yes,DSL,No,No,No,Yes,No,Yes,Month-to-month,Yes,Bank transfer (automatic),60.59,1051.04,0,5,0
CUST-11230,Male,0,Yes,No,47,Yes,Yes,Fiber optic,No,No,No,No,No,No,Two year,Yes,Mailed check,76.35,3603.59,0,4,0
CUST-11231,Female,1,No,No,49,Yes,No,Fiber optic,Yes,No,No,No,No,No,One year,No,Credit card (automatic),85.46,4200.72,4,3,0
CUST-11232,Male,0,Yes,No,23,Yes,No,Fiber optic,No,Yes,No,Yes,Yes,No,One year,Yes,Electronic check,100.49,2292.8,0,4,0
CUST-11233,Male,0,Yes,No,65,Yes,No,DSL,Yes,No,No,No,Yes,Yes,One year,No,Electronic check,63.85,4126.27,2,4,0
CUST-11234,Female,0,Yes,No,17,Yes,No,DSL,No,No,Yes,Yes,Yes,Yes,One year,No,Bank transfer (automatic),74.26,1229.16,4,3,0
CUST-11235,Female,0,No,Yes,54,Yes,Yes,No,No internet service,No internet service,No internet service,No internet service,No internet service,No internet service,Month-to-month,No,Bank transfer (automatic),18.25,992.39,0,2,0
CUST-11236,Male,0,Yes,No,15,No,No phone service,Fiber optic,No,No,No,No,Yes,Yes,One year,No,Bank transfer (automatic),90.8,1331.41,1,2,0
CUST-11237,Female,0,Yes,No,8,Yes,Yes,Fiber optic,No,Yes,Yes,No,Yes,Yes,Two year,No,Electronic check,106.77,869.06,0,4,0
CUST-11238,Male,0,Yes,Yes,62,Yes,Yes,Fiber optic,No,Yes,Yes,Yes,No,Yes,Month-to-month,Yes,Bank transfer (automatic),100.85,6238.93,1,4,0
CUST-11239,Male,0,No,No,12,Yes,No,Fiber optic,No,No,Yes,No,No,Yes,Two year,Yes,Electronic check,91.95,1093.05,0,4,0
CUST-11240,Male,1,No,Yes,17,Yes,No,Fiber optic,No,No,Yes,Yes,Yes,Yes,Month-to-month,Yes,Bank transfer (automatic),107.83,1827.15,1,4,1
CUST-11241,Female,0,Yes,Yes,9,Yes,Yes,No,No internet service,No internet service,No internet service,No internet service,No internet service,No internet service,Month-to-month,No,Bank transfer (automatic),24.47,195.11,0,3,0
CUST-11242,Male,0,Yes,No,27,Yes,No,DSL,Yes,No,Yes,Yes,Yes,No,Two year,No,Bank transfer (automatic),74.52,2030.15,1,3,0
CUST-11243,Male,0,Yes,No,72,Yes,No,No,No internet service,No internet service,No internet service,No internet service,No internet service,No internet service,Month-to-month,Yes,Mailed check,21.42,1519.58,2,3,0
CUST-11244,Male,0,No,Yes,1,Yes,Yes,Fiber optic,No,No,No,No,Yes,Yes,Month-to-month,Yes,Bank transfer (automatic),93.95,88.5,1,3,1
CUST-11245,Female,0,No,No,57,Yes,No,Fiber optic,Yes,Yes,No,Yes,Yes,No,Two year,Yes,Electronic check,101.45,5802.84,4,5,0
CUST-11246,Female,0,Yes,No,1,Yes,No,Fiber optic,No,No,No,No,No,No,Month-to-month,No,Credit card (automatic),74.57,35.89,1,2,1
CUST-11247,Female,0,Yes,No,11,Yes,Yes,Fiber optic,No,Yes,No,No,No,Yes,One year,Yes,Electronic check,86.13,920.32,1,2,1
CUST-11248,Female,0,Yes,No,4,No,No phone service,DSL,Yes,No,Yes,No,No,Yes,One year,Yes,Mailed check,67.63,260.12,0,3,0
CUST-11249,Female,1,Yes,Yes,35,Yes,No,Fiber optic,No,Yes,No,No,No,No,Month-to-month,Yes,Mailed check,81.81,2862.21,1,4,0
CUST-11250,Male,1,No,Yes,1,Yes,Yes,No,No internet service,No internet service,No internet service,No internet service,No internet service,No internet service,Month-to-month,Yes,Bank transfer (automatic),18.25,29.35,0,4,0
CUST-11251,Female,1,Yes,Yes,20,Yes,Yes,No,No internet service,No internet service,No internet service,No internet service,No internet service,No internet service,Two year,Yes,Electronic check,21.85,439.27,0,4,0
CUST-11252,Female,0,Yes,Yes,8,No,No phone service,Fiber optic,Yes,Yes,Yes,No,Yes,No,Month-to-month,Yes,Electronic check,102.71,830.69,5,3,1
CUST-11253,Female,0,Yes,Yes,3,Yes,Yes,DSL,No,Yes,Yes,Yes,No,Yes,Month-to-month,No,Bank transfer (automatic),73.8,228.51,1,4,1
CUST-11254,Male,0,No,Yes,36,Yes,No,DSL,Yes,No,Yes,No,No,No,Month-to-month,Yes,Mailed check,63.35,2291.42,3,2,1
CUST-11255,Female,0,No,No,6,Yes,Yes,Fiber optic,No,Yes,Yes,No,Yes,No,Two year,Yes,Electronic check,103.55,593.96,1,3,0
CUST-11256,Female,0,Yes,No,6,Yes,No,No,No internet service,No internet service,No internet service,No internet service,No internet service,No internet service,Two year,Yes,Bank transfer (automatic),24.29,135.33,0,2,0
CUST-11257,Male,0,Yes,No,8,Yes,No,Fiber optic,No,No,Yes,No,No,Yes,Month-to-month,No,Electronic check,90.79,723.24,1,2,1
CUST-11258,Female,0,Yes,Yes,22,Yes,No,DSL,No,Yes,No,No,Yes,Yes,One year,Yes,Credit card (automatic),69.7,1536.92,2,1,0
CUST-11259,Male,0,No,No,26,Yes,No,Fiber optic,Yes,Yes,Yes,Yes,No,No,Two year,Yes,Mailed check,105.88,2746.83,3,3,0
CUST-11260,Male,0,Yes,Yes,1,Yes,Yes,Fiber optic,No,Yes,No,No,No,No,Two year,Yes,Electronic check,76.43,71.39,1,1,1
CUST-11261,Male,0,No,No,6,Yes,No,DSL,No,No,No,No,No,No,Month-to-month,Yes,Mailed check,40.15,230.86,1,3,1
CUST-11262,Male,0,No,Yes,14,No,No phone service,No,No internet service,No internet service,No internet service,No internet service,No internet service,No internet service,Month-to-month,Yes,Electronic check,19.15,267.45,3,3,0
CUST-11263,Male,0,No,No,10,Yes,Yes,Fiber optic,No,Yes,Yes,Yes,Yes,Yes,Month-to-month,Yes,Bank transfer (automatic),118.26,1227.97,5,3,1
CUST-11264,Female,0,Yes,No,53,Yes,No,Fiber optic,Yes,No,Yes,No,Yes,No,One year,Yes,Bank transfer (automatic),93.93,4979.62,2,4,0
CUST-11265,Male,0,No,No,38,Yes,No,Fiber optic,No,Yes,No,Yes,No,No,Two year,Yes,Mailed check,92.19,3480.76,4,2,0
CUST-11266,Male,0,No,Yes,24,Yes,No,Fiber optic,Yes,Yes,Yes,No,No,Yes,One year,No,Electronic check,101.26,2449.38,1,1,0
CUST-11267,Female,0,Yes,No,10,Yes,Yes,DSL,No,Yes,Yes,No,Yes,Yes,Month-to-month,No,Credit card (automatic),77.74,741.92,4,2,1
CUST-11268,Male,0,Yes,No,30,Yes,No,DSL,No,Yes,Yes,Yes,No,No,Month-to-month,Yes,Bank transfer (automatic),69.18,2080.77,2,4,0
CUST-11269,Female,0,Yes,Yes,46,Yes,Yes,No,No internet service,No internet service,No internet service,No internet service,No internet service,No internet service,Two year,Yes,Bank transfer (automatic),18.25,839.92,5,3,0
CUST-11270,Female,0,Yes,No,22,Yes,Yes,DSL,Yes,No,No,No,No,Yes,Month-to-month,Yes,Electronic check,60.35,1359.45,4,3,0
CUST-11271,Female,1,Yes,No,38,Yes,Yes,No,No internet service,No internet service,No internet service,No internet service,No internet service,No internet service,One year,Yes,Bank transfer (automatic),21.96,839.31,2,3,0
CUST-11272,Male,0,No,No,34,Yes,Yes,DSL,Yes,No,Yes,Yes,Yes,No,One year,Yes,Mailed check,75.69,2603.37,2,4,0
CUST-11273,Male,0,Yes,No,21,Yes,No,No,No internet service,No internet service,No internet service,No internet service,No internet service,No internet service,Two year,Yes,Mailed check,23.58,495.55,2,2,0
CUST-11274,Male,0,No,No,9,Yes,No,Fiber optic,Yes,Yes,Yes,No,No,Yes,Month-to-month,No,Credit card (automatic),107.15,972.29,2,2,1
CUST-11275,Female,1,Yes,No,34,Yes,Yes,DSL,No,No,No,Yes,No,No,Month-to-month,No,Electronic check,58.04,1961.1,3,1,1
CUST-11276,Male,0,No,No,5,Yes,No,No,No internet service,No internet service,No internet service,No internet service,No internet service,No internet service,Two year,No,Electronic check,24.75,115.93,4,2,0
CUST-11277,Male,0,Yes,No,37,Yes,Yes,DSL,Yes,Yes,Yes,No,No,Yes,One year,Yes,Mailed check,76.5,2842.83,2,2,0
CUST-11278,Male,0,No,No,40,Yes,No,No,No internet service,No internet service,No internet service,No internet service,No internet service,No internet service,Month-to-month,No,Electronic check,22.47,923.02,1,5,0
CUST-11279,Female,1,Yes,No,43,Yes,No,Fiber optic,Yes,No,No,No,No,Yes,Month-to-month,No,Mailed check,89.36,3807.29,3,1,0
CUST-11280,Female,0,Yes,No,16,Yes,No,No,No internet service,No internet service,No internet service,No internet service,No internet service,No internet service,Month-to-month,No,Mailed check,21.25,381.52,2,3,0
CUST-11281,Male,0,No,Yes,5,Yes,Yes,DSL,Yes,No,Yes,No,Yes,No,Two year,Yes,Credit card (automatic),69.52,356.64,2,4,0
CUST-11282,Male,0,Yes,No,2,Yes,No,Fiber optic,Yes,Yes,No,No,No,No,Month-to-month,No,Bank transfer (automatic),88.36,169.94,1,5,1
CUST-11283,Male,0,No,Yes,34,Yes,Yes,Fiber optic,Yes,Yes,No,No,No,Yes,Two year,Yes,Bank transfer (automatic),102.09,3480.48,2,5,0
CUST-11284,Male,0,No,Yes,54,Yes,No,Fiber optic,Yes,No,No,No,No,No,Month-to-month,Yes,Mailed check,81.36,4382.47,2,1,0
CUST-11285,Female,0,Yes,Yes,26,No,No phone service,No,No internet service,No internet service,No internet service,No internet service,No internet service,No internet service,Month-to-month,Yes,Mailed check,20.92,558.9,4,2,0
CUST-11286,Female,0,No,No,3,Yes,No,DSL,No,No,Yes,No,No,No,Two year,No,Bank transfer (automatic),51.95,169.64,3,5,0
CUST-11287,Female,0,No,Yes,68,Yes,No,No,No internet service,No internet service,No internet service,No internet service,No internet service,No internet service,Two year,No,Electronic check,24.41,1662.45,1,2,0
CUST-11288,Female,0,Yes,No,72,Yes,Yes,DSL,No,Yes,Yes,No,Yes,Yes,Month-to-month,No,Credit card (automatic),70.87,5084.47,2,1,0
CUST-11289,Male,1,No,No,14,Yes,No,No,No internet service,No internet service,No internet service,No internet service,No internet service,No internet service,Month-to-month,No,Mailed check,18.25,256.01,1,5,0
CUST-11290,Male,0,No,Yes,22,Yes,No,DSL,No,No,Yes,No,Yes,No,Month-to-month,Yes,Credit card (automatic),58.22,1284.7,2,3,0
CUST-11291,Male,0,Yes,Yes,37,Yes,No,Fiber optic,Yes,No,Yes,No,No,No,Month-to-month,No,Credit card (automatic),88.87,3306.16,0,2,1
CUST-11292,Female,0,Yes,No,33,Yes,No,Fiber optic,Yes,Yes,No,No,Yes,Yes,Two year,Yes,Mailed check,105.16,3459.12,1,2,0
CUST-11293,Male,0,No,No,72,Yes,No,No,No internet service,No internet service,No internet service,No internet service,No internet service,No internet service,Month-to-month,Yes,Electronic check,18.25,1306.98,4,3,0
CUST-11294,Female,0,Yes,No,3,Yes,No,Fiber optic,Yes,Yes,No,Yes,Yes,Yes,Month-to-month,No,Credit card (automatic),113.26,365.41,1,3,1
CUST-11295,Female,0,Yes,No,21,Yes,Yes,Fiber optic,No,No,Yes,No,No,No,Month-to-month,No,Mailed check,78.61,1684.85,0,5,0
CUST-11296,Male,0,Yes,No,29,Yes,No,Fiber optic,No,Yes,No,No,Yes,No,Month-to-month,No,Mailed check,90.41,2622.86,1,2,1
CUST-11297,Male,0,No,No,55,Yes,Yes,Fiber optic,No,Yes,Yes,No,No,No,Month-to-month,No,Credit card (automatic),93.57,5171.06,0,1,0
CUST-11298,Male,0,Yes,No,51,Yes,No,No,No internet service,No internet service,No internet service,No internet service,No internet service,No internet service,Month-to-month,Yes,Credit card (automatic),22.57,1151.02,2,2,0
CUST-11299,Female,0,Yes,No,72,Yes,No,DSL,No,Yes,No,No,No,No,One year,Yes,Electronic check,51.46,3681.76,0,3,0
CUST-11300,Male,0,No,No,17,Yes,Yes,DSL,No,No,Yes,No,Yes,Yes,Two year,No,Electronic check,65.67,1103.84,0,2,0
CUST-11301,Female,1,Yes,Yes,44,Yes,No,No,No internet service,No internet service,No internet service,No internet service,No internet service,No internet service,Month-to-month,Yes,Electronic check,27.71,1205.27,1,2,0
CUST-11302,Male,0,No,No,13,Yes,No,DSL,No,Yes,No,No,No,Yes,One year,Yes,Mailed check,62.07,799.39,2,3,0
CUST-11303,Female,1,No,No,13,Yes,No,No,No internet service,No internet service,No internet service,No internet service,No internet service,No internet service,Two year,Yes,Bank transfer (automatic),21.96,278.42,0,4,0
CUST-11304,Female,0,No,No,7,Yes,Yes,Fiber optic,Yes,No,No,No,No,Yes,Month-to-month,Yes,Electronic check,93.03,693.67,3,4,1
CUST-11305,Male,1,No,Yes,42,Yes,Yes,No,No internet service,No internet service,No internet service,No internet service,No internet service,No internet service,Two year,Yes,Electronic check,21.71,897.75,2,3,0
CUST-11306,Female,0,Yes,No,72,Yes,No,Fiber optic,Yes,No,Yes,No,No,Yes,Month-to-month,Yes,Mailed check,99.19,7121.46,3,3,0
CUST-11307,Female,0,No,Yes,7,Yes,Yes,DSL,No,No,No,No,Yes,Yes,Month-to-month,No,Electronic check,61.07,451.63,0,1,1
CUST-11308,Male,0,Yes,Yes,1,Yes,No,DSL,No,Yes,No,Yes,No,Yes,Month-to-month,No,Credit card (automatic),68.48,36.64,3,4,1
CUST-11309,Female,0,Yes,Yes,42,Yes,Yes,Fiber optic,No,No,No,Yes,No,Yes,Two year,Yes,Bank transfer (automatic),89.17,3750.61,2,1,0
CUST-11310,Male,0,Yes,No,24,Yes,Yes,Fiber optic,No,Yes,Yes,No,No,Yes,Month-to-month,No,Credit card (automatic),97.29,2334.51,3,2,1
CUST-11311,Female,0,Yes,Yes,72,Yes,No,Fiber optic,Yes,Yes,Yes,Yes,No,Yes,Month-to-month,Yes,Credit card (automatic),117.1,8424.0,3,3,0
CUST-11312,Male,0,No,No,7,Yes,Yes,Fiber optic,No,No,Yes,No,No,Yes,Two year,No,Mailed check,92.58,631.23,2,1,0
CUST-11313,Male,0,Yes,Yes,1,Yes,No,DSL,No,No,No,No,No,Yes,Two year,Yes,Mailed check,50.06,28.72,0,3,0
CUST-11314,Female,0,No,No,16,Yes,No,No,No internet service,No internet service,No internet service,No internet service,No internet service,No internet service,Two year,No,Credit card (automatic),22.82,377.38,4,3,0
CUST-11315,Female,0,No,Yes,2,No,No phone service,DSL,Yes,Yes,No,No,Yes,Yes,One year,No,Credit card (automatic),74.81,171.85,2,3,0
CUST-11316,Female,0,No,Yes,7,Yes,No,DSL,No,Yes,Yes,Yes,Yes,No,One year,Yes,Credit card (automatic),72.81,496.62,1,5,0
CUST-11317,Female,0,Yes,No,3,Yes,Yes,Fiber optic,No,Yes,No,Yes,No,Yes,Month-to-month,No,Bank transfer (automatic),98.78,292.77,2,4,1
CUST-11318,Female,0,No,No,6,Yes,No,Fiber optic,No,Yes,Yes,No,Yes,No,One year,Yes,Mailed check,94.97,547.16,2,4,0
CUST-11319,Male,0,Yes,Yes,2,Yes,Yes,DSL,Yes,Yes,No,No,Yes,Yes,Month-to-month,No,Credit card (automatic),72.32,146.36,1,3,1
CUST-11320,Female,0,Yes,Yes,72,Yes,No,No,No internet service,No internet service,No internet service,No internet service,No internet service,No internet service,One year,Yes,Credit card (automatic),23.88,1707.76,1,2,0
CUST-11321,Male,0,No,Yes,8,Yes,Yes,No,No internet service,No internet service,No internet service,No internet service,No internet service,No internet service,Month-to-month,No,Mailed check,18.25,150.13,1,1,0
CUST-11322,Male,0,Yes,No,14,Yes,Yes,Fiber optic,No,Yes,No,No,No,No,Two year,Yes,Electronic check,83.14,1161.76,1,3,0
CUST-11323,Female,0,Yes,No,57,Yes,No,DSL,No,Yes,Yes,No,Yes,Yes,Month-to-month,No,Electronic check,77.67,4402.04,0,3,0
CUST-11324,Male,0,No,No,28,Yes,No,DSL,No,No,No,No,Yes,No,One year,No,Mailed check,50.07,1404.11,0,1,0
CUST-11325,Male,0,Yes,Yes,24,Yes,Yes,DSL,No,No,Yes,No,No,Yes,Month-to-month,Yes,Electronic check,63.34,1518.9,3,4,0
CUST-11326,Male,0,No,No,30,Yes,No,DSL,Yes,No,No,No,Yes,Yes,Month-to-month,No,Electronic check,69.4,2069.79,0,3,1
CUST-11327,Male,0,Yes,Yes,44,Yes,No,No,No internet service,No internet service,No internet service,No internet service,No internet service,No internet service,Month-to-month,Yes,Electronic check,30.37,1353.17,3,3,0
CUST-11328,Female,1,Yes,Yes,52,Yes,Yes,Fiber optic,Yes,No,No,No,No,No,Month-to-month,No,Electronic check,83.01,4314.44,1,3,0
CUST-11329,Male,0,Yes,No,25,No,No phone service,No,No internet service,No internet service,No internet service,No internet service,No internet service,No internet service,Two year,Yes,Credit card (automatic),25.69,650.17,3,4,0
CUST-11330,Female,0,Yes,No,55,Yes,Yes,Fiber optic,Yes,Yes,Yes,No,Yes,No,Two year,Yes,Electronic check,101.46,5615.68,3,1,0
CUST-11331,Female,0,Yes,Yes,19,Yes,Yes,DSL,Yes,Yes,No,No,No,No,Month-to-month,Yes,Credit card (automatic),57.71,1134.28,1,2,1
CUST-11332,Male,0,No,No,8,Yes,Yes,No,No internet service,No internet service,No internet service,No internet service,No internet service,No internet service,Month-to-month,No,Electronic check,23.4,162.25,2,5,0
CUST-11333,Female,0,No,No,53,Yes,Yes,DSL,Yes,No,No,No,Yes,No,Month-to-month,Yes,Bank transfer (automatic),58.42,3110.82,0,1,0
CUST-11334,Female,0,No,No,19,Yes,Yes,Fiber optic,Yes,Yes,Yes,No,No,No,Month-to-month,Yes,Credit card (automatic),96.18,1823.78,0,3,1
CUST-11335,Female,0,Yes,No,59,Yes,No,Fiber optic,No,No,No,Yes,No,Yes,Month-to-month,Yes,Credit card (automatic),95.74,5655.22,1,2,0
CUST-11336,Male,1,No,No,1,Yes,Yes,DSL,No,No,No,Yes,No,Yes,Two year,Yes,Credit card (automatic),62.13,85.42,3,3,0
CUST-11337,Female,0,No,No,12,Yes,No,Fiber optic,Yes,No,No,Yes,No,No,Two year,Yes,Electronic check,91.73,1115.2,4,3,0
CUST-11338,Female,1,No,No,72,Yes,No,Fiber optic,Yes,No,Yes,No,Yes,Yes,Month-to-month,Yes,Credit card (automatic),105.96,7626.81,1,4,0
CUST-11339,Female,0,Yes,No,7,Yes,No,Fiber optic,No,No,No,Yes,Yes,No,One year,No,Electronic check,91.25,659.18,2,2,1
CUST-11340,Male,0,No,Yes,70,No,No phone service,No,No internet service,No internet service,No internet service,No internet service,No internet service,No internet service,Month-to-month,Yes,Credit card (automatic),18.25,1267.98,2,3,0
CUST-11341,Female,0,No,No,72,Yes,No,Fiber optic,No,No,Yes,No,No,No,One year,No,Mailed check,83.09,5987.34,1,4,0
CUST-11342,Male,0,Yes,Yes,53,Yes,Yes,DSL,Yes,No,No,No,No,No,Two year,Yes,Electronic check,50.51,2691.37,2,2,0
CUST-11343,Male,0,No,Yes,20,Yes,Yes,Fiber optic,Yes,No,No,No,Yes,No,One year,No,Credit card (automatic),93.14,1878.39,3,4,0
CUST-11344,Male,0,Yes,No,26,Yes,No,DSL,Yes,Yes,Yes,Yes,No,Yes,Month-to-month,Yes,Credit card (automatic),80.47,2058.33,0,1,0
CUST-11345,Male,0,No,Yes,50,Yes,Yes,Fiber optic,Yes,Yes,No,No,Yes,Yes,Two year,Yes,Electronic check,103.42,5154.76,1,2,0
CUST-11346,Male,1,No,No,37,Yes,Yes,DSL,No,No,Yes,No,Yes,No,One year,Yes,Credit card (automatic),55.99,2056.33,3,3,0
CUST-11347,Male,0,No,No,24,Yes,No,DSL,No,Yes,No,No,Yes,Yes,Month-to-month,Yes,Electronic check,69.48,1663.04,0,2,1
CUST-11348,Female,0,Yes,No,72,Yes,Yes,Fiber optic,Yes,No,No,No,No,Yes,Month-to-month,Yes,Electronic check,94.36,6808.03,2,4,0
CUST-11349,Male,0,Yes,Yes,28,Yes,No,No,No internet service,No internet service,No internet service,No internet service,No internet service,No internet service,One year,Yes,Credit card (automatic),18.25,515.71,2,2,0
CUST-11350,Female,0,No,Yes,72,Yes,No,No,No internet service,No internet service,No internet service,No internet service,No internet service,No internet service,Month-to-month,Yes,Electronic check,18.25,1331.47,0,4,0
CUST-11351,Female,0,Yes,No,1,Yes,No,Fiber optic,No,No,No,Yes,No,No,Month-to-month,Yes,Electronic check,85.56,121.51,2,1,1
CUST-11352,Male,0,Yes,No,3,Yes,No,DSL,No,Yes,Yes,No,No,No,Two year,No,Credit card (automatic),59.88,180.06,0,2,0
CUST-11353,Female,1,No,Yes,15,No,No phone service,DSL,Yes,No,No,Yes,Yes,Yes,Month-to-month,Yes,Mailed check,75.71,1140.55,1,5,0
CUST-11354,Female,0,No,Yes,12,Yes,Yes,Fiber optic,No,No,No,No,Yes,No,One year,No,Mailed check,84.13,1035.68,0,3,0
CUST-11355,Female,0,Yes,No,38,No,No phone service,Fiber optic,No,No,No,No,No,No,Month-to-month,Yes,Mailed check,74.32,2804.48,1,3,0
CUST-11356,Female,0,Yes,Yes,4,Yes,No,No,No internet service,No internet service,No internet service,No internet service,No internet service,No internet service,Two year,Yes,Bank transfer (automatic),18.94,85.25,1,4,0
CUST-11357,Male,0,Yes,No,72,No,No phone service,DSL,No,Yes,No,No,Yes,No,Two year,Yes,Credit card (automatic),57.27,4123.87,2,1,0
CUST-11358,Female,0,No,No,9,Yes,Yes,No,No internet service,No internet service,No internet service,No internet service,No internet service,No internet service,Two year,No,Bank transfer (automatic),18.25,134.89,1,4,0
CUST-11359,Male,0,No,No,14,Yes,No,DSL,No,Yes,No,Yes,No,Yes,Month-to-month,No,Bank transfer (automatic),61.86,885.53,2,1,1
CUST-11360,Female,0,No,No,8,Yes,Yes,Fiber optic,No,No,No,Yes,No,No,Month-to-month,No,Electronic check,82.99,689.62,0,3,1
CUST-11361,Female,0,No,Yes,21,Yes,No,Fiber optic,No,Yes,No,No,Yes,Yes,One year,Yes,Mailed check,97.99,2076.5,3,3,0
CUST-11362,Male,0,No,No,1,Yes,No,DSL,No,No,No,No,No,No,Two year,No,Bank transfer (automatic),46.4,31.52,1,1,0
CUST-11363,Female,0,No,No,4,Yes,Yes,DSL,Yes,Yes,Yes,Yes,Yes,Yes,Month-to-month,Yes,Bank transfer (automatic),92.66,414.59,0,4,1
CUST-11364,Female,0,Yes,No,34,Yes,Yes,Fiber optic,No,Yes,No,No,Yes,Yes,Month-to-month,Yes,Electronic check,98.19,3358.6,0,3,1
CUST-11365,Female,0,No,No,5,Yes,Yes,DSL,Yes,No,No,No,No,No,Month-to-month,Yes,Credit card (automatic),48.33,255.78,1,2,1
CUST-11366,Male,0,Yes,No,6,Yes,Yes,No,No internet service,No internet service,No internet service,No internet service,No internet service,No internet service,Month-to-month,Yes,Electronic check,18.25,128.21,2,4,0
CUST-11367,Female,0,No,Yes,39,Yes,Yes,DSL,No,Yes,Yes,No,No,Yes,One year,Yes,Electronic check,64.53,2528.43,4,4,0
CUST-11368,Male,0,No,No,2,Yes,No,Fiber optic,Yes,No,Yes,No,Yes,Yes,One year,No,Electronic check,102.12,199.02,0,4,1
CUST-11369,Female,0,Yes,No,14,Yes,No,Fiber optic,No,No,Yes,No,Yes,No,Month-to-month,Yes,Bank transfer (automatic),91.7,1293.18,0,3,1
CUST-11370,Male,0,No,No,1,Yes,No,No,No internet service,No internet service,No internet service,No internet service,No internet service,No internet service,One year,Yes,Electronic check,20.2,33.46,0,3,0
CUST-11371,Male,0,Yes,No,10,Yes,No,No,No internet service,No internet service,No internet service,No internet service,No internet service,No internet service,One year,Yes,Credit card (automatic),18.25,184.41,0,4,0
CUST-11372,Female,0,No,No,30,Yes,Yes,Fiber optic,Yes,No,No,Yes,Yes,No,Month-to-month,Yes,Credit card (automatic),99.7,2976.4,0,2,1
CUST-11373,Female,0,Yes,No,2,Yes,Yes,No,No internet service,No internet service,No internet service,No internet service,No internet service,No internet service,One year,Yes,Electronic check,19.38,42.98,3,3,0
CUST-11374,Male,0,No,No,54,Yes,No,Fiber optic,No,No,Yes,No,No,Yes,One year,Yes,Mailed check,87.78,4759.61,4,3,0
CUST-11375,Male,0,Yes,Yes,60,Yes,No,Fiber optic,No,No,No,No,Yes,Yes,Month-to-month,Yes,Electronic check,91.24,5474.36,2,2,1
CUST-11376,Female,0,Yes,No,2,Yes,Yes,Fiber optic,No,No,No,Yes,No,No,Two year,Yes,Mailed check,86.63,195.59,1,1,0
CUST-11377,Male,1,Yes,No,72,Yes,Yes,Fiber optic,No,No,Yes,No,No,Yes,Month-to-month,No,Mailed check,88.1,6337.56,1,2,0
CUST-11378,Female,0,Yes,No,8,Yes,Yes,No,No internet service,No internet service,No internet service,No internet service,No internet service,No internet service,Two year,No,Credit card (automatic),18.25,145.5,1,1,0
CUST-11379,Female,0,Yes,No,2,Yes,Yes,DSL,Yes,Yes,No,No,No,Yes,One year,Yes,Electronic check,68.85,103.14,1,4,0
CUST-11380,Female,0,No,No,1,Yes,Yes,Fiber optic,No,Yes,No,No,Yes,No,One year,No,Credit card (automatic),90.53,99.03,0,4,0
CUST-11381,Female,0,Yes,No,13,Yes,No,No,No internet service,No internet service,No internet service,No internet service,No internet service,No internet service,Month-to-month,Yes,Credit card (automatic),18.71,202.37,1,4,0
CUST-11382,Male,1,Yes,No,24,Yes,No,No,No internet service,No internet service,No internet service,No internet service,No internet service,No internet service,Two year,Yes,Bank transfer (automatic),18.25,439.48,1,5,0
CUST-11383,Female,0,Yes,Yes,10,Yes,Yes,Fiber optic,Yes,Yes,No,Yes,Yes,Yes,Month-to-month,No,Mailed check,112.95,1136.29,3,1,1
CUST-11384,Male,1,No,Yes,45,Yes,No,DSL,No,Yes,No,Yes,No,No,One year,Yes,Mailed check,56.51,2543.61,1,5,0
CUST-11385,Female,1,No,No,31,Yes,Yes,DSL,No,No,Yes,Yes,Yes,Yes,Two year,No,Electronic check,73.77,2260.79,3,3,0
CUST-11386,Male,1,No,No,10,Yes,No,DSL,No,Yes,No,No,Yes,No,Month-to-month,Yes,Bank transfer (automatic),57.92,595.86,0,3,0
CUST-11387,Female,0,No,Yes,33,Yes,No,DSL,No,No,No,Yes,Yes,No,Two year,No,Mailed check,57.25,1921.04,2,1,0
CUST-11388,Male,0,Yes,Yes,70,Yes,No,Fiber optic,No,No,No,Yes,Yes,No,One year,Yes,Electronic check,90.75,6393.6,2,3,0
CUST-11389,Male,0,Yes,No,2,Yes,Yes,Fiber optic,Yes,Yes,Yes,No,Yes,Yes,One year,No,Mailed check,118.06,236.57,2,4,0
CUST-11390,Female,0,Yes,No,9,Yes,Yes,No,No internet service,No internet service,No internet service,No internet service,No internet service,No internet service,Two year,Yes,Electronic check,18.25,159.7,4,1,0
CUST-11391,Female,0,No,No,15,Yes,No,No,No internet service,No internet service,No internet service,No internet service,No internet service,No internet service,Month-to-month,Yes,Bank transfer (automatic),22.6,314.46,2,5,0
CUST-11392,Female,0,No,Yes,17,Yes,Yes,Fiber optic,Yes,No,Yes,Yes,No,No,Month-to-month,No,Bank transfer (automatic),97.79,1672.14,2,5,1
CUST-11393,Female,0,No,No,19,Yes,Yes,Fiber optic,Yes,No,Yes,Yes,No,Yes,One year,No,Mailed check,93.17,1800.83,0,4,0
CUST-11394,Male,0,Yes,No,8,Yes,Yes,No,No internet service,No internet service,No internet service,No internet service,No internet service,No internet service,One year,No,Electronic check,18.91,148.84,1,3,0
CUST-11395,Female,0,Yes,No,27,Yes,No,Fiber optic,No,No,Yes,Yes,Yes,Yes,Month-to-month,Yes,Credit card (automatic),115.29,3130.46,3,4,1
CUST-11396,Male,0,Yes,No,25,Yes,Yes,Fiber optic,No,No,Yes,No,Yes,Yes,Month-to-month,No,Bank transfer (automatic),91.36,2230.54,0,1,1
CUST-11397,Male,0,No,Yes,21,Yes,No,Fiber optic,Yes,No,Yes,No,Yes,No,Month-to-month,No,Bank transfer (automatic),101.06,2102.95,3,5,1
CUST-11398,Female,0,Yes,No,3,Yes,Yes,Fiber optic,Yes,Yes,No,No,Yes,No,Month-to-month,Yes,Bank transfer (automatic),98.76,307.56,2,4,1
CUST-11399,Male,1,No,Yes,16,No,No phone service,Fiber optic,No,No,No,No,No,Yes,One year,Yes,Electronic check,79.79,1246.3,4,3,0
CUST-11400,Male,0,Yes,Yes,11,Yes,Yes,DSL,No,No,No,Yes,No,Yes,Month-to-month,Yes,Electronic check,61.49,660.51,1,4,0
CUST-11401,Male,0,No,No,16,No,No phone service,Fiber optic,No,No,No,No,Yes,Yes,Month-to-month,Yes,Mailed check,91.28,1446.5,0,3,1
CUST-11402,Male,1,No,No,63,Yes,No,No,No internet service,No internet service,No internet service,No internet service,No internet service,No internet service,Month-to-month,No,Credit card (automatic),19.81,1258.96,2,5,0
CUST-11403,Female,0,No,No,16,Yes,Yes,No,No internet service,No internet service,No internet service,No internet service,No internet service,No internet service,Two year,Yes,Mailed check,19.06,307.96,2,1,0
CUST-11404,Female,1,No,No,1,Yes,No,No,No internet service,No internet service,No internet service,No internet service,No internet service,No internet service,Month-to-month,Yes,Credit card (automatic),18.82,18.25,2,4,0
CUST-11405,Female,0,No,No,14,Yes,No,No,No internet service,No internet service,No internet service,No internet service,No internet service,No internet service,Two year,Yes,Electronic check,20.9,282.37,2,2,0
CUST-11406,Female,0,No,No,42,Yes,No,DSL,Yes,Yes,Yes,Yes,Yes,Yes,Month-to-month,No,Bank transfer (automatic),91.56,3824.7,1,4,0
CUST-11407,Male,0,No,Yes,37,Yes,No,Fiber optic,No,No,No,Yes,No,Yes,Month-to-month,Yes,Electronic check,92.94,3439.84,0,1,1
CUST-11408,Male,0,No,No,18,Yes,Yes,Fiber optic,No,No,Yes,No,Yes,Yes,Month-to-month,Yes,Mailed check,97.02,1756.22,1,2,0
CUST-11409,Female,0,No,Yes,7,Yes,No,Fiber optic,Yes,No,Yes,No,No,No,Month-to-month,No,Electronic check,91.08,653.87,0,2,1
CUST-11410,Female,0,No,No,15,No,No phone service,Fiber optic,Yes,Yes,Yes,No,No,Yes,Month-to-month,No,Bank transfer (automatic),101.13,1551.21,0,5,0
CUST-11411,Female,0,No,Yes,20,Yes,No,DSL,Yes,Yes,No,No,No,No,One year,Yes,Mailed check,54.8,1107.35,2,2,0
CUST-11412,Male,0,No,No,72,Yes,Yes,No,No internet service,No internet service,No internet service,No internet service,No internet service,No internet service,Month-to-month,No,Mailed check,18.7,1325.91,1,3,0
CUST-11413,Female,1,Yes,No,25,Yes,Yes,Fiber optic,No,Yes,Yes,Yes,No,Yes,One year,No,Electronic check,101.52,2548.97,1,2,0
CUST-11414,Female,1,Yes,No,29,Yes,Yes,DSL,No,No,No,No,Yes,Yes,Month-to-month,No,Electronic check,59.97,1711.03,2,5,0
CUST-11415,Female,0,No,No,16,Yes,Yes,DSL,No,No,No,Yes,Yes,No,One year,No,Electronic check,61.24,976.7,2,3,0
CUST-11416,Male,0,No,No,10,Yes,No,Fiber optic,No,Yes,Yes,No,No,No,Month-to-month,Yes,Mailed check,90.25,904.63,1,3,1
CUST-11417,Male,0,No,No,41,Yes,Yes,No,No internet service,No internet service,No internet service,No internet service,No internet service,No internet service,One year,Yes,Electronic check,18.45,772.14,0,5,0
CUST-11418,Male,0,Yes,No,17,Yes,No,DSL,No,Yes,No,Yes,Yes,Yes,Month-to-month,No,Electronic check,72.46,1246.59,4,4,1
CUST-11419,Male,0,No,No,72,Yes,Yes,Fiber optic,No,No,No,No,No,Yes,One year,Yes,Mailed check,84.63,6089.48,0,4,0
CUST-11420,Male,1,No,Yes,15,Yes,Yes,No,No internet service,No internet service,No internet service,No internet service,No internet service,No internet service,Two year,No,Electronic check,23.25,348.94,2,3,0
CUST-11421,Male,0,Yes,Yes,1,Yes,Yes,DSL,No,No,No,Yes,No,Yes,Month-to-month,Yes,Bank transfer (automatic),60.03,78.5,3,3,1
CUST-11422,Male,0,No,Yes,28,Yes,Yes,DSL,Yes,No,Yes,No,No,Yes,Month-to-month,Yes,Electronic check,65.19,1802.81,1,4,0
CUST-11423,Male,0,No,Yes,1,Yes,No,DSL,No,No,Yes,No,Yes,No,Two year,Yes,Credit card (automatic),62.25,85.46,2,1,0
CUST-11424,Female,1,Yes,No,7,Yes,No,DSL,No,Yes,No,No,Yes,Yes,Month-to-month,No,Bank transfer (automatic),63.75,455.84,1,3,1
CUST-11425,Female,0,No,Yes,10,Yes,Yes,Fiber optic,Yes,Yes,Yes,No,Yes,Yes,One year,No,Mailed check,109.31,1055.88,2,5,0
CUST-11426,Male,0,No,Yes,33,Yes,No,No,No internet service,No internet service,No internet service,No internet service,No internet service,No internet service,Month-to-month,Yes,Credit card (automatic),21.93,729.88,3,4,0
CUST-11427,Male,0,Yes,Yes,17,Yes,No,No,No internet service,No internet service,No internet service,No internet service,No internet service,No internet service,Month-to-month,Yes,Credit card (automatic),18.25,332.33,3,3,0
CUST-11428,Female,0,Yes,No,1,Yes,No,DSL,No,No,No,Yes,No,No,One year,Yes,Mailed check,48.68,89.08,2,2,0
CUST-11429,Male,0,No,No,23,Yes,No,DSL,No,No,No,Yes,Yes,Yes,Month-to-month,No,Electronic check,71.12,1625.68,2,3,0
CUST-11430,Male,1,Yes,No,13,Yes,No,No,No internet service,No internet service,No internet service,No internet service,No internet service,No internet service,Two year,Yes,Electronic check,18.25,248.22,0,3,0
CUST-11431,Male,0,Yes,No,63,Yes,No,Fiber optic,Yes,No,Yes,No,No,Yes,Month-to-month,Yes,Electronic check,96.52,6092.68,2,3,0
CUST-11432,Female,0,Yes,Yes,17,Yes,Yes,No,No internet service,No internet service,No internet service,No internet service,No internet service,No internet service,Month-to-month,Yes,Bank transfer (automatic),25.26,441.27,0,5,0
CUST-11433,Female,0,No,No,30,Yes,Yes,DSL,Yes,Yes,No,No,No,Yes,Month-to-month,Yes,Mailed check,69.29,2075.18,1,3,0
CUST-11434,Female,0,No,No,6,Yes,No,Fiber optic,Yes,Yes,Yes,No,Yes,No,Two year,No,Credit card (automatic),101.91,610.8,0,3,0
CUST-11435,Female,0,No,Yes,35,Yes,No,DSL,No,Yes,No,No,Yes,No,Two year,Yes,Mailed check,61.06,2130.57,2,2,0
CUST-11436,Female,0,Yes,No,31,Yes,No,DSL,Yes,No,No,No,Yes,No,One year,Yes,Bank transfer (automatic),61.27,1904.87,3,4,0
CUST-11437,Male,0,No,No,58,Yes,No,Fiber optic,No,Yes,No,No,No,Yes,Month-to-month,No,Electronic check,86.69,5039.45,2,3,0
CUST-11438,Female,0,Yes,No,1,Yes,Yes,No,No internet service,No internet service,No internet service,No internet service,No internet service,No internet service,Month-to-month,No,Bank transfer (automatic),21.58,18.25,0,4,0
CUST-11439,Male,0,Yes,No,14,Yes,No,DSL,No,No,Yes,No,Yes,Yes,Two year,No,Bank transfer (automatic),71.47,1010.25,1,2,0
CUST-11440,Male,0,Yes,Yes,28,Yes,No,No,No internet service,No internet service,No internet service,No internet service,No internet service,No internet service,Month-to-month,Yes,Bank transfer (automatic),24.72,701.25,1,3,0
CUST-11441,Female,1,Yes,Yes,2,No,No phone service,Fiber optic,Yes,Yes,No,No,Yes,No,Month-to-month,Yes,Credit card (automatic),98.85,199.3,1,5,1
CUST-11442,Female,0,No,Yes,13,Yes,No,DSL,Yes,Yes,Yes,No,Yes,Yes,Month-to-month,Yes,Electronic check,84.95,1091.4,0,2,1
CUST-11443,Male,0,No,Yes,71,Yes,No,DSL,No,Yes,No,No,No,No,Two year,Yes,Mailed check,49.79,3513.48,1,2,0
CUST-11444,Male,0,Yes,Yes,14,Yes,Yes,No,No internet service,No internet service,No internet service,No internet service,No internet service,No internet service,One year,No,Electronic check,25.18,320.78,2,3,0
CUST-11445,Male,0,No,No,72,Yes,Yes,No,No internet service,No internet service,No internet service,No internet service,No internet service,No internet service,Month-to-month,No,Bank transfer (automatic),18.25,1288.77,0,3,0
CUST-11446,Female,0,No,Yes,1,Yes,No,No,No internet service,No internet service,No internet service,No internet service,No internet service,No internet service,Month-to-month,No,Electronic check,18.25,18.25,1,1,1
CUST-11447,Female,0,No,No,31,Yes,Yes,Fiber optic,No,No,No,No,Yes,No,Month-to-month,Yes,Mailed check,81.24,2531.01,1,5,0
CUST-11448,Female,0,Yes,No,21,Yes,No,No,No internet service,No internet service,No internet service,No internet service,No internet service,No internet service,Two year,No,Credit card (automatic),18.42,336.14,2,2,0
CUST-11449,Female,0,No,No,17,No,No phone service,Fiber optic,No,No,Yes,No,No,Yes,Two year,Yes,Electronic check,86.5,1473.39,3,1,0
CUST-11450,Female,0,Yes,No,72,Yes,Yes,Fiber optic,No,Yes,Yes,No,Yes,Yes,One year,Yes,Electronic check,104.15,7473.51,2,2,0
CUST-11451,Male,0,No,No,3,Yes,Yes,Fiber optic,Yes,No,No,No,No,Yes,Month-to-month,No,Bank transfer (automatic),94.58,297.9,4,3,1
CUST-11452,Female,1,Yes,No,56,Yes,No,No,No internet service,No internet service,No internet service,No internet service,No internet service,No internet service,One year,Yes,Credit card (automatic),18.25,1054.88,1,2,0
CUST-11453,Male,0,No,No,29,Yes,No,Fiber optic,No,No,No,No,No,Yes,Month-to-month,Yes,Electronic check,80.75,2349.02,1,2,0
CUST-11454,Male,0,Yes,No,7,Yes,No,Fiber optic,No,No,Yes,No,Yes,Yes,One year,No,Credit card (automatic),101.73,729.74,1,3,0
CUST-11455,Male,1,Yes,No,57,Yes,Yes,Fiber optic,Yes,No,No,Yes,No,Yes,Two year,No,Electronic check,91.52,5226.81,0,4,0
CUST-11456,Female,1,No,Yes,14,Yes,No,DSL,No,No,Yes,No,Yes,Yes,Month-to-month,No,Mailed check,69.94,951.35,0,4,0
CUST-11457,Female,0,No,No,42,Yes,No,No,No internet service,No internet service,No internet service,No internet service,No internet service,No internet service,Month-to-month,Yes,Mailed check,19.35,828.14,1,3,0
CUST-11458,Female,0,No,No,12,Yes,No,Fiber optic,No,Yes,No,Yes,Yes,Yes,Month-to-month,Yes,Bank transfer (automatic),106.47,1287.53,1,1,1
CUST-11459,Male,0,No,No,47,Yes,No,DSL,Yes,No,Yes,No,No,Yes,Month-to-month,No,Credit card (automatic),68.41,3224.85,0,5,0
CUST-11460,Male,0,Yes,Yes,25,Yes,No,Fiber optic,Yes,Yes,Yes,No,No,Yes,One year,Yes,Electronic check,109.17,2731.57,2,2,0
CUST-11461,Male,0,No,No,3,Yes,Yes,Fiber optic,No,Yes,No,Yes,No,No,Month-to-month,Yes,Bank transfer (automatic),86.6,248.83,1,1,1
CUST-11462,Male,0,Yes,No,26,Yes,Yes,Fiber optic,No,Yes,No,No,No,Yes,One year,Yes,Electronic check,85.98,2240.98,2,2,0
CUST-11463,Male,0,Yes,Yes,5,Yes,No,Fiber optic,No,No,Yes,No,Yes,No,One year,No,Credit card (automatic),91.08,477.49,2,4,0
CUST-11464,Male,0,No,No,13,Yes,No,DSL,No,Yes,Yes,Yes,Yes,Yes,Two year,Yes,Electronic check,79.13,1013.36,3,2,0
CUST-11465,Female,0,No,No,4,Yes,No,Fiber optic,No,No,No,No,Yes,Yes,Two year,No,Bank transfer (automatic),92.44,367.06,4,2,0
CUST-11466,Female,0,No,No,1,Yes,Yes,No,No internet service,No internet service,No internet service,No internet service,No internet service,No internet service,One year,No,Electronic check,21.31,18.25,4,2,0
CUST-11467,Female,0,No,No,5,Yes,No,No,No internet service,No internet service,No internet service,No internet service,No internet service,No internet service,Month-to-month,No,Credit card (automatic),21.02,108.57,2,3,0
CUST-11468,Female,0,No,No,19,Yes,Yes,Fiber optic,No,Yes,Yes,Yes,No,No,Month-to-month,Yes,Electronic check,95.48,1829.37,1,4,1
CUST-11469,Male,0,Yes,No,16,Yes,No,Fiber optic,No,Yes,No,Yes,Yes,Yes,Month-to-month,Yes,Electronic check,104.9,1681.97,1,1,1
CUST-11470,Male,1,Yes,Yes,17,No,No phone service,No,No internet service,No internet service,No internet service,No internet service,No internet service,No internet service,Month-to-month,No,Bank transfer (automatic),19.3,357.1,4,1,1
CUST-11471,Female,0,No,No,7,Yes,Yes,Fiber optic,No,No,No,No,No,Yes,Two year,No,Credit card (automatic),87.6,604.52,0,3,0
CUST-11472,Male,0,Yes,No,28,Yes,No,Fiber optic,No,No,No,Yes,Yes,No,Month-to-month,Yes,Credit card (automatic),89.17,2510.19,2,1,1
CUST-11473,Female,0,Yes,No,30,Yes,Yes,Fiber optic,No,Yes,Yes,No,Yes,Yes,Two year,Yes,Electronic check,103.01,3082.43,1,5,0
CUST-11474,Female,0,Yes,No,11,Yes,No,No,No internet service,No internet service,No internet service,No internet service,No internet service,No internet service,One year,Yes,Electronic check,23.06,233.5,0,4,0
CUST-11475,Female,1,No,Yes,53,Yes,Yes,DSL,No,Yes,No,Yes,No,No,Two year,Yes,Credit card (automatic),57.17,3059.36,2,1,0
CUST-11476,Male,0,Yes,No,25,Yes,No,Fiber optic,No,No,No,No,Yes,Yes,Two year,Yes,Electronic check,95.47,2382.54,1,5,0
CUST-11477,Female,0,No,No,31,No,No phone service,Fiber optic,No,Yes,No,No,No,No,Month-to-month,Yes,Bank transfer (automatic),77.73,2394.37,1,2,1
CUST-11478,Female,0,No,Yes,8,Yes,No,Fiber optic,No,Yes,No,No,Yes,No,One year,No,Mailed check,95.37,753.87,1,2,1
CUST-11479,Female,0,Yes,Yes,1,Yes,No,Fiber optic,No,No,No,No,No,Yes,Month-to-month,Yes,Bank transfer (automatic),82.53,100.54,1,2,1
CUST-11480,Male,0,No,Yes,50,Yes,Yes,DSL,No,Yes,No,No,Yes,No,Two year,Yes,Mailed check,58.77,2963.12,1,1,0
CUST-11481,Male,0,No,No,43,Yes,Yes,No,No internet service,No internet service,No internet service,No internet service,No internet service,No internet service,One year,Yes,Bank transfer (automatic),25.23,1113.81,3,4,0
CUST-11482,Female,0,No,Yes,3,Yes,No,Fiber optic,Yes,No,No,No,No,Yes,Month-to-month,Yes,Bank transfer (automatic),89.22,259.87,1,2,1
CUST-11483,Male,0,No,Yes,11,Yes,Yes,Fiber optic,Yes,No,No,No,Yes,Yes,Two year,No,Bank transfer (automatic),94.4,1035.35,1,2,0
CUST-11484,Male,0,Yes,No,27,Yes,Yes,Fiber optic,Yes,No,No,No,Yes,No,Month-to-month,Yes,Bank transfer (automatic),89.82,2429.41,1,4,0
CUST-11485,Male,1,No,No,26,Yes,No,Fiber optic,No,No,Yes,No,No,No,Month-to-month,No,Bank transfer (automatic),84.39,2171.35,2,1,1
CUST-11486,Male,0,Yes,Yes,49,Yes,No,No,No internet service,No internet service,No internet service,No internet service,No internet service,No internet service,One year,Yes,Bank transfer (automatic),19.77,973.8,2,2,0
CUST-11487,Male,0,No,Yes,3,Yes,Yes,Fiber optic,No,No,No,Yes,Yes,Yes,Two year,Yes,Bank transfer (automatic),96.62,286.57,0,3,0
CUST-11488,Male,0,No,Yes,14,Yes,Yes,Fiber optic,No,No,No,No,Yes,Yes,Two year,Yes,Credit card (automatic),89.06,1280.19,1,1,0
CUST-11489,Male,1,No,Yes,2,Yes,No,Fiber optic,Yes,Yes,Yes,Yes,No,Yes,One year,Yes,Credit card (automatic),114.25,220.11,1,3,0
CUST-11490,Male,0,Yes,Yes,12,Yes,No,DSL,Yes,Yes,No,No,No,No,Month-to-month,No,Electronic check,56.51,677.56,1,3,0
CUST-11491,Male,0,Yes,No,1,Yes,Yes,No,No internet service,No internet service,No internet service,No internet service,No internet service,No internet service,Month-to-month,Yes,Bank transfer (automatic),21.35,56.07,4,2,1
CUST-11492,Male,0,Yes,Yes,57,Yes,Yes,Fiber optic,No,Yes,Yes,No,No,No,Month-to-month,No,Credit card (automatic),94.58,5377.27,2,2,0
CUST-11493,Female,0,Yes,No,18,No,No phone service,DSL,No,Yes,Yes,Yes,Yes,Yes,Month-to-month,Yes,Mailed check,86.76,1565.45,1,2,1
CUST-11494,Female,0,Yes,No,47,Yes,No,Fiber optic,No,No,Yes,Yes,Yes,Yes,One year,Yes,Bank transfer (automatic),109.43,5157.08,1,3,0
CUST-11495,Male,0,No,No,1,No,No phone service,DSL,No,Yes,No,No,Yes,Yes,Month-to-month,No,Electronic check,64.9,55.12,1,1,1
CUST-11496,Female,0,Yes,No,6,Yes,Yes,DSL,Yes,Yes,Yes,Yes,No,No,One year,No,Electronic check,80.03,497.66,2,2,1
CUST-11497,Female,0,No,No,7,Yes,No,DSL,No,No,No,Yes,Yes,No,Month-to-month,Yes,Mailed check,59.56,412.35,3,5,0
CUST-11498,Male,0,Yes,No,12,Yes,No,DSL,Yes,No,No,No,Yes,Yes,Month-to-month,Yes,Credit card (automatic),68.74,824.03,2,5,0
CUST-11499,Male,0,No,No,40,Yes,No,No,No internet service,No internet service,No internet service,No internet service,No internet service,No internet service,Month-to-month,No,Electronic check,20.04,766.13,1,5,0
CUST-11500,Male,0,No,Yes,12,Yes,No,Fiber optic,Yes,No,No,No,No,No,Month-to-month,No,Electronic check,80.57,970.16,1,3,1
CUST-11501,Female,0,No,Yes,5,Yes,Yes,DSL,Yes,No,No,No,Yes,No,Month-to-month,No,Electronic check,60.47,287.03,4,1,1
CUST-11502,Female,0,No,No,1,Yes,Yes,DSL,Yes,No,No,No,No,No,Month-to-month,Yes,Electronic check,54.87,37.01,0,4,1
CUST-11503,Male,0,Yes,No,2,No,No phone service,DSL,Yes,No,No,No,No,No,Month-to-month,No,Bank transfer (automatic),54.21,124.26,2,5,1
CUST-11504,Male,0,No,No,35,No,No phone service,Fiber optic,No,No,Yes,Yes,No,Yes,One year,No,Electronic check,98.7,3463.47,1,1,0
CUST-11505,Male,0,Yes,No,14,Yes,No,Fiber optic,No,Yes,No,No,No,No,Month-to-month,No,Credit card (automatic),80.05,1099.46,0,1,1
CUST-11506,Female,0,Yes,No,32,Yes,No,Fiber optic,Yes,No,No,No,Yes,No,Month-to-month,Yes,Mailed check,89.54,2838.96,1,3,0
CUST-11507,Female,0,No,No,28,Yes,Yes,Fiber optic,Yes,No,No,No,Yes,Yes,Month-to-month,Yes,Mailed check,98.28,2713.54,3,1,1
CUST-11508,Female,0,No,No,3,Yes,Yes,DSL,Yes,No,No,No,Yes,Yes,One year,No,Mailed check,62.7,212.72,1,3,0
CUST-11509,Female,0,No,No,3,Yes,Yes,Fiber optic,No,No,Yes,No,No,No,Month-to-month,No,Credit card (automatic),84.31,190.97,2,3,1
CUST-11510,Male,0,Yes,No,35,Yes,Yes,DSL,No,No,Yes,No,No,Yes,Month-to-month,Yes,Mailed check,61.26,2150.84,2,1,0
CUST-11511,Male,0,Yes,No,31,Yes,No,No,No internet service,No internet service,No internet service,No internet service,No internet service,No internet service,Month-to-month,Yes,Bank transfer (automatic),24.3,726.89,1,4,0
CUST-11512,Male,0,Yes,Yes,11,Yes,No,Fiber optic,Yes,Yes,No,Yes,No,No,Month-to-month,Yes,Bank transfer (automatic),96.2,1078.37,2,1,1
CUST-11513,Male,0,Yes,No,2,Yes,Yes,Fiber optic,Yes,No,No,Yes,Yes,Yes,Month-to-month,Yes,Electronic check,104.8,228.04,0,2,1
CUST-11514,Female,0,Yes,Yes,1,Yes,Yes,No,No internet service,No internet service,No internet service,No internet service,No internet service,No internet service,Month-to-month,Yes,Electronic check,19.99,18.25,1,4,0
CUST-11515,Female,0,Yes,Yes,8,Yes,Yes,DSL,Yes,No,No,No,No,Yes,Month-to-month,Yes,Mailed check,62.05,484.68,0,3,1
CUST-11516,Male,1,Yes,No,1,Yes,Yes,Fiber optic,Yes,No,No,No,No,No,Two year,No,Mailed check,81.17,78.93,4,3,0
CUST-11517,Male,1,No,Yes,6,Yes,Yes,Fiber optic,No,No,Yes,No,Yes,No,Month-to-month,No,Electronic check,93.74,550.12,1,1,1
CUST-11518,Female,0,Yes,No,13,Yes,Yes,DSL,No,Yes,No,Yes,Yes,No,Month-to-month,No,Mailed check,66.83,887.73,3,4,0
CUST-11519,Male,0,No,Yes,3,Yes,Yes,DSL,No,Yes,No,No,Yes,No,Month-to-month,No,Bank transfer (automatic),60.69,182.5,1,4,0
CUST-11520,Female,0,Yes,No,2,Yes,No,DSL,No,No,No,Yes,Yes,No,Two year,Yes,Credit card (automatic),57.86,134.74,5,1,0
CUST-11521,Male,0,No,Yes,56,Yes,No,DSL,Yes,No,Yes,Yes,Yes,No,Month-to-month,Yes,Bank transfer (automatic),71.55,4002.83,2,5,0
CUST-11522,Male,0,No,No,22,Yes,Yes,No,No internet service,No internet service,No internet service,No internet service,No internet service,No internet service,One year,Yes,Mailed check,19.65,461.43,1,2,0
CUST-11523,Male,0,Yes,Yes,68,Yes,No,Fiber optic,No,Yes,No,Yes,Yes,Yes,One year,Yes,Electronic check,102.44,6935.21,0,3,0
CUST-11524,Male,0,No,No,10,Yes,No,DSL,No,No,No,Yes,No,No,Month-to-month,Yes,Electronic check,49.44,485.73,0,3,1
CUST-11525,Male,0,Yes,No,28,Yes,No,No,No internet service,No internet service,No internet service,No internet service,No internet service,No internet service,Two year,No,Mailed check,19.89,570.36,0,3,0
CUST-11526,Male,0,No,No,5,No,No phone service,Fiber optic,No,Yes,No,Yes,No,Yes,Month-to-month,Yes,Mailed check,93.49,451.25,0,3,1
CUST-11527,Male,0,Yes,Yes,24,Yes,No,No,No internet service,No internet service,No internet service,No internet service,No internet service,No internet service,Month-to-month,Yes,Credit card (automatic),19.03,433.57,5,3,0
CUST-11528,Female,0,No,Yes,3,Yes,No,Fiber optic,No,Yes,Yes,No,No,No,Month-to-month,Yes,Bank transfer (automatic),90.08,235.67,2,4,1
CUST-11529,Female,0,Yes,Yes,1,No,No phone service,Fiber optic,Yes,Yes,No,No,No,No,Two year,Yes,Credit card (automatic),93.21,99.37,2,5,0
CUST-11530,Female,0,Yes,No,67,No,No phone service,No,No internet service,No internet service,No internet service,No internet service,No internet service,No internet service,Month-to-month,No,Electronic check,19.59,1331.07,1,4,0
CUST-11531,Female,0,No,No,20,Yes,No,Fiber optic,No,No,Yes,No,Yes,No,One year,Yes,Mailed check,91.17,1816.4,3,4,0
CUST-11532,Female,0,Yes,No,65,Yes,Yes,Fiber optic,Yes,Yes,No,No,No,No,Month-to-month,Yes,Electronic check,86.19,5614.14,2,1,0
CUST-11533,Male,1,No,Yes,10,Yes,No,DSL,No,Yes,Yes,No,No,No,Month-to-month,Yes,Credit card (automatic),56.25,600.98,2,2,1
CUST-11534,Male,0,Yes,No,9,Yes,No,Fiber optic,No,No,Yes,No,Yes,Yes,Month-to-month,Yes,Bank transfer (automatic),100.09,919.43,1,1,1
CUST-11535,Female,1,No,No,12,Yes,No,DSL,No,No,No,No,Yes,Yes,Two year,Yes,Electronic check,57.89,711.04,1,4,0
CUST-11536,Male,1,Yes,Yes,30,Yes,No,Fiber optic,Yes,Yes,Yes,Yes,Yes,Yes,Month-to-month,Yes,Electronic check,117.04,3502.4,2,4,1
CUST-11537,Female,0,No,No,20,Yes,Yes,Fiber optic,No,No,No,No,No,Yes,One year,No,Electronic check,79.47,1581.52,2,1,0
CUST-11538,Female,0,No,No,64,Yes,No,Fiber optic,No,No,Yes,No,Yes,Yes,One year,Yes,Credit card (automatic),96.47,6181.26,1,4,0
CUST-11539,Male,0,Yes,Yes,1,No,No phone service,DSL,No,No,No,Yes,Yes,Yes,Two year,No,Electronic check,69.42,68.9,2,2,0
CUST-11540,Male,1,Yes,Yes,30,Yes,Yes,DSL,No,No,No,Yes,Yes,Yes,Two year,No,Mailed check,60.95,1837.93,1,3,0
CUST-11541,Male,0,Yes,Yes,10,Yes,No,DSL,No,Yes,No,No,No,Yes,Two year,Yes,Electronic check,67.88,626.23,2,3,0
CUST-11542,Female,0,No,No,4,No,No phone service,DSL,Yes,No,No,No,No,No,Month-to-month,Yes,Mailed check,52.7,199.01,0,2,1
CUST-11543,Male,0,Yes,Yes,17,Yes,No,Fiber optic,Yes,Yes,No,No,No,Yes,Month-to-month,Yes,Credit card (automatic),94.89,1635.17,3,3,1
CUST-11544,Female,0,Yes,Yes,17,Yes,No,DSL,Yes,No,No,No,Yes,Yes,Month-to-month,Yes,Electronic check,67.0,1101.75,2,3,1
CUST-11545,Female,0,Yes,No,3,Yes,No,Fiber optic,Yes,Yes,No,No,No,No,Month-to-month,Yes,Electronic check,87.09,245.96,1,3,1
CUST-11546,Female,0,Yes,Yes,5,Yes,Yes,Fiber optic,Yes,No,No,No,No,Yes,Month-to-month,Yes,Mailed check,90.52,447.76,0,4,1
CUST-11547,Male,0,No,Yes,13,Yes,No,DSL,No,Yes,Yes,Yes,No,Yes,One year,Yes,Electronic check,72.58,907.06,0,3,0
CUST-11548,Male,1,No,No,13,Yes,Yes,Fiber optic,No,No,No,No,Yes,No,Month-to-month,Yes,Bank transfer (automatic),82.92,1089.63,0,4,0
CUST-11549,Female,0,No,Yes,9,Yes,No,DSL,No,Yes,Yes,Yes,No,Yes,Month-to-month,No,Mailed check,73.54,669.67,2,4,0
CUST-11550,Male,1,No,No,4,Yes,Yes,Fiber optic,No,No,Yes,No,Yes,Yes,One year,Yes,Bank transfer (automatic),99.26,357.32,1,1,0
CUST-11551,Male,0,No,No,1,Yes,Yes,DSL,Yes,No,No,Yes,Yes,No,Two year,No,Bank transfer (automatic),72.66,66.03,0,2,0
CUST-11552,Male,0,Yes,No,72,Yes,No,Fiber optic,No,Yes,No,No,Yes,Yes,One year,No,Electronic check,95.36,6860.77,0,3,0
CUST-11553,Female,0,Yes,No,71,Yes,No,No,No internet service,No internet service,No internet service,No internet service,No internet service,No internet service,Month-to-month,No,Bank transfer (automatic),19.85,1422.27,1,3,0
CUST-11554,Female,0,No,Yes,16,Yes,Yes,Fiber optic,Yes,No,Yes,No,No,No,Two year,No,Mailed check,91.99,1486.51,1,4,0
CUST-11555,Male,0,No,No,72,No,No phone service,DSL,Yes,No,No,No,No,No,Month-to-month,Yes,Electronic check,56.16,4059.75,1,3,0
CUST-11556,Female,0,No,No,27,Yes,No,No,No internet service,No internet service,No internet service,No internet service,No internet service,No internet service,One year,Yes,Electronic check,21.13,591.58,2,4,0
CUST-11557,Male,0,Yes,No,1,Yes,No,DSL,No,No,Yes,No,No,Yes,Month-to-month,Yes,Mailed check,57.75,61.92,0,5,0
CUST-11558,Male,1,Yes,No,3,Yes,Yes,DSL,No,No,Yes,No,Yes,No,Month-to-month,Yes,Mailed check,56.39,199.31,0,4,1
CUST-11559,Male,1,Yes,No,61,Yes,No,DSL,Yes,No,Yes,Yes,Yes,No,Month-to-month,Yes,Mailed check,75.81,4636.08,3,1,0
CUST-11560,Male,0,No,No,24,Yes,Yes,DSL,Yes,No,No,No,No,Yes,Two year,Yes,Bank transfer (automatic),62.02,1487.64,2,2,0
CUST-11561,Female,0,No,No,46,Yes,No,No,No internet service,No internet service,No internet service,No internet service,No internet service,No internet service,Month-to-month,No,Electronic check,21.56,1026.56,2,4,0
CUST-11562,Female,0,No,No,57,Yes,Yes,Fiber optic,Yes,Yes,No,No,Yes,No,One year,Yes,Bank transfer (automatic),99.44,5653.06,1,3,0
CUST-11563,Female,0,Yes,No,14,Yes,No,No,No internet service,No internet service,No internet service,No internet service,No internet service,No internet service,One year,Yes,Credit card (automatic),18.25,257.63,2,3,0
CUST-11564,Male,1,No,No,1,Yes,Yes,DSL,Yes,Yes,No,Yes,No,No,Month-to-month,Yes,Electronic check,65.79,70.04,2,5,0
CUST-11565,Male,0,Yes,No,5,Yes,Yes,No,No internet service,No internet service,No internet service,No internet service,No internet service,No internet service,Month-to-month,Yes,Mailed check,19.53,108.08,2,3,0
CUST-11566,Male,0,Yes,No,1,Yes,No,Fiber optic,Yes,No,No,Yes,Yes,Yes,Month-to-month,No,Electronic check,105.74,96.49,3,1,1
CUST-11567,Female,1,No,No,5,Yes,No,No,No internet service,No internet service,No internet service,No internet service,No internet service,No internet service,One year,No,Mailed check,20.83,91.67,1,2,0
CUST-11568,Male,0,Yes,No,13,No,No phone service,Fiber optic,No,No,No,No,No,Yes,Month-to-month,Yes,Bank transfer (automatic),83.52,1108.67,1,2,1
CUST-11569,Female,1,Yes,Yes,3,Yes,No,DSL,No,Yes,Yes,No,No,No,Two year,Yes,Electronic check,54.1,139.36,3,3,0
CUST-11570,Female,0,No,No,4,No,No phone service,Fiber optic,Yes,No,No,No,No,Yes,One year,Yes,Electronic check,86.03,368.57,1,1,1
CUST-11571,Female,0,No,Yes,14,Yes,No,DSL,No,No,No,Yes,Yes,No,Month-to-month,Yes,Bank transfer (automatic),60.15,840.44,4,5,1
CUST-11572,Female,0,Yes,No,10,Yes,No,DSL,Yes,Yes,Yes,Yes,Yes,Yes,One year,Yes,Bank transfer (automatic),90.46,909.63,2,1,0
CUST-11573,Female,0,No,No,15,Yes,No,Fiber optic,No,Yes,No,No,No,Yes,Two year,No,Mailed check,89.53,1332.92,1,2,0
CUST-11574,Female,0,Yes,Yes,14,Yes,Yes,DSL,No,No,Yes,No,Yes,Yes,One year,Yes,Mailed check,68.71,957.7,2,4,0
CUST-11575,Male,0,No,No,25,Yes,Yes,Fiber optic,No,Yes,No,No,Yes,Yes,Month-to-month,Yes,Electronic check,99.47,2506.96,1,5,1
CUST-11576,Male,0,No,No,69,Yes,Yes,DSL,No,No,No,No,No,No,One year,No,Electronic check,41.67,2866.14,1,3,0
CUST-11577,Female,0,No,Yes,2,Yes,No,DSL,Yes,No,No,No,Yes,Yes,Month-to-month,Yes,Electronic check,62.32,89.36,1,2,1
CUST-11578,Female,0,No,No,2,Yes,Yes,Fiber optic,No,Yes,No,No,No,Yes,One year,No,Bank transfer (automatic),88.81,178.6,1,2,0
CUST-11579,Male,0,Yes,No,47,Yes,No,DSL,No,No,No,No,Yes,No,Month-to-month,No,Mailed check,54.5,2546.65,2,5,0
CUST-11580,Female,0,Yes,Yes,17,Yes,Yes,DSL,No,Yes,Yes,No,No,Yes,Month-to-month,No,Bank transfer (automatic),68.27,1142.03,1,1,1
CUST-11581,Female,0,Yes,No,36,Yes,Yes,Fiber optic,No,Yes,No,Yes,Yes,No,Month-to-month,Yes,Bank transfer (automatic),96.65,3466.2,0,1,1
CUST-11582,Male,0,Yes,No,6,Yes,Yes,No,No internet service,No internet service,No internet service,No internet service,No internet service,No internet service,Month-to-month,Yes,Mailed check,23.69,185.17,3,1,1
CUST-11583,Female,0,No,Yes,44,Yes,No,DSL,No,No,Yes,No,Yes,Yes,Month-to-month,Yes,Electronic check,73.88,3247.06,3,3,0
CUST-11584,Female,0,Yes,Yes,64,No,No phone service,Fiber optic,Yes,Yes,No,Yes,No,No,Month-to-month,Yes,Mailed check,99.68,6369.84,0,5,0
CUST-11585,Female,0,Yes,No,25,Yes,Yes,Fiber optic,Yes,No,Yes,No,No,No,Two year,Yes,Credit card (automatic),94.73,2385.18,1,3,0
CUST-11586,Male,0,Yes,No,2,Yes,No,DSL,No,Yes,Yes,No,Yes,No,One year,Yes,Bank transfer (automatic),63.0,136.88,1,3,0
CUST-11587,Male,0,No,Yes,56,Yes,No,Fiber optic,No,Yes,Yes,Yes,No,Yes,One year,No,Mailed check,105.38,5924.49,0,2,0
CUST-11588,Male,1,Yes,Yes,39,Yes,No,Fiber optic,No,No,Yes,No,No,Yes,Month-to-month,Yes,Electronic check,88.42,3477.44,2,3,0
CUST-11589,Female,0,No,No,34,Yes,No,Fiber optic,No,Yes,No,No,Yes,Yes,Month-to-month,No,Bank transfer (automatic),99.59,3435.2,2,3,1
CUST-11590,Female,0,Yes,No,1,Yes,No,DSL,No,No,Yes,No,Yes,No,Month-to-month,Yes,Bank transfer (automatic),56.31,41.52,1,1,1
CUST-11591,Male,0,Yes,No,40,Yes,No,DSL,No,No,No,Yes,Yes,Yes,One year,No,Bank transfer (automatic),67.39,2715.2,1,1,0
CUST-11592,Female,0,No,No,3,Yes,Yes,Fiber optic,Yes,No,No,Yes,No,Yes,One year,No,Electronic check,95.61,272.57,1,3,0
CUST-11593,Female,1,No,No,6,Yes,No,DSL,Yes,Yes,No,No,No,Yes,Month-to-month,Yes,Electronic check,69.92,415.77,5,4,1
CUST-11594,Female,0,No,No,21,Yes,Yes,No,No internet service,No internet service,No internet service,No internet service,No internet service,No internet service,Month-to-month,No,Mailed check,18.5,399.08,1,3,0
CUST-11595,Female,0,No,No,7,Yes,Yes,No,No internet service,No internet service,No internet service,No internet service,No internet service,No internet service,Month-to-month,No,Credit card (automatic),18.25,129.27,6,2,1
CUST-11596,Female,0,Yes,No,27,Yes,Yes,No,No internet service,No internet service,No internet service,No internet service,No internet service,No internet service,Two year,No,Credit card (automatic),21.4,584.91,1,2,0
CUST-11597,Male,0,Yes,No,23,No,No phone service,No,No internet service,No internet service,No internet service,No internet service,No internet service,No internet service,Month-to-month,No,Mailed check,22.58,515.76,2,4,0
CUST-11598,Female,0,No,No,2,Yes,No,Fiber optic,No,Yes,No,No,Yes,Yes,Month-to-month,Yes,Mailed check,94.84,171.67,2,4,1
CUST-11599,Male,0,Yes,No,26,Yes,Yes,Fiber optic,No,No,No,No,No,Yes,Month-to-month,Yes,Electronic check,84.51,2212.77,2,4,0
CUST-11600,Female,0,No,No,64,Yes,No,DSL,No,Yes,Yes,No,No,No,One year,No,Electronic check,60.31,3836.24,0,5,0
CUST-11601,Male,0,No,No,4,Yes,No,DSL,Yes,Yes,No,Yes,Yes,Yes,Two year,No,Electronic check,82.79,359.89,3,1,1
CUST-11602,Female,0,Yes,Yes,22,Yes,No,No,No internet service,No internet service,No internet service,No internet service,No internet service,No internet service,Month-to-month,No,Bank transfer (automatic),18.25,400.57,0,2,0
CUST-11603,Male,0,No,No,10,Yes,Yes,Fiber optic,No,No,No,No,No,Yes,Month-to-month,Yes,Electronic check,85.95,879.9,0,2,1
CUST-11604,Female,0,Yes,No,15,Yes,No,DSL,No,Yes,Yes,No,Yes,Yes,One year,No,Bank transfer (automatic),76.06,1179.76,3,3,0
CUST-11605,Male,0,Yes,Yes,8,Yes,Yes,DSL,Yes,Yes,No,No,Yes,No,Two year,Yes,Mailed check,68.33,550.68,1,1,0
CUST-11606,Female,1,Yes,No,10,Yes,Yes,DSL,Yes,Yes,Yes,No,No,No,One year,Yes,Credit card (automatic),68.75,666.63,3,2,0
CUST-11607,Male,0,No,Yes,1,Yes,Yes,DSL,No,Yes,Yes,No,No,Yes,Two year,Yes,Credit card (automatic),68.23,92.07,1,4,0
CUST-11608,Female,1,Yes,No,72,Yes,No,Fiber optic,No,No,No,No,No,Yes,Month-to-month,No,Credit card (automatic),86.96,6256.3,0,1,0
CUST-11609,Male,0,No,Yes,24,Yes,No,No,No internet service,No internet service,No internet service,No internet service,No internet service,No internet service,Month-to-month,Yes,Mailed check,23.31,535.83,0,4,0
CUST-11610,Male,0,No,No,17,Yes,No,DSL,Yes,Yes,Yes,No,Yes,No,One year,Yes,Credit card (automatic),73.65,1271.09,0,2,0
CUST-11611,Female,0,No,No,12,Yes,No,DSL,No,No,No,No,Yes,No,Two year,No,Bank transfer (automatic),60.72,740.97,1,2,0
CUST-11612,Female,0,No,Yes,19,Yes,No,Fiber optic,Yes,Yes,No,No,Yes,No,One year,Yes,Electronic check,99.81,1899.89,2,4,0
CUST-11613,Male,0,Yes,No,11,No,No phone service,DSL,No,No,Yes,Yes,No,No,One year,Yes,Mailed check,65.85,708.05,3,4,0
CUST-11614,Female,0,Yes,Yes,11,Yes,Yes,Fiber optic,No,No,No,No,Yes,No,Month-to-month,Yes,Credit card (automatic),83.17,939.69,1,2,1
CUST-11615,Male,0,Yes,No,15,Yes,Yes,Fiber optic,No,Yes,No,No,Yes,No,One year,Yes,Bank transfer (automatic),90.36,1376.46,2,3,0
CUST-11616,Male,1,No,No,8,Yes,No,Fiber optic,Yes,No,No,No,Yes,Yes,One year,Yes,Electronic check,93.78,749.7,3,2,1
CUST-11617,Male,0,No,Yes,4,Yes,No,Fiber optic,No,Yes,Yes,Yes,No,Yes,One year,No,Electronic check,99.68,430.9,1,3,0
CUST-11618,Female,0,No,No,20,No,No phone service,DSL,No,No,No,No,Yes,Yes,One year,No,Electronic check,60.06,1220.78,1,4,0
CUST-11619,Male,0,No,Yes,46,Yes,No,Fiber optic,Yes,No,No,No,Yes,Yes,Month-to-month,Yes,Electronic check,96.48,4424.29,1,2,1
CUST-11620,Male,0,No,No,4,Yes,No,No,No internet service,No internet service,No internet service,No internet service,No internet service,No internet service,One year,Yes,Credit card (automatic),21.2,75.42,0,3,0
CUST-11621,Female,0,Yes,No,1,Yes,No,Fiber optic,No,No,No,Yes,Yes,No,Month-to-month,Yes,Mailed check,87.95,95.08,2,3,1
CUST-11622,Female,0,No,No,7,Yes,No,Fiber optic,No,Yes,Yes,No,Yes,Yes,Month-to-month,Yes,Mailed check,107.17,746.93,1,3,1
CUST-11623,Female,1,No,No,72,Yes,Yes,No,No internet service,No internet service,No internet service,No internet service,No internet service,No internet service,Two year,Yes,Electronic check,22.72,1640.55,0,3,0
CUST-11624,Female,0,Yes,No,44,Yes,No,Fiber optic,No,Yes,No,No,Yes,Yes,Month-to-month,Yes,Credit card (automatic),102.71,4499.0,3,1,1
CUST-11625,Male,0,No,No,22,Yes,Yes,Fiber optic,No,No,No,No,No,No,One year,No,Credit card (automatic),82.1,1792.41,2,1,0
CUST-11626,Male,0,Yes,No,66,Yes,Yes,Fiber optic,No,No,No,No,No,No,Two year,Yes,Electronic check,77.26,5100.66,1,1,0
CUST-11627,Male,1,No,Yes,14,Yes,Yes,No,No internet service,No internet service,No internet service,No internet service,No internet service,No internet service,Month-to-month,No,Bank transfer (automatic),26.06,369.96,0,5,0
CUST-11628,Male,0,No,No,72,Yes,No,No,No internet service,No internet service,No internet service,No internet service,No internet service,No internet service,Month-to-month,Yes,Credit card (automatic),21.32,1539.31,4,1,0
CUST-11629,Female,0,No,Yes,8,No,No phone service,Fiber optic,No,Yes,No,No,Yes,No,One year,Yes,Mailed check,90.84,701.09,2,3,0
CUST-11630,Male,0,Yes,Yes,6,Yes,No,DSL,No,Yes,Yes,Yes,Yes,No,Month-to-month,No,Mailed check,72.04,435.46,0,4,0
CUST-11631,Male,0,No,No,25,No,No phone service,DSL,No,No,No,No,Yes,No,Two year,Yes,Mailed check,52.77,1339.22,3,4,0
CUST-11632,Female,0,No,No,11,Yes,No,No,No internet service,No internet service,No internet service,No internet service,No internet service,No internet service,Month-to-month,No,Electronic check,19.04,201.33,1,2,0
CUST-11633,Male,0,Yes,No,24,Yes,No,Fiber optic,No,No,Yes,No,Yes,No,Two year,Yes,Electronic check,87.15,2077.62,1,3,0
CUST-11634,Male,0,No,No,9,Yes,Yes,No,No internet service,No internet service,No internet service,No internet service,No internet service,No internet service,Month-to-month,No,Bank transfer (automatic),18.25,155.5,1,4,0
CUST-11635,Male,0,No,No,24,Yes,No,Fiber optic,Yes,No,No,Yes,Yes,Yes,Two year,Yes,Credit card (automatic),104.94,2512.12,2,5,0
CUST-11636,Male,0,No,No,8,Yes,No,Fiber optic,No,Yes,No,No,Yes,Yes,Two year,No,Bank transfer (automatic),94.2,777.23,2,4,0
CUST-11637,Male,0,Yes,Yes,1,Yes,No,Fiber optic,No,No,Yes,No,No,Yes,Month-to-month,Yes,Electronic check,89.57,64.23,4,3,1
CUST-11638,Male,0,No,No,60,Yes,Yes,DSL,No,Yes,Yes,No,No,Yes,One year,Yes,Mailed check,69.91,4174.58,2,3,0
CUST-11639,Female,0,No,No,53,Yes,No,DSL,No,Yes,No,Yes,No,Yes,Month-to-month,No,Mailed check,64.83,3394.14,1,4,0
CUST-11640,Female,0,Yes,No,72,Yes,Yes,DSL,No,Yes,No,No,No,No,Month-to-month,No,Electronic check,48.8,3537.21,1,3,0
CUST-11641,Male,0,Yes,No,31,No,No phone service,DSL,Yes,No,Yes,Yes,No,Yes,Month-to-month,No,Electronic check,71.01,2207.4,1,3,1
CUST-11642,Male,0,No,No,28,Yes,No,DSL,Yes,Yes,No,No,Yes,No,Month-to-month,Yes,Mailed check,65.49,1808.94,2,5,0
CUST-11643,Female,0,No,No,20,Yes,No,DSL,No,Yes,No,No,Yes,No,Two year,No,Electronic check,58.12,1158.01,0,5,0
CUST-11644,Male,1,No,No,3,Yes,No,Fiber optic,Yes,Yes,No,No,No,No,Month-to-month,Yes,Mailed check,86.02,267.05,2,5,1
CUST-11645,Male,0,Yes,No,5,Yes,Yes,Fiber optic,No,No,Yes,No,No,No,One year,Yes,Electronic check,85.34,438.54,3,2,1
CUST-11646,Male,0,Yes,No,8,Yes,Yes,Fiber optic,No,Yes,No,Yes,No,No,One year,Yes,Bank transfer (automatic),91.7,753.86,1,2,0
CUST-11647,Female,0,Yes,Yes,55,Yes,Yes,Fiber optic,No,No,No,No,Yes,No,Two year,Yes,Bank transfer (automatic),77.92,4253.2,2,3,0
CUST-11648,Male,0,Yes,Yes,4,Yes,No,DSL,No,No,Yes,No,No,No,One year,No,Mailed check,49.32,218.5,5,4,0
CUST-11649,Female,0,No,Yes,64,Yes,No,DSL,Yes,Yes,No,No,No,Yes,Two year,No,Electronic check,70.04,4448.65,2,2,0
CUST-11650,Male,0,No,No,18,Yes,No,DSL,Yes,Yes,Yes,No,Yes,No,Month-to-month,Yes,Electronic check,71.07,1298.71,1,3,1
CUST-11651,Female,0,No,No,31,Yes,No,Fiber optic,No,Yes,No,No,No,No,Month-to-month,Yes,Electronic check,79.63,2485.71,4,2,1
CUST-11652,Female,0,Yes,No,2,Yes,Yes,DSL,Yes,No,Yes,No,No,No,Two year,Yes,Electronic check,59.37,166.59,2,4,0
CUST-11653,Male,0,No,Yes,7,Yes,Yes,Fiber optic,Yes,Yes,No,Yes,No,No,Two year,Yes,Electronic check,95.21,658.47,1,4,0
CUST-11654,Female,0,Yes,No,72,Yes,Yes,No,No internet service,No internet service,No internet service,No internet service,No internet service,No internet service,Month-to-month,Yes,Electronic check,26.28,1877.35,0,3,0
CUST-11655,Male,0,Yes,No,7,Yes,No,Fiber optic,Yes,Yes,Yes,No,No,Yes,Two year,No,Bank transfer (automatic),106.36,750.38,3,4,0
CUST-11656,Female,0,No,No,8,Yes,No,DSL,No,No,Yes,No,Yes,No,Two year,No,Bank transfer (automatic),60.82,489.88,4,3,0
CUST-11657,Male,1,No,No,5,Yes,No,DSL,No,Yes,No,Yes,No,Yes,Month-to-month,Yes,Electronic check,67.36,381.12,3,5,1
CUST-11658,Male,1,No,No,3,No,No phone service,No,No internet service,No internet service,No internet service,No internet service,No internet service,No internet service,Two year,No,Electronic check,22.6,39.61,0,3,0
CUST-11659,Female,0,Yes,Yes,6,Yes,Yes,Fiber optic,No,No,No,Yes,Yes,No,Two year,No,Electronic check,90.84,530.67,2,3,0
CUST-11660,Male,0,No,Yes,25,No,No phone service,Fiber optic,No,Yes,No,No,Yes,No,Month-to-month,Yes,Electronic check,88.53,2192.13,1,4,0
CUST-11661,Male,0,No,Yes,15,No,No phone service,Fiber optic,Yes,No,No,Yes,No,No,One year,Yes,Electronic check,85.08,1284.94,3,1,1
CUST-11662,Female,0,No,No,20,Yes,Yes,Fiber optic,No,Yes,Yes,No,Yes,No,Two year,Yes,Electronic check,95.6,1902.78,4,3,0
CUST-11663,Male,0,Yes,Yes,3,Yes,Yes,DSL,No,No,No,No,No,Yes,One year,Yes,Bank transfer (automatic),51.49,163.2,5,5,0
CUST-11664,Male,0,No,No,40,Yes,No,No,No internet service,No internet service,No internet service,No internet service,No internet service,No internet service,Two year,Yes,Credit card (automatic),21.43,870.08,0,4,0
CUST-11665,Female,0,No,No,38,Yes,No,Fiber optic,Yes,No,No,No,No,Yes,Month-to-month,No,Mailed check,92.79,3537.04,1,5,0
CUST-11666,Female,0,No,No,1,Yes,Yes,DSL,No,No,No,No,No,Yes,One year,No,Electronic check,52.5,51.32,1,3,0
CUST-11667,Male,0,Yes,No,12,Yes,Yes,No,No internet service,No internet service,No internet service,No internet service,No internet service,No internet service,Month-to-month,No,Bank transfer (automatic),20.25,257.1,3,3,0
CUST-11668,Male,0,Yes,Yes,1,No,No phone service,Fiber optic,No,Yes,Yes,Yes,Yes,Yes,Month-to-month,No,Mailed check,108.91,112.59,1,1,1
CUST-11669,Female,0,Yes,No,39,Yes,No,DSL,No,Yes,Yes,No,Yes,No,One year,No,Credit card (automatic),64.93,2523.23,4,3,0
CUST-11670,Female,0,Yes,No,33,Yes,No,No,No internet service,No internet service,No internet service,No internet service,No internet service,No internet service,One year,Yes,Mailed check,18.25,592.28,3,1,0
CUST-11671,Male,1,No,Yes,58,Yes,Yes,No,No internet service,No internet service,No internet service,No internet service,No internet service,No internet service,Month-to-month,Yes,Bank transfer (automatic),18.25,1053.18,0,3,0
CUST-11672,Female,0,Yes,No,6,Yes,No,DSL,No,No,Yes,Yes,No,No,Two year,Yes,Electronic check,60.98,395.53,2,1,0
CUST-11673,Male,0,Yes,No,15,Yes,Yes,Fiber optic,Yes,Yes,No,Yes,Yes,No,One year,Yes,Bank transfer (automatic),106.97,1605.2,1,3,0
CUST-11674,Male,1,Yes,No,5,Yes,No,Fiber optic,No,Yes,No,No,Yes,No,Month-to-month,No,Electronic check,87.98,441.99,3,5,1
CUST-11675,Male,1,Yes,No,11,No,No phone service,DSL,No,No,No,Yes,No,Yes,Two year,Yes,Mailed check,63.2,693.62,1,4,0
CUST-11676,Male,0,Yes,No,18,Yes,Yes,Fiber optic,Yes,No,No,No,No,No,Month-to-month,Yes,Credit card (automatic),86.91,1544.2,3,2,1
CUST-11677,Male,0,No,No,1,Yes,Yes,Fiber optic,Yes,No,Yes,Yes,No,No,One year,No,Bank transfer (automatic),100.1,67.28,0,2,1
CUST-11678,Female,0,No,Yes,31,Yes,Yes,DSL,No,No,Yes,No,No,No,Month-to-month,No,Credit card (automatic),56.07,1745.23,2,2,0
CUST-11679,Female,0,Yes,Yes,19,Yes,Yes,DSL,Yes,Yes,Yes,No,No,Yes,Two year,Yes,Mailed check,72.24,1354.56,3,1,0
CUST-11680,Female,0,Yes,Yes,44,Yes,No,No,No internet service,No internet service,No internet service,No internet service,No internet service,No internet service,Month-to-month,Yes,Bank transfer (automatic),18.25,812.21,1,5,0
CUST-11681,Female,0,Yes,No,7,Yes,No,Fiber optic,Yes,Yes,Yes,Yes,Yes,Yes,Month-to-month,Yes,Mailed check,118.75,831.16,0,4,1
CUST-11682,Male,0,Yes,No,58,Yes,No,Fiber optic,Yes,No,Yes,No,No,Yes,Month-to-month,Yes,Mailed check,101.64,5915.87,2,4,0
CUST-11683,Male,0,No,No,72,Yes,No,No,No internet service,No internet service,No internet service,No internet service,No internet service,No internet service,Month-to-month,No,Bank transfer (automatic),25.0,1815.89,1,4,0
CUST-11684,Male,0,No,No,62,Yes,Yes,DSL,Yes,Yes,Yes,No,No,No,Month-to-month,No,Electronic check,62.49,3887.13,1,3,0
CUST-11685,Male,0,No,No,37,No,No phone service,No,No internet service,No internet service,No internet service,No internet service,No internet service,No internet service,Month-to-month,Yes,Electronic check,20.15,727.51,0,4,0
CUST-11686,Female,0,No,No,41,Yes,Yes,No,No internet service,No internet service,No internet service,No internet service,No internet service,No internet service,Two year,Yes,Electronic check,18.25,706.24,0,2,0
CUST-11687,Male,0,Yes,No,21,Yes,No,No,No internet service,No internet service,No internet service,No internet service,No internet service,No internet service,Two year,Yes,Mailed check,19.47,433.94,2,3,0
CUST-11688,Male,0,No,Yes,5,Yes,No,DSL,Yes,No,Yes,Yes,No,Yes,Two year,No,Mailed check,77.55,389.34,0,2,0
CUST-11689,Female,0,No,No,28,Yes,Yes,Fiber optic,No,No,No,Yes,No,Yes,Month-to-month,Yes,Bank transfer (automatic),91.12,2549.13,5,5,0
CUST-11690,Female,0,No,No,31,Yes,Yes,DSL,No,No,Yes,No,Yes,Yes,Month-to-month,No,Electronic check,63.1,1951.35,3,1,1
CUST-11691,Female,1,Yes,Yes,72,Yes,No,DSL,No,Yes,No,No,No,No,Month-to-month,Yes,Bank transfer (automatic),51.94,3750.47,2,1,0
CUST-11692,Female,0,No,No,19,Yes,Yes,Fiber optic,No,Yes,No,No,No,Yes,Month-to-month,Yes,Electronic check,88.42,1703.78,1,5,0
CUST-11693,Male,0,No,No,7,Yes,No,DSL,No,No,No,No,Yes,Yes,One year,Yes,Mailed check,62.76,428.26,3,4,0
CUST-11694,Male,0,No,Yes,28,No,No phone service,Fiber optic,No,Yes,Yes,Yes,No,No,Two year,No,Bank transfer (automatic),95.31,2636.19,0,3,0
CUST-11695,Female,0,Yes,Yes,72,Yes,No,DSL,Yes,Yes,Yes,No,No,Yes,One year,Yes,Bank transfer (automatic),75.48,5470.17,1,4,0
CUST-11696,Male,0,No,Yes,4,Yes,Yes,Fiber optic,No,Yes,No,No,No,Yes,Two year,No,Electronic check,89.04,363.95,1,5,0
CUST-11697,Male,0,No,No,9,Yes,Yes,DSL,No,Yes,No,Yes,No,No,Month-to-month,Yes,Bank transfer (automatic),65.33,596.92,0,4,0
CUST-11698,Male,0,No,No,19,Yes,No,No,No internet service,No internet service,No internet service,No internet service,No internet service,No internet service,One year,Yes,Bank transfer (automatic),22.08,367.39,0,4,0
CUST-11699,Female,0,No,No,4,No,No phone service,Fiber optic,No,No,No,Yes,No,No,Month-to-month,Yes,Credit card (automatic),82.13,333.98,1,4,0
CUST-11700,Male,1,No,No,1,Yes,Yes,DSL,No,No,No,No,No,Yes,Month-to-month,No,Bank transfer (automatic),51.4,18.25,0,1,1
CUST-11701,Female,0,Yes,No,10,Yes,Yes,Fiber optic,No,Yes,No,Yes,Yes,Yes,One year,No,Bank transfer (automatic),104.98,1043.8,1,3,0
CUST-11702,Male,0,No,No,50,No,No phone service,No,No internet service,No internet service,No internet service,No internet service,No internet service,No internet service,One year,Yes,Credit card (automatic),26.57,1342.44,0,3,0
CUST-11703,Male,1,Yes,No,1,Yes,No,No,No internet service,No internet service,No internet service,No internet service,No internet service,No internet service,Month-to-month,Yes,Electronic check,21.76,28.18,0,4,0
CUST-11704,Male,0,No,No,14,Yes,No,No,No internet service,No internet service,No internet service,No internet service,No internet service,No internet service,Month-to-month,No,Bank transfer (automatic),20.94,307.29,4,5,0
CUST-11705,Female,0,Yes,No,35,Yes,Yes,No,No internet service,No internet service,No internet service,No internet service,No internet service,No internet service,Month-to-month,Yes,Electronic check,22.07,761.62,1,3,0
CUST-11706,Male,0,No,No,72,Yes,No,DSL,Yes,Yes,No,Yes,Yes,Yes,Month-to-month,Yes,Credit card (automatic),84.23,6046.26,2,4,0
CUST-11707,Female,0,No,No,72,Yes,No,Fiber optic,Yes,No,No,No,Yes,Yes,One year,Yes,Mailed check,99.5,7157.08,0,2,0
CUST-11708,Female,0,No,No,13,Yes,Yes,Fiber optic,Yes,No,No,No,Yes,Yes,Month-to-month,No,Bank transfer (automatic),99.56,1293.76,1,3,1
CUST-11709,Female,0,No,Yes,72,Yes,Yes,DSL,Yes,No,Yes,No,No,No,Month-to-month,No,Electronic check,57.06,4096.78,3,4,0
CUST-11710,Male,0,No,Yes,1,Yes,No,DSL,Yes,Yes,No,No,No,Yes,One year,Yes,Bank transfer (automatic),63.61,61.56,2,1,0
CUST-11711,Male,0,No,No,34,Yes,Yes,No,No internet service,No internet service,No internet service,No internet service,No internet service,No internet service,One year,Yes,Electronic check,22.09,751.34,2,4,0
CUST-11712,Male,0,Yes,Yes,25,Yes,No,Fiber optic,No,No,No,No,Yes,Yes,One year,Yes,Bank transfer (automatic),91.11,2282.99,1,5,0
CUST-11713,Male,0,Yes,No,7,Yes,No,Fiber optic,No,Yes,Yes,Yes,No,No,Month-to-month,Yes,Electronic check,95.87,714.21,3,4,1
CUST-11714,Female,0,Yes,No,17,Yes,No,DSL,No,No,No,Yes,No,Yes,Month-to-month,Yes,Electronic check,57.94,965.59,3,1,1
CUST-11715,Female,0,Yes,Yes,3,Yes,No,Fiber optic,No,Yes,Yes,Yes,Yes,Yes,Two year,Yes,Electronic check,114.04,356.17,2,4,0
CUST-11716,Female,0,No,Yes,51,Yes,No,DSL,Yes,Yes,No,No,No,No,Month-to-month,No,Electronic check,61.53,3138.65,0,4,0
CUST-11717,Male,0,No,Yes,11,Yes,Yes,DSL,No,No,No,No,Yes,Yes,Month-to-month,No,Mailed check,55.5,647.02,0,5,0
CUST-11718,Female,0,No,Yes,24,Yes,Yes,DSL,No,No,No,Yes,Yes,No,Two year,Yes,Electronic check,60.14,1426.08,2,1,0
CUST-11719,Male,0,Yes,No,4,No,No phone service,Fiber optic,No,No,Yes,No,No,No,Month-to-month,No,Electronic check,82.12,323.95,2,3,1
CUST-11720,Female,0,Yes,No,5,Yes,No,No,No internet service,No internet service,No internet service,No internet service,No internet service,No internet service,One year,No,Credit card (automatic),19.2,88.73,3,4,0
CUST-11721,Male,0,No,No,72,No,No phone service,Fiber optic,Yes,No,Yes,No,No,Yes,Month-to-month,Yes,Electronic check,94.24,6744.22,0,4,0
CUST-11722,Male,1,No,No,34,Yes,No,Fiber optic,No,No,No,Yes,Yes,No,Two year,Yes,Bank transfer (automatic),87.92,2989.33,2,4,0
CUST-11723,Female,0,Yes,No,72,Yes,No,DSL,No,No,No,No,Yes,No,Month-to-month,Yes,Electronic check,51.55,3714.03,2,4,0
CUST-11724,Female,0,No,No,8,Yes,Yes,Fiber optic,No,Yes,No,No,Yes,Yes,Month-to-month,No,Credit card (automatic),91.92,722.7,1,1,1
CUST-11725,Female,0,No,No,4,Yes,No,Fiber optic,No,Yes,No,Yes,Yes,No,Month-to-month,Yes,Bank transfer (automatic),100.67,360.91,3,4,1
CUST-11726,Female,0,Yes,No,17,Yes,Yes,Fiber optic,No,No,Yes,No,No,Yes,Two year,No,Bank transfer (automatic),89.79,1544.26,0,3,0
CUST-11727,Male,0,No,Yes,17,Yes,Yes,DSL,No,Yes,No,No,No,Yes,One year,No,Mailed check,58.27,1024.9,4,2,0
CUST-11728,Female,0,Yes,Yes,4,Yes,Yes,No,No internet service,No internet service,No internet service,No internet service,No internet service,No internet service,Month-to-month,Yes,Credit card (automatic),18.25,98.02,4,4,0
CUST-11729,Female,0,No,Yes,33,Yes,Yes,DSL,No,No,No,No,No,Yes,One year,No,Mailed check,53.24,1757.61,0,3,0
CUST-11730,Female,0,Yes,Yes,11,Yes,No,DSL,No,No,Yes,Yes,No,Yes,Month-to-month,No,Bank transfer (automatic),62.44,684.08,1,4,0
CUST-11731,Male,0,Yes,No,5,Yes,Yes,Fiber optic,No,No,No,Yes,No,No,Month-to-month,Yes,Bank transfer (automatic),84.67,448.01,0,3,1
CUST-11732,Male,0,No,Yes,10,Yes,Yes,Fiber optic,No,Yes,Yes,No,No,Yes,One year,No,Credit card (automatic),99.93,1023.69,3,1,0
CUST-11733,Female,1,Yes,No,20,Yes,Yes,Fiber optic,No,No,Yes,No,No,No,Month-to-month,Yes,Electronic check,80.53,1614.46,2,5,0
CUST-11734,Male,0,No,No,32,Yes,No,No,No internet service,No internet service,No internet service,No internet service,No internet service,No internet service,Two year,No,Electronic check,18.25,585.52,1,4,0
CUST-11735,Female,0,Yes,No,16,No,No phone service,Fiber optic,Yes,Yes,No,Yes,No,No,One year,Yes,Mailed check,95.7,1544.25,0,4,0
CUST-11736,Male,0,Yes,No,18,Yes,No,No,No internet service,No internet service,No internet service,No internet service,No internet service,No internet service,Two year,No,Credit card (automatic),19.07,347.11,2,4,0
CUST-11737,Male,0,Yes,Yes,3,Yes,No,Fiber optic,No,Yes,No,Yes,No,Yes,Two year,Yes,Electronic check,97.12,318.23,3,3,1
CUST-11738,Male,0,No,No,61,No,No phone service,DSL,Yes,Yes,No,No,No,No,Month-to-month,Yes,Electronic check,65.36,3998.31,2,4,0
CUST-11739,Male,0,No,Yes,66,Yes,Yes,No,No internet service,No internet service,No internet service,No internet service,No internet service,No internet service,Two year,Yes,Electronic check,21.01,1400.89,0,2,0
CUST-11740,Female,0,Yes,No,28,Yes,No,Fiber optic,Yes,No,Yes,No,Yes,No,Two year,Yes,Electronic check,102.6,2886.16,2,3,0
CUST-11741,Female,0,No,No,1,Yes,Yes,DSL,No,Yes,Yes,Yes,No,Yes,Two year,No,Electronic check,77.38,75.62,0,4,0
CUST-11742,Female,0,No,No,19,Yes,Yes,Fiber optic,No,Yes,No,No,Yes,No,Month-to-month,Yes,Credit card (automatic),91.18,1768.52,1,4,0
CUST-11743,Male,0,No,No,24,Yes,No,Fiber optic,No,No,No,Yes,Yes,Yes,Two year,No,Electronic check,97.88,2347.46,0,5,0
CUST-11744,Female,0,No,No,72,Yes,No,Fiber optic,No,No,No,No,Yes,No,Month-to-month,No,Mailed check,76.59,5510.96,1,4,0
CUST-11745,Female,1,No,Yes,72,Yes,Yes,No,No internet service,No internet service,No internet service,No internet service,No internet service,No internet service,Month-to-month,No,Electronic check,18.25,1309.0,0,1,0
CUST-11746,Female,0,No,Yes,48,Yes,Yes,Fiber optic,No,No,No,Yes,Yes,No,Month-to-month,No,Credit card (automatic),92.27,4464.84,1,2,1
CUST-11747,Male,0,Yes,No,1,Yes,Yes,Fiber optic,Yes,No,Yes,No,No,No,Two year,Yes,Bank transfer (automatic),89.77,56.32,1,4,0
CUST-11748,Male,0,Yes,No,72,Yes,Yes,No,No internet service,No internet service,No internet service,No internet service,No internet service,No internet service,Month-to-month,Yes,Bank transfer (automatic),23.11,1651.74,2,1,0
CUST-11749,Male,1,Yes,No,23,Yes,No,Fiber optic,No,No,No,No,No,No,One year,Yes,Bank transfer (automatic),70.3,1631.26,3,5,0
CUST-11750,Female,0,Yes,Yes,40,Yes,Yes,Fiber optic,Yes,No,No,No,Yes,No,One year,Yes,Credit card (automatic),90.97,3645.93,1,3,0
CUST-11751,Female,0,No,No,13,No,No phone service,No,No internet service,No internet service,No internet service,No internet service,No internet service,No internet service,Month-to-month,Yes,Mailed check,21.38,282.95,1,4,0
CUST-11752,Female,0,Yes,No,9,Yes,No,Fiber optic,No,No,No,Yes,No,No,One year,No,Credit card (automatic),80.59,734.18,2,1,0
CUST-11753,Male,0,Yes,No,15,No,No phone service,Fiber optic,Yes,No,Yes,Yes,No,No,Month-to-month,Yes,Electronic check,94.3,1437.58,3,3,1
CUST-11754,Male,0,No,No,3,Yes,No,No,No internet service,No internet service,No internet service,No internet service,No internet service,No internet service,One year,Yes,Mailed check,18.25,59.47,1,2,0
CUST-11755,Female,0,Yes,No,11,Yes,No,Fiber optic,No,Yes,Yes,No,No,Yes,Month-to-month,No,Electronic check,95.38,1053.06,3,1,1
CUST-11756,Male,1,Yes,Yes,48,Yes,No,Fiber optic,Yes,Yes,No,No,No,No,Month-to-month,No,Electronic check,88.51,4275.25,0,4,0
CUST-11757,Male,0,Yes,No,1,Yes,No,Fiber optic,Yes,Yes,Yes,No,No,No,Month-to-month,No,Mailed check,95.65,100.41,3,5,1
CUST-11758,Male,0,No,Yes,4,No,No phone service,DSL,Yes,No,Yes,Yes,No,No,Two year,No,Credit card (automatic),68.44,288.5,1,2,0
CUST-11759,Male,0,Yes,Yes,3,Yes,No,Fiber optic,No,No,No,No,No,No,Month-to-month,Yes,Electronic check,74.55,171.93,2,5,1
CUST-11760,Female,0,Yes,No,12,Yes,Yes,Fiber optic,No,Yes,No,No,No,Yes,Month-to-month,Yes,Bank transfer (automatic),86.25,1026.39,0,1,1
CUST-11761,Male,1,No,No,72,Yes,No,Fiber optic,No,No,No,Yes,No,No,Month-to-month,Yes,Credit card (automatic),84.14,6044.25,1,4,0
CUST-11762,Male,0,No,No,4,Yes,Yes,Fiber optic,No,No,No,Yes,Yes,Yes,One year,Yes,Electronic check,93.94,361.22,1,3,1
CUST-11763,Male,0,No,No,3,Yes,Yes,DSL,No,No,Yes,No,No,No,Month-to-month,Yes,Electronic check,51.45,147.44,3,3,1
CUST-11764,Male,0,No,No,61,No,No phone service,Fiber optic,Yes,No,No,Yes,No,Yes,Month-to-month,No,Bank transfer (automatic),94.42,5752.14,2,3,0
CUST-11765,Female,0,Yes,Yes,53,Yes,Yes,DSL,No,Yes,No,No,Yes,Yes,Month-to-month,Yes,Electronic check,65.43,3485.58,0,3,0
CUST-11766,Female,0,Yes,No,1,No,No phone service,DSL,Yes,No,Yes,No,Yes,No,One year,Yes,Bank transfer (automatic),65.97,50.98,1,3,0
CUST-11767,Male,0,Yes,Yes,34,Yes,No,Fiber optic,No,No,Yes,No,No,No,Two year,No,Electronic check,81.12,2777.14,2,3,0
CUST-11768,Male,0,Yes,No,26,Yes,No,Fiber optic,No,Yes,No,No,Yes,Yes,Month-to-month,Yes,Electronic check,96.8,2532.27,1,5,1
CUST-11769,Male,1,Yes,No,36,Yes,Yes,Fiber optic,Yes,No,No,No,Yes,Yes,Two year,Yes,Bank transfer (automatic),97.37,3484.29,2,4,0
CUST-11770,Male,0,Yes,No,17,Yes,No,Fiber optic,No,Yes,Yes,No,Yes,No,Month-to-month,No,Credit card (automatic),100.61,1681.51,1,2,1
CUST-11771,Male,1,No,No,72,Yes,No,DSL,Yes,No,Yes,No,No,No,Month-to-month,No,Electronic check,56.9,4090.96,0,5,0
CUST-11772,Male,0,No,Yes,1,Yes,Yes,DSL,No,Yes,Yes,No,Yes,No,Month-to-month,Yes,Bank transfer (automatic),58.83,81.98,1,3,1
CUST-11773,Female,0,Yes,No,6,Yes,Yes,Fiber optic,No,Yes,No,Yes,Yes,Yes,Two year,Yes,Mailed check,101.75,616.68,1,1,0
CUST-11774,Male,0,No,Yes,12,Yes,Yes,DSL,No,Yes,Yes,Yes,Yes,No,One year,No,Credit card (automatic),78.24,975.28,0,4,0
CUST-11775,Female,0,Yes,Yes,14,Yes,No,No,No internet service,No internet service,No internet service,No internet service,No internet service,No internet service,Month-to-month,Yes,Mailed check,21.91,278.41,2,3,0
CUST-11776,Female,0,Yes,Yes,63,Yes,Yes,Fiber optic,No,No,No,No,Yes,Yes,Month-to-month,No,Credit card (automatic),87.59,5492.84,2,5,0
CUST-11777,Male,0,No,No,20,Yes,Yes,DSL,No,No,No,Yes,No,Yes,One year,No,Electronic check,58.87,1154.89,0,3,0
CUST-11778,Female,0,Yes,No,1,Yes,No,DSL,Yes,No,Yes,Yes,Yes,Yes,Month-to-month,No,Credit card (automatic),76.47,90.68,1,2,1
CUST-11779,Female,0,Yes,No,13,Yes,No,Fiber optic,Yes,Yes,No,No,Yes,No,Month-to-month,No,Credit card (automatic),94.87,1246.99,1,4,1
CUST-11780,Female,0,Yes,No,13,Yes,No,DSL,Yes,Yes,No,No,Yes,No,Two year,No,Credit card (automatic),65.1,856.37,1,2,0
CUST-11781,Female,0,No,No,72,Yes,Yes,No,No internet service,No internet service,No internet service,No internet service,No internet service,No internet service,Month-to-month,Yes,Credit card (automatic),22.24,1607.06,1,1,0
CUST-11782,Female,0,No,No,22,Yes,No,Fiber optic,No,Yes,No,No,No,Yes,One year,No,Credit card (automatic),89.46,1997.84,0,1,0
CUST-11783,Female,0,Yes,No,25,Yes,Yes,No,No internet service,No internet service,No internet service,No internet service,No internet service,No internet service,Month-to-month,Yes,Credit card (automatic),18.25,455.7,4,4,0
CUST-11784,Male,0,No,No,31,Yes,Yes,Fiber optic,Yes,No,Yes,Yes,No,Yes,Month-to-month,No,Credit card (automatic),100.73,3145.56,1,2,1
CUST-11785,Female,0,No,No,36,Yes,No,Fiber optic,No,No,No,No,No,Yes,Two year,No,Mailed check,84.99,3105.22,3,2,0
CUST-11786,Female,1,No,Yes,25,Yes,No,DSL,No,Yes,Yes,Yes,Yes,Yes,Two year,Yes,Credit card (automatic),82.03,2037.62,1,1,0
CUST-11787,Female,0,No,No,6,Yes,Yes,Fiber optic,No,Yes,Yes,No,No,No,One year,No,Mailed check,87.05,513.12,3,2,1
CUST-11788,Male,0,Yes,No,51,Yes,No,DSL,No,Yes,No,Yes,No,No,Month-to-month,Yes,Bank transfer (automatic),62.9,3169.71,2,4,0
CUST-11789,Female,0,Yes,Yes,32,Yes,No,Fiber optic,No,No,No,No,Yes,Yes,One year,No,Bank transfer (automatic),92.18,2963.63,0,3,0
CUST-11790,Male,0,No,No,33,Yes,No,DSL,No,Yes,No,No,Yes,No,Month-to-month,Yes,Credit card (automatic),58.45,1922.46,0,2,0
CUST-11791,Female,0,No,Yes,72,Yes,No,DSL,No,No,Yes,No,No,No,One year,Yes,Bank transfer (automatic),48.83,3514.25,3,2,0
CUST-11792,Male,0,No,Yes,40,Yes,No,DSL,No,No,Yes,No,No,No,One year,Yes,Electronic check,56.83,2313.57,0,3,0
CUST-11793,Male,1,No,Yes,44,Yes,No,Fiber optic,No,No,No,Yes,Yes,No,Two year,Yes,Bank transfer (automatic),91.81,4052.21,1,5,0
CUST-11794,Female,0,No,No,72,Yes,No,Fiber optic,Yes,Yes,No,No,No,No,Month-to-month,Yes,Electronic check,89.52,6428.61,1,2,0
CUST-11795,Female,0,No,No,4,Yes,No,Fiber optic,Yes,Yes,No,No,No,Yes,Two year,Yes,Mailed check,93.75,367.44,2,4,0
CUST-11796,Male,0,No,No,17,Yes,No,DSL,No,No,Yes,Yes,No,Yes,Month-to-month,Yes,Credit card (automatic),68.75,1154.44,3,4,0
CUST-11797,Female,0,No,Yes,21,Yes,Yes,Fiber optic,No,Yes,Yes,No,Yes,Yes,Month-to-month,Yes,Credit card (automatic),101.84,2146.5,3,5,0
CUST-11798,Male,0,No,No,9,Yes,Yes,DSL,No,Yes,No,No,Yes,Yes,One year,No,Credit card (automatic),69.3,627.54,4,3,0
CUST-11799,Male,0,Yes,No,45,Yes,Yes,Fiber optic,No,Yes,No,No,Yes,No,Month-to-month,Yes,Bank transfer (automatic),91.47,4142.58,3,1,1
CUST-11800,Male,0,Yes,Yes,35,No,No phone service,DSL,No,Yes,Yes,No,No,Yes,One year,Yes,Electronic check,65.33,2293.73,0,1,0
CUST-11801,Male,1,No,No,31,Yes,No,DSL,Yes,Yes,Yes,Yes,Yes,No,One year,Yes,Mailed check,83.98,2598.65,3,3,0
CUST-11802,Male,0,No,Yes,72,Yes,Yes,Fiber optic,No,No,No,Yes,Yes,No,Month-to-month,No,Mailed check,88.5,6377.91,1,3,0
CUST-11803,Female,0,No,Yes,7,Yes,Yes,DSL,No,No,Yes,No,Yes,Yes,Month-to-month,No,Electronic check,70.47,472.38,2,4,1
CUST-11804,Male,0,No,No,33,Yes,Yes,Fiber optic,Yes,No,Yes,No,No,No,Two year,No,Mailed check,88.49,2911.83,0,3,0
CUST-11805,Male,0,Yes,No,20,Yes,Yes,No,No internet service,No internet service,No internet service,No internet service,No internet service,No internet service,Month-to-month,Yes,Credit card (automatic),22.04,442.92,4,4,0
CUST-11806,Female,0,Yes,Yes,9,Yes,No,DSL,No,Yes,No,No,Yes,No,Two year,No,Mailed check,67.73,640.86,4,3,0
CUST-11807,Male,0,No,Yes,4,Yes,Yes,DSL,No,No,No,No,Yes,No,Month-to-month,Yes,Bank transfer (automatic),50.05,217.88,1,2,1
CUST-11808,Female,0,Yes,Yes,56,Yes,Yes,No,No internet service,No internet service,No internet service,No internet service,No internet service,No internet service,One year,Yes,Mailed check,18.25,1027.22,1,2,0
CUST-11809,Female,0,Yes,Yes,22,Yes,No,No,No internet service,No internet service,No internet service,No internet service,No internet service,No internet service,Two year,Yes,Bank transfer (automatic),20.16,453.77,0,3,0
CUST-11810,Female,0,Yes,Yes,43,Yes,No,DSL,Yes,No,No,No,No,No,Two year,Yes,Electronic check,53.96,2343.8,1,1,0
CUST-11811,Male,1,Yes,No,19,Yes,Yes,Fiber optic,No,No,Yes,Yes,No,No,Two year,Yes,Credit card (automatic),87.34,1658.42,3,3,0
CUST-11812,Male,0,No,No,6,Yes,Yes,DSL,No,No,No,No,Yes,Yes,Two year,No,Mailed check,59.65,376.87,4,2,0
CUST-11813,Male,1,Yes,No,10,Yes,No,Fiber optic,Yes,No,Yes,No,Yes,Yes,Month-to-month,No,Bank transfer (automatic),102.56,1017.8,1,1,1
CUST-11814,Female,1,No,No,12,Yes,Yes,DSL,No,Yes,No,No,No,No,One year,Yes,Bank transfer (automatic),47.84,580.72,1,3,0
CUST-11815,Male,0,Yes,No,72,Yes,No,DSL,No,Yes,No,Yes,Yes,Yes,One year,Yes,Credit card (automatic),75.7,5472.42,1,3,0
CUST-11816,Female,0,No,Yes,1,Yes,Yes,DSL,No,No,No,No,Yes,No,Two year,Yes,Electronic check,52.42,72.88,3,1,0
CUST-11817,Male,0,Yes,Yes,72,Yes,Yes,DSL,No,Yes,Yes,No,Yes,No,Two year,Yes,Credit card (automatic),64.22,4588.99,2,3,0
CUST-11818,Female,0,No,No,72,Yes,Yes,DSL,No,Yes,Yes,No,Yes,Yes,Two year,No,Credit card (automatic),72.32,5212.06,5,5,0
CUST-11819,Male,0,No,Yes,72,Yes,Yes,Fiber optic,No,No,No,No,No,Yes,One year,No,Credit card (automatic),81.31,5869.24,0,3,0
CUST-11820,Male,0,Yes,Yes,16,Yes,No,Fiber optic,No,No,Yes,No,No,Yes,One year,Yes,Mailed check,89.56,1423.99,1,5,0
CUST-11821,Male,1,No,Yes,72,Yes,No,DSL,No,No,No,No,No,No,Two year,Yes,Credit card (automatic),40.61,2943.54,7,4,0
CUST-11822,Female,0,No,No,12,Yes,No,Fiber optic,No,No,No,Yes,No,Yes,Month-to-month,No,Bank transfer (automatic),87.9,1034.48,0,1,1
CUST-11823,Female,0,Yes,No,1,Yes,No,DSL,No,Yes,No,No,No,No,Month-to-month,Yes,Mailed check,55.81,38.53,0,5,0
CUST-11824,Male,0,Yes,No,6,Yes,No,Fiber optic,No,No,Yes,No,Yes,No,Two year,Yes,Credit card (automatic),91.71,494.34,1,3,0
CUST-11825,Male,1,No,No,72,Yes,No,Fiber optic,No,No,No,No,Yes,Yes,One year,No,Bank transfer (automatic),88.89,6392.89,1,3,0
CUST-11826,Female,0,No,No,1,Yes,No,DSL,No,No,Yes,No,No,Yes,Month-to-month,No,Electronic check,63.23,20.36,0,3,1
CUST-11827,Female,1,Yes,No,19,Yes,Yes,DSL,Yes,No,Yes,No,No,Yes,Two year,No,Electronic check,66.85,1294.13,4,3,0
CUST-11828,Female,0,Yes,Yes,1,Yes,Yes,Fiber optic,No,Yes,Yes,No,Yes,Yes,Two year,Yes,Bank transfer (automatic),103.82,142.87,2,3,0
CUST-11829,Male,0,No,Yes,8,Yes,No,Fiber optic,No,Yes,Yes,No,Yes,No,Month-to-month,Yes,Credit card (automatic),98.2,767.09,2,3,1
CUST-11830,Female,0,No,Yes,2,Yes,No,Fiber optic,No,No,Yes,No,Yes,No,Month-to-month,No,Credit card (automatic),90.51,177.27,1,5,1
CUST-11831,Male,0,No,Yes,49,Yes,No,Fiber optic,No,No,Yes,Yes,No,No,Two year,Yes,Credit card (automatic),94.03,4609.62,4,2,0
CUST-11832,Female,0,Yes,Yes,22,Yes,No,Fiber optic,No,No,Yes,Yes,No,Yes,Two year,Yes,Electronic check,94.26,2056.72,0,5,0
CUST-11833,Male,0,No,Yes,58,Yes,No,DSL,No,No,Yes,Yes,No,Yes,Month-to-month,Yes,Mailed check,69.55,4042.09,3,5,0
CUST-11834,Female,0,Yes,No,29,Yes,No,No,No internet service,No internet service,No internet service,No internet service,No internet service,No internet service,Two year,Yes,Mailed check,19.17,552.55,0,3,0
CUST-11835,Female,0,Yes,No,72,Yes,No,Fiber optic,Yes,No,No,Yes,Yes,No,Month-to-month,Yes,Mailed check,93.52,6706.32,2,2,0
CUST-11836,Female,0,No,No,17,Yes,Yes,Fiber optic,Yes,Yes,Yes,Yes,No,No,Month-to-month,Yes,Electronic check,105.94,1809.14,0,3,1
CUST-11837,Female,1,No,No,25,Yes,No,DSL,No,No,No,Yes,Yes,No,Two year,No,Electronic check,58.65,1476.68,1,1,0
CUST-11838,Female,0,Yes,No,21,Yes,No,No,No internet service,No internet service,No internet service,No internet service,No internet service,No internet service,Month-to-month,Yes,Electronic check,23.84,459.61,1,4,0
CUST-11839,Male,0,Yes,No,16,Yes,No,Fiber optic,Yes,No,No,No,Yes,Yes,Month-to-month,No,Bank transfer (automatic),94.95,1518.91,0,2,1
CUST-11840,Female,0,No,No,46,Yes,No,Fiber optic,No,Yes,No,No,No,Yes,Month-to-month,No,Mailed check,88.08,4043.17,0,2,0
CUST-11841,Female,0,No,Yes,25,Yes,Yes,Fiber optic,No,No,No,No,Yes,Yes,Month-to-month,No,Electronic check,90.29,2262.79,2,4,1
CUST-11842,Female,0,No,Yes,40,Yes,Yes,Fiber optic,No,No,No,No,No,No,Two year,No,Mailed check,69.72,2815.44,0,3,0
CUST-11843,Male,0,No,No,38,Yes,No,DSL,No,Yes,Yes,No,No,Yes,Month-to-month,Yes,Electronic check,70.46,2700.8,3,3,1
CUST-11844,Female,0,Yes,No,5,Yes,Yes,No,No internet service,No internet service,No internet service,No internet service,No internet service,No internet service,Month-to-month,Yes,Bank transfer (automatic),23.33,137.24,0,3,0
CUST-11845,Male,0,No,Yes,26,Yes,No,DSL,No,Yes,No,Yes,No,Yes,One year,No,Electronic check,69.5,1809.93,1,3,0
CUST-11846,Female,0,No,Yes,5,No,No phone service,No,No internet service,No internet service,No internet service,No internet service,No internet service,No internet service,Month-to-month,No,Electronic check,20.35,96.48,2,2,1
CUST-11847,Female,0,No,No,21,Yes,Yes,Fiber optic,No,Yes,No,Yes,Yes,Yes,One year,Yes,Bank transfer (automatic),106.8,2201.76,1,2,0
CUST-11848,Male,0,No,Yes,28,Yes,No,No,No internet service,No internet service,No internet service,No internet service,No internet service,No internet service,Month-to-month,No,Electronic check,20.74,596.83,1,5,0
CUST-11849,Female,0,No,No,72,Yes,Yes,Fiber optic,No,Yes,No,No,No,No,Month-to-month,Yes,Bank transfer (automatic),85.03,6141.39,1,3,0
CUST-11850,Male,0,Yes,Yes,1,Yes,No,Fiber optic,No,No,No,No,Yes,No,Two year,Yes,Electronic check,87.77,54.37,2,3,0
CUST-11851,Male,0,Yes,No,2,Yes,No,DSL,Yes,Yes,No,No,No,No,Month-to-month,Yes,Electronic check,59.64,128.44,3,3,1
CUST-11852,Female,0,No,Yes,2,Yes,No,Fiber optic,Yes,No,No,No,Yes,No,One year,Yes,Electronic check,89.17,198.88,1,4,0
CUST-11853,Male,1,Yes,No,12,Yes,No,Fiber optic,No,No,No,No,No,No,Two year,No,Electronic check,74.42,875.52,1,2,0
CUST-11854,Female,0,Yes,Yes,43,Yes,No,DSL,No,No,No,Yes,Yes,No,Month-to-month,Yes,Electronic check,56.39,2440.67,2,1,0
CUST-11855,Female,0,No,No,46,No,No phone service,Fiber optic,No,Yes,No,Yes,Yes,Yes,Month-to-month,Yes,Mailed check,105.27,4819.28,1,5,0
CUST-11856,Male,0,No,No,33,Yes,Yes,DSL,Yes,No,No,No,No,Yes,One year,Yes,Mailed check,55.14,1810.38,3,3,0
CUST-11857,Male,0,Yes,No,56,Yes,Yes,Fiber optic,No,No,No,Yes,No,No,One year,Yes,Bank transfer (automatic),86.09,4797.63,2,3,0
CUST-11858,Male,0,No,No,9,Yes,Yes,No,No internet service,No internet service,No internet service,No internet service,No internet service,No internet service,Month-to-month,No,Electronic check,23.85,230.91,0,3,0
CUST-11859,Male,0,No,No,2,Yes,No,Fiber optic,Yes,Yes,Yes,Yes,No,No,One year,Yes,Mailed check,102.4,220.97,2,1,1
CUST-11860,Female,0,No,No,1,Yes,Yes,DSL,No,No,No,No,No,No,Two year,No,Credit card (automatic),41.77,31.13,1,4,0
CUST-11861,Female,0,No,No,47,Yes,No,Fiber optic,No,Yes,No,No,No,No,Month-to-month,Yes,Electronic check,85.13,3976.15,1,3,1
CUST-11862,Male,0,Yes,No,32,Yes,Yes,No,No internet service,No internet service,No internet service,No internet service,No internet service,No internet service,Month-to-month,No,Electronic check,18.25,636.81,1,1,0
CUST-11863,Female,0,Yes,No,29,Yes,No,DSL,Yes,No,No,Yes,No,Yes,Month-to-month,Yes,Credit card (automatic),64.75,1879.26,2,3,0
CUST-11864,Female,0,Yes,Yes,10,Yes,No,Fiber optic,Yes,Yes,Yes,No,No,Yes,One year,Yes,Mailed check,101.79,1016.85,2,2,0
CUST-11865,Female,0,No,No,11,Yes,No,Fiber optic,Yes,Yes,No,No,Yes,Yes,Two year,Yes,Credit card (automatic),106.07,1150.95,2,3,0
CUST-11866,Female,0,No,No,72,Yes,Yes,Fiber optic,Yes,Yes,Yes,No,Yes,Yes,Two year,Yes,Mailed check,113.61,8160.4,0,4,0
CUST-11867,Male,0,No,No,1,Yes,Yes,DSL,No,No,No,Yes,No,No,Month-to-month,Yes,Electronic check,53.08,63.78,0,2,1
CUST-11868,Male,0,No,No,37,Yes,Yes,DSL,No,Yes,Yes,No,No,Yes,Two year,Yes,Mailed check,66.99,2485.69,3,1,0
CUST-11869,Female,0,No,No,9,Yes,Yes,Fiber optic,No,No,No,No,No,Yes,Two year,No,Bank transfer (automatic),84.26,747.97,1,4,0
CUST-11870,Male,0,No,No,1,Yes,No,DSL,No,No,No,No,Yes,No,One year,No,Mailed check,52.42,69.1,3,3,0
CUST-11871,Male,0,Yes,No,33,Yes,Yes,No,No internet service,No internet service,No internet service,No internet service,No internet service,No internet service,One year,Yes,Mailed check,24.35,799.28,1,3,0
CUST-11872,Male,0,Yes,No,10,Yes,Yes,Fiber optic,No,No,Yes,No,Yes,Yes,Two year,No,Credit card (automatic),100.25,1015.25,0,3,0
CUST-11873,Female,0,No,No,32,Yes,No,Fiber optic,Yes,Yes,No,No,Yes,No,Two year,Yes,Mailed check,94.94,3045.95,1,4,0
CUST-11874,Female,0,Yes,No,30,No,No phone service,DSL,No,No,No,Yes,No,Yes,Two year,No,Bank transfer (automatic),58.68,1757.3,4,2,0
CUST-11875,Female,0,Yes,No,19,Yes,No,DSL,Yes,No,No,No,No,Yes,Month-to-month,No,Bank transfer (automatic),59.14,1138.65,1,3,0
CUST-11876,Male,0,No,No,37,Yes,Yes,Fiber optic,Yes,Yes,Yes,No,No,Yes,One year,Yes,Electronic check,101.86,3790.82,2,2,0
CUST-11877,Female,0,Yes,No,21,Yes,Yes,Fiber optic,Yes,Yes,No,No,Yes,No,Two year,No,Mailed check,100.52,2131.27,5,1,0
CUST-11878,Female,0,No,No,8,Yes,Yes,Fiber optic,No,Yes,Yes,No,Yes,No,Month-to-month,Yes,Credit card (automatic),99.61,767.73,4,5,1
CUST-11879,Male,0,Yes,Yes,33,Yes,No,DSL,Yes,No,Yes,Yes,Yes,No,Month-to-month,No,Bank transfer (automatic),73.92,2461.25,1,1,0
CUST-11880,Female,0,Yes,No,22,Yes,No,DSL,No,Yes,No,No,Yes,No,Two year,Yes,Mailed check,61.14,1355.05,1,1,0
CUST-11881,Female,0,Yes,No,1,Yes,No,Fiber optic,No,No,No,No,Yes,Yes,Month-to-month,No,Mailed check,88.43,100.75,2,2,1
CUST-11882,Male,0,No,Yes,57,Yes,Yes,Fiber optic,Yes,No,No,Yes,No,Yes,Month-to-month,Yes,Electronic check,100.08,5662.35,0,2,1
CUST-11883,Male,0,Yes,Yes,19,Yes,No,Fiber optic,No,Yes,No,Yes,No,Yes,Month-to-month,Yes,Bank transfer (automatic),96.75,1808.99,2,1,1
CUST-11884,Male,1,No,No,50,Yes,Yes,No,No internet service,No internet service,No internet service,No internet service,No internet service,No internet service,Month-to-month,Yes,Electronic check,18.25,907.62,1,4,0
CUST-11885,Female,0,No,No,53,Yes,No,Fiber optic,Yes,No,No,No,No,No,Two year,Yes,Electronic check,78.44,4121.2,0,1,0
CUST-11886,Female,1,No,No,14,Yes,No,DSL,No,No,No,No,No,No,Two year,Yes,Mailed check,48.58,714.49,4,1,0
CUST-11887,Female,0,Yes,No,17,No,No phone service,No,No internet service,No internet service,No internet service,No internet service,No internet service,No internet service,Month-to-month,Yes,Mailed check,19.26,310.31,1,1,0
CUST-11888,Male,0,Yes,No,13,No,No phone service,No,No internet service,No internet service,No internet service,No internet service,No internet service,No internet service,Month-to-month,Yes,Bank transfer (automatic),20.89,247.95,1,3,0
CUST-11889,Male,0,No,No,14,No,No phone service,DSL,No,Yes,No,Yes,Yes,No,Month-to-month,Yes,Credit card (automatic),66.81,927.23,1,2,1
CUST-11890,Female,0,No,Yes,56,Yes,Yes,Fiber optic,No,No,No,Yes,Yes,Yes,Month-to-month,Yes,Electronic check,92.99,5203.02,0,3,0
CUST-11891,Female,0,No,No,38,Yes,Yes,No,No internet service,No internet service,No internet service,No internet service,No internet service,No internet service,Month-to-month,Yes,Electronic check,18.25,698.65,1,2,0
CUST-11892,Male,0,Yes,Yes,3,Yes,No,DSL,Yes,No,No,Yes,Yes,No,Two year,Yes,Credit card (automatic),70.52,166.17,1,4,0
CUST-11893,Male,0,No,No,23,Yes,Yes,DSL,No,Yes,Yes,No,Yes,No,Two year,Yes,Credit card (automatic),70.39,1592.45,1,2,0
CUST-11894,Male,1,Yes,No,72,Yes,Yes,Fiber optic,No,No,No,Yes,Yes,No,Two year,No,Credit card (automatic),85.68,6157.42,3,3,0
CUST-11895,Male,1,Yes,No,22,Yes,No,Fiber optic,Yes,Yes,Yes,No,No,Yes,Two year,No,Electronic check,108.39,2395.79,0,3,0
CUST-11896,Female,0,Yes,No,38,Yes,No,DSL,No,No,No,No,No,No,One year,No,Electronic check,43.3,1640.42,2,4,0
CUST-11897,Male,0,Yes,Yes,36,Yes,No,No,No internet service,No internet service,No internet service,No internet service,No internet service,No internet service,One year,Yes,Mailed check,20.42,738.52,2,2,0
CUST-11898,Female,0,No,No,10,Yes,Yes,DSL,No,No,Yes,No,Yes,No,Two year,No,Credit card (automatic),59.82,620.46,2,3,0
CUST-11899,Female,0,Yes,Yes,11,No,No phone service,No,No internet service,No internet service,No internet service,No internet service,No internet service,No internet service,One year,Yes,Electronic check,21.78,237.98,5,1,0
CUST-11900,Female,0,No,Yes,32,Yes,Yes,DSL,Yes,Yes,Yes,No,Yes,No,One year,Yes,Credit card (automatic),77.34,2484.42,0,4,0
CUST-11901,Male,0,Yes,No,17,Yes,Yes,Fiber optic,Yes,No,Yes,Yes,No,Yes,Two year,Yes,Electronic check,103.73,1761.62,0,3,0
CUST-11902,Male,0,No,Yes,21,Yes,No,DSL,Yes,No,No,No,No,No,Month-to-month,Yes,Electronic check,55.65,1195.1,1,5,0
CUST-11903,Male,0,Yes,No,31,Yes,Yes,DSL,No,No,No,Yes,No,Yes,Two year,Yes,Electronic check,64.02,1998.12,3,4,0
CUST-11904,Male,1,Yes,No,37,Yes,No,DSL,No,Yes,Yes,No,Yes,Yes,Month-to-month,Yes,Electronic check,76.01,2757.01,0,3,0
CUST-11905,Female,0,Yes,Yes,7,No,No phone service,No,No internet service,No internet service,No internet service,No internet service,No internet service,No internet service,One year,No,Credit card (automatic),18.25,135.52,0,3,0
CUST-11906,Male,1,Yes,Yes,3,No,No phone service,Fiber optic,Yes,Yes,Yes,No,Yes,Yes,Month-to-month,Yes,Mailed check,113.78,380.12,1,1,1
CUST-11907,Male,0,No,No,8,No,No phone service,Fiber optic,No,No,Yes,No,No,Yes,Two year,Yes,Electronic check,88.44,731.99,0,4,0
CUST-11908,Female,0,Yes,No,17,Yes,Yes,No,No internet service,No internet service,No internet service,No internet service,No internet service,No internet service,Two year,No,Electronic check,18.9,311.64,1,4,0
CUST-11909,Male,0,No,No,10,Yes,Yes,Fiber optic,No,Yes,Yes,Yes,No,No,Month-to-month,Yes,Mailed check,94.69,962.49,0,3,1
CUST-11910,Female,0,Yes,No,21,Yes,Yes,DSL,No,No,No,Yes,No,No,Two year,No,Electronic check,56.69,1172.83,0,3,0
CUST-11911,Female,0,No,No,1,Yes,No,No,No internet service,No internet service,No internet service,No internet service,No internet service,No internet service,Month-to-month,Yes,Electronic check,19.68,18.25,1,4,0
CUST-11912,Female,0,No,No,17,Yes,No,Fiber optic,No,No,No,No,Yes,Yes,Month-to-month,Yes,Electronic check,94.01,1583.88,0,3,1
CUST-11913,Female,0,Yes,Yes,11,Yes,No,No,No internet service,No internet service,No internet service,No internet service,No internet service,No internet service,Month-to-month,No,Electronic check,22.15,246.36,1,2,0
CUST-11914,Female,0,Yes,No,19,Yes,Yes,Fiber optic,Yes,No,No,Yes,Yes,Yes,Month-to-month,No,Credit card (automatic),102.61,1991.12,0,2,1
CUST-11915,Female,0,Yes,No,13,Yes,Yes,No,No internet service,No internet service,No internet service,No internet service,No internet service,No internet service,One year,No,Mailed check,18.25,203.9,1,3,0
CUST-11916,Female,0,No,No,8,Yes,Yes,Fiber optic,No,Yes,Yes,Yes,Yes,Yes,Two year,Yes,Bank transfer (automatic),111.97,910.17,1,4,0
CUST-11917,Female,0,Yes,No,58,Yes,No,DSL,No,Yes,Yes,No,No,Yes,Month-to-month,No,Bank transfer (automatic),67.37,3893.24,0,1,0
CUST-11918,Male,0,No,No,5,No,No phone service,DSL,Yes,No,Yes,No,No,No,Month-to-month,Yes,Credit card (automatic),58.72,276.03,1,4,0
CUST-11919,Male,0,No,Yes,28,Yes,Yes,DSL,Yes,Yes,No,No,Yes,Yes,Month-to-month,No,Electronic check,78.26,2200.0,1,3,1
CUST-11920,Male,0,No,No,64,No,No phone service,DSL,No,No,No,Yes,Yes,Yes,Month-to-month,No,Mailed check,67.75,4336.59,2,2,0
CUST-11921,Male,1,No,No,19,Yes,Yes,No,No internet service,No internet service,No internet service,No internet service,No internet service,No internet service,Month-to-month,No,Electronic check,20.8,402.04,0,3,0
CUST-11922,Female,0,No,No,52,Yes,Yes,DSL,No,Yes,No,Yes,Yes,No,Month-to-month,Yes,Mailed check,64.26,3340.54,4,4,0
CUST-11923,Male,0,Yes,Yes,3,Yes,No,No,No internet service,No internet service,No internet service,No internet service,No internet service,No internet service,Month-to-month,Yes,Electronic check,18.25,51.66,2,1,1
CUST-11924,Female,0,No,No,17,Yes,Yes,DSL,No,Yes,No,No,No,No,Two year,Yes,Electronic check,55.1,938.63,2,2,0
CUST-11925,Male,0,No,No,15,Yes,Yes,DSL,Yes,No,No,No,No,No,Month-to-month,No,Bank transfer (automatic),49.5,740.6,1,3,1
CUST-11926,Male,0,Yes,No,1,Yes,Yes,Fiber optic,Yes,No,No,Yes,No,Yes,Two year,No,Electronic check,96.65,91.94,3,1,1
CUST-11927,Male,0,No,Yes,14,Yes,Yes,No,No internet service,No internet service,No internet service,No internet service,No internet service,No internet service,Month-to-month,Yes,Credit card (automatic),19.74,277.53,1,2,0
CUST-11928,Female,0,Yes,No,11,Yes,No,Fiber optic,No,Yes,Yes,No,Yes,Yes,One year,Yes,Electronic check,105.38,1149.16,2,2,1
CUST-11929,Male,0,No,Yes,27,Yes,No,Fiber optic,No,Yes,No,Yes,No,Yes,Two year,No,Bank transfer (automatic),96.01,2621.85,3,4,0
CUST-11930,Female,0,No,No,69,Yes,Yes,Fiber optic,No,No,No,Yes,No,Yes,Month-to-month,No,Bank transfer (automatic),87.5,6005.24,1,3,0
CUST-11931,Female,0,Yes,No,2,Yes,No,Fiber optic,No,No,No,No,Yes,No,Two year,Yes,Electronic check,80.92,133.26,0,3,0
CUST-11932,Male,0,No,Yes,9,Yes,Yes,No,No internet service,No internet service,No internet service,No internet service,No internet service,No internet service,Month-to-month,No,Credit card (automatic),18.25,195.94,4,1,0
CUST-11933,Male,1,Yes,No,14,Yes,Yes,Fiber optic,No,No,No,No,Yes,No,Month-to-month,Yes,Mailed check,83.72,1186.36,1,3,1
CUST-11934,Male,0,Yes,No,15,Yes,No,No,No internet service,No internet service,No internet service,No internet service,No internet service,No internet service,Month-to-month,No,Credit card (automatic),21.55,298.23,3,3,0
CUST-11935,Female,0,Yes,No,37,Yes,No,Fiber optic,Yes,No,Yes,Yes,No,No,Month-to-month,Yes,Electronic check,98.73,3667.32,1,4,0
CUST-11936,Male,0,No,No,14,Yes,No,No,No internet service,No internet service,No internet service,No internet service,No internet service,No internet service,Month-to-month,Yes,Bank transfer (automatic),20.3,269.58,4,2,1
CUST-11937,Female,0,Yes,No,1,Yes,Yes,DSL,No,No,No,No,Yes,No,Two year,Yes,Electronic check,55.72,64.01,2,1,0
CUST-11938,Female,1,Yes,No,30,Yes,No,Fiber optic,No,No,Yes,No,No,Yes,Month-to-month,No,Mailed check,93.54,2805.66,1,4,0
CUST-11939,Male,0,No,No,54,Yes,Yes,DSL,Yes,No,Yes,Yes,No,Yes,One year,Yes,Mailed check,78.09,4226.43,1,2,0
CUST-11940,Male,1,Yes,No,18,Yes,No,Fiber optic,Yes,Yes,Yes,No,No,Yes,Two year,Yes,Mailed check,104.79,1889.39,2,4,0
CUST-11941,Female,0,Yes,No,21,Yes,Yes,Fiber optic,Yes,Yes,Yes,No,Yes,Yes,Month-to-month,No,Electronic check,112.08,2336.79,0,1,1
CUST-11942,Female,0,Yes,Yes,4,Yes,No,Fiber optic,No,Yes,Yes,No,No,No,Month-to-month,No,Bank transfer (automatic),90.18,350.5,0,4,1
CUST-11943,Female,0,Yes,No,6,Yes,Yes,Fiber optic,No,No,No,No,No,Yes,Two year,Yes,Credit card (automatic),80.5,484.71,4,3,0
CUST-11944,Male,0,Yes,No,6,Yes,No,Fiber optic,No,Yes,Yes,Yes,Yes,Yes,Two year,Yes,Electronic check,113.02,649.92,2,5,0
CUST-11945,Female,1,Yes,No,14,Yes,No,DSL,No,Yes,No,No,No,Yes,Two year,Yes,Mailed check,60.16,830.06,2,2,0
CUST-11946,Male,0,No,No,65,Yes,Yes,Fiber optic,No,No,No,Yes,Yes,Yes,Month-to-month,Yes,Mailed check,100.14,6504.72,1,1,0
CUST-11947,Female,0,No,No,18,Yes,No,DSL,Yes,Yes,No,No,Yes,No,One year,Yes,Bank transfer (automatic),71.62,1289.59,1,3,0
CUST-11948,Female,0,Yes,No,5,Yes,No,No,No internet service,No internet service,No internet service,No internet service,No internet service,No internet service,Month-to-month,Yes,Electronic check,20.79,91.43,2,5,0
CUST-11949,Male,0,Yes,No,7,Yes,Yes,Fiber optic,Yes,Yes,No,No,No,Yes,Two year,No,Credit card (automatic),99.51,711.61,1,2,0
CUST-11950,Female,0,Yes,No,12,Yes,Yes,DSL,Yes,No,No,Yes,No,Yes,Two year,Yes,Credit card (automatic),67.46,778.73,2,4,0
CUST-11951,Male,0,No,Yes,24,Yes,No,Fiber optic,No,No,No,No,No,No,Month-to-month,Yes,Bank transfer (automatic),77.29,1855.35,0,2,1
CUST-11952,Male,0,Yes,No,14,Yes,Yes,Fiber optic,Yes,No,No,No,Yes,No,Month-to-month,No,Bank transfer (automatic),92.54,1307.49,0,1,1
CUST-11953,Female,0,Yes,No,12,Yes,No,DSL,Yes,No,Yes,Yes,Yes,No,Month-to-month,No,Credit card (automatic),79.21,1011.23,0,3,0
CUST-11954,Male,1,No,No,20,Yes,Yes,Fiber optic,No,No,No,No,No,No,One year,Yes,Credit card (automatic),69.25,1358.3,2,3,0
CUST-11955,Male,0,Yes,No,6,Yes,Yes,Fiber optic,Yes,Yes,No,Yes,No,Yes,Month-to-month,Yes,Bank transfer (automatic),106.72,600.64,1,4,1
CUST-11956,Female,0,Yes,Yes,2,Yes,No,Fiber optic,No,Yes,No,Yes,No,No,One year,No,Mailed check,89.2,197.98,4,1,1
CUST-11957,Male,0,No,Yes,1,Yes,No,No,No internet service,No internet service,No internet service,No internet service,No internet service,No internet service,Month-to-month,No,Mailed check,21.41,30.19,1,3,0
CUST-11958,Male,0,No,No,7,Yes,Yes,DSL,Yes,Yes,No,No,Yes,No,Two year,No,Mailed check,68.99,489.95,1,3,0
CUST-11959,Male,0,Yes,No,2,Yes,No,No,No internet service,No internet service,No internet service,No internet service,No internet service,No internet service,Month-to-month,Yes,Mailed check,18.25,18.25,2,5,0
CUST-11960,Female,0,No,No,10,Yes,Yes,No,No internet service,No internet service,No internet service,No internet service,No internet service,No internet service,Month-to-month,Yes,Bank transfer (automatic),18.25,177.81,1,2,1
CUST-11961,Male,0,Yes,No,37,Yes,No,Fiber optic,Yes,Yes,No,Yes,No,Yes,Month-to-month,No,Credit card (automatic),105.99,3926.64,1,1,1
CUST-11962,Female,1,No,Yes,31,Yes,No,Fiber optic,No,No,No,Yes,Yes,No,Month-to-month,Yes,Electronic check,88.81,2725.77,2,3,1
CUST-11963,Female,0,No,Yes,23,Yes,Yes,Fiber optic,Yes,Yes,No,Yes,No,No,Month-to-month,No,Electronic check,99.56,2260.55,5,3,1
CUST-11964,Male,0,No,No,47,Yes,Yes,DSL,No,No,No,Yes,Yes,Yes,One year,Yes,Electronic check,66.99,3135.26,0,3,0
CUST-11965,Male,0,No,No,8,Yes,Yes,DSL,No,Yes,Yes,No,No,Yes,Two year,No,Credit card (automatic),69.7,540.75,2,3,0
CUST-11966,Male,0,No,No,54,Yes,Yes,Fiber optic,No,No,No,Yes,Yes,Yes,Month-to-month,Yes,Mailed check,98.5,5331.8,2,2,0
CUST-11967,Female,0,No,No,12,Yes,Yes,Fiber optic,No,No,No,Yes,No,No,Two year,Yes,Mailed check,78.25,928.73,1,2,0
CUST-11968,Male,1,No,No,12,Yes,No,Fiber optic,No,No,No,No,No,No,Month-to-month,Yes,Mailed check,75.03,879.94,1,3,0
CUST-11969,Male,1,Yes,Yes,12,Yes,Yes,No,No internet service,No internet service,No internet service,No internet service,No internet service,No internet service,Two year,No,Credit card (automatic),20.0,282.48,2,4,0
CUST-11970,Male,1,Yes,No,2,Yes,No,No,No internet service,No internet service,No internet service,No internet service,No internet service,No internet service,Month-to-month,Yes,Mailed check,19.02,49.73,1,4,0
CUST-11971,Male,1,No,No,72,Yes,No,Fiber optic,Yes,No,No,No,No,No,Month-to-month,Yes,Bank transfer (automatic),84.16,6067.9,2,4,0
CUST-11972,Male,0,No,Yes,3,Yes,No,Fiber optic,No,Yes,No,No,No,No,One year,Yes,Electronic check,79.86,220.18,1,3,0
CUST-11973,Female,0,Yes,No,10,Yes,Yes,Fiber optic,No,No,Yes,No,Yes,Yes,Two year,No,Bank transfer (automatic),102.12,999.71,1,4,0
CUST-11974,Female,0,No,No,9,No,No phone service,No,No internet service,No internet service,No internet service,No internet service,No internet service,No internet service,Month-to-month,Yes,Electronic check,18.25,157.87,3,2,1
CUST-11975,Male,0,No,No,1,Yes,Yes,No,No internet service,No internet service,No internet service,No internet service,No internet service,No internet service,Month-to-month,Yes,Credit card (automatic),18.25,44.5,2,4,0
CUST-11976,Male,0,No,No,4,Yes,No,Fiber optic,No,No,No,No,Yes,No,Two year,Yes,Bank transfer (automatic),84.26,314.17,0,3,0
CUST-11977,Male,0,No,No,1,Yes,Yes,Fiber optic,Yes,Yes,No,No,Yes,No,One year,No,Electronic check,103.95,65.36,0,2,1
CUST-11978,Male,0,Yes,Yes,8,Yes,No,Fiber optic,No,Yes,No,No,Yes,No,Two year,No,Electronic check,88.13,672.08,1,4,0
CUST-11979,Female,0,Yes,Yes,50,Yes,Yes,DSL,No,Yes,No,Yes,Yes,Yes,Month-to-month,Yes,Electronic check,76.37,3781.2,1,3,0
CUST-11980,Male,0,Yes,Yes,10,No,No phone service,DSL,No,Yes,No,Yes,No,No,Two year,No,Electronic check,63.25,618.13,1,3,0
CUST-11981,Female,0,Yes,No,3,Yes,No,DSL,Yes,No,No,No,Yes,Yes,Month-to-month,No,Bank transfer (automatic),66.83,224.62,1,4,0
CUST-11982,Female,0,No,Yes,25,Yes,No,No,No internet service,No internet service,No internet service,No internet service,No internet service,No internet service,Two year,No,Credit card (automatic),18.43,421.74,0,3,0
CUST-11983,Male,0,No,No,72,Yes,No,Fiber optic,No,Yes,No,No,No,Yes,Month-to-month,No,Bank transfer (automatic),93.86,6756.07,3,5,0
CUST-11984,Female,0,No,Yes,6,Yes,Yes,No,No internet service,No internet service,No internet service,No internet service,No internet service,No internet service,Two year,No,Electronic check,21.02,112.5,1,3,0
CUST-11985,Female,0,No,No,8,No,No phone service,Fiber optic,No,No,Yes,Yes,Yes,Yes,One year,No,Bank transfer (automatic),106.66,849.49,1,5,0
CUST-11986,Female,0,Yes,Yes,72,Yes,Yes,Fiber optic,Yes,No,No,No,Yes,Yes,One year,Yes,Credit card (automatic),93.72,6735.32,4,2,0
CUST-11987,Female,0,Yes,No,4,Yes,No,DSL,No,No,No,Yes,No,Yes,Month-to-month,No,Credit card (automatic),61.33,201.28,2,2,1
CUST-11988,Male,0,Yes,Yes,17,Yes,Yes,No,No internet service,No internet service,No internet service,No internet service,No internet service,No internet service,One year,Yes,Electronic check,22.87,378.79,0,3,0
CUST-11989,Male,0,Yes,No,6,No,No phone service,DSL,Yes,No,No,Yes,No,No,One year,No,Mailed check,61.46,387.48,3,3,0
CUST-11990,Female,0,No,No,67,Yes,Yes,DSL,No,Yes,Yes,No,No,Yes,One year,Yes,Mailed check,69.08,4631.92,1,3,0
CUST-11991,Male,0,Yes,No,72,Yes,No,DSL,No,Yes,Yes,No,Yes,No,One year,Yes,Mailed check,72.36,5204.28,1,5,0
CUST-11992,Male,0,Yes,Yes,42,Yes,No,Fiber optic,Yes,Yes,No,No,No,No,Month-to-month,No,Mailed check,91.69,3865.45,3,1,1
CUST-11993,Male,0,Yes,Yes,9,Yes,Yes,DSL,Yes,No,Yes,No,No,Yes,Month-to-month,Yes,Mailed check,71.07,635.3,1,3,1
CUST-11994,Male,0,No,No,12,Yes,No,No,No internet service,No internet service,No internet service,No internet service,No internet service,No internet service,Two year,No,Mailed check,22.39,253.85,0,2,0
CUST-11995,Male,0,Yes,No,6,Yes,No,DSL,No,No,No,Yes,No,No,Two year,No,Electronic check,50.82,288.46,1,3,0
CUST-11996,Female,0,No,No,55,Yes,Yes,DSL,No,No,Yes,Yes,No,Yes,Month-to-month,Yes,Mailed check,68.27,3749.68,0,5,0
CUST-11997,Male,0,Yes,No,61,No,No phone service,DSL,No,Yes,No,Yes,Yes,No,One year,Yes,Credit card (automatic),69.24,4251.85,0,4,0
CUST-11998,Male,0,No,No,13,Yes,No,No,No internet service,No internet service,No internet service,No internet service,No internet service,No internet service,Month-to-month,No,Electronic check,18.25,216.09,1,2,0
CUST-11999,Male,0,Yes,No,26,Yes,No,Fiber optic,No,No,Yes,No,No,No,Two year,No,Bank transfer (automatic),83.07,2139.06,3,4,0
CUST-12000,Male,0,No,No,4,Yes,No,No,No internet service,No internet service,No internet service,No internet service,No internet service,No internet service,Month-to-month,Yes,Electronic check,23.63,112.8,0,3,0
CUST-12001,Female,0,No,No,14,Yes,Yes,No,No internet service,No internet service,No internet service,No internet service,No internet service,No internet service,Two year,No,Mailed check,18.25,259.08,0,3,0
CUST-12002,Female,0,No,Yes,24,Yes,No,Fiber optic,No,Yes,No,No,Yes,Yes,One year,No,Credit card (automatic),94.21,2290.65,0,2,0
CUST-12003,Female,0,No,No,12,Yes,Yes,DSL,Yes,No,Yes,No,No,No,Month-to-month,Yes,Bank transfer (automatic),61.03,761.64,1,3,1
CUST-12004,Female,0,Yes,Yes,11,No,No phone service,Fiber optic,Yes,Yes,No,Yes,Yes,Yes,Two year,No,Bank transfer (automatic),109.06,1216.38,0,3,0
CUST-12005,Male,0,Yes,No,1,Yes,Yes,Fiber optic,No,No,No,No,Yes,No,One year,No,Bank transfer (automatic),85.9,101.76,2,3,0
CUST-12006,Female,0,Yes,No,40,Yes,No,DSL,No,No,No,No,No,Yes,One year,Yes,Electronic check,50.95,2039.63,1,4,0
CUST-12007,Male,0,No,No,55,Yes,Yes,No,No internet service,No internet service,No internet service,No internet service,No internet service,No internet service,Month-to-month,No,Bank transfer (automatic),22.03,1175.31,3,5,0
CUST-12008,Male,0,Yes,No,72,Yes,Yes,Fiber optic,No,No,Yes,Yes,Yes,Yes,Month-to-month,Yes,Mailed check,102.26,7345.25,3,3,0
CUST-12009,Male,1,Yes,No,31,Yes,Yes,No,No internet service,No internet service,No internet service,No internet service,No internet service,No internet service,Two year,No,Credit card (automatic),26.06,792.45,2,3,0
CUST-12010,Male,0,No,No,19,Yes,Yes,DSL,No,Yes,No,No,Yes,Yes,One year,Yes,Bank transfer (automatic),74.12,1429.59,1,4,0
CUST-12011,Male,0,No,No,7,Yes,No,No,No internet service,No internet service,No internet service,No internet service,No internet service,No internet service,Month-to-month,Yes,Bank transfer (automatic),23.38,198.87,3,1,1
CUST-12012,Female,0,Yes,Yes,72,Yes,Yes,No,No internet service,No internet service,No internet service,No internet service,No internet service,No internet service,Month-to-month,Yes,Credit card (automatic),18.25,1314.15,0,4,0
CUST-12013,Female,0,No,Yes,22,Yes,No,No,No internet service,No internet service,No internet service,No internet service,No internet service,No internet service,One year,Yes,Credit card (automatic),19.79,440.17,3,3,0
CUST-12014,Female,0,No,No,28,Yes,Yes,DSL,Yes,Yes,Yes,No,No,No,Month-to-month,No,Mailed check,61.57,1711.87,2,3,0
CUST-12015,Female,0,Yes,Yes,28,Yes,No,No,No internet service,No internet service,No internet service,No internet service,No internet service,No internet service,Month-to-month,Yes,Mailed check,23.92,664.59,4,2,0
CUST-12016,Male,0,Yes,No,46,Yes,No,Fiber optic,No,No,No,No,Yes,No,Month-to-month,Yes,Credit card (automatic),82.85,3802.44,2,1,1
CUST-12017,Female,1,No,No,1,No,No phone service,Fiber optic,No,Yes,Yes,Yes,Yes,Yes,One year,No,Electronic check,112.23,147.06,0,4,0
CUST-12018,Male,0,No,No,6,Yes,Yes,Fiber optic,No,No,No,No,Yes,Yes,Month-to-month,Yes,Electronic check,87.29,555.14,1,4,1
CUST-12019,Female,0,Yes,No,27,No,No phone service,DSL,Yes,No,Yes,No,Yes,Yes,Month-to-month,No,Electronic check,77.96,2078.2,0,3,1
CUST-12020,Male,1,Yes,No,56,Yes,No,Fiber optic,Yes,No,Yes,Yes,Yes,No,Month-to-month,Yes,Electronic check,106.62,5973.13,0,2,0
CUST-12021,Male,0,No,No,28,Yes,No,Fiber optic,No,No,No,Yes,No,Yes,One year,Yes,Bank transfer (automatic),90.14,2518.49,0,2,0
CUST-12022,Female,1,No,No,13,Yes,No,No,No internet service,No internet service,No internet service,No internet service,No internet service,No internet service,One year,No,Credit card (automatic),21.29,202.5,4,1,0
CUST-12023,Male,0,No,Yes,11,No,No phone service,DSL,No,No,No,No,Yes,No,Two year,No,Electronic check,58.29,667.43,0,4,0
CUST-12024,Male,0,Yes,No,33,No,No phone service,No,No internet service,No internet service,No internet service,No internet service,No internet service,No internet service,One year,Yes,Credit card (automatic),18.25,651.72,4,3,0
CUST-12025,Female,0,Yes,No,33,Yes,Yes,Fiber optic,No,No,No,No,Yes,No,One year,No,Mailed check,78.73,2618.04,2,5,0
CUST-12026,Male,0,No,No,23,Yes,No,Fiber optic,Yes,No,Yes,Yes,No,No,One year,Yes,Bank transfer (automatic),95.16,2181.25,1,4,0
CUST-12027,Female,1,Yes,No,8,Yes,Yes,Fiber optic,No,No,Yes,No,Yes,No,Month-to-month,No,Bank transfer (automatic),93.61,774.59,0,4,1
CUST-12028,Female,0,No,No,64,Yes,Yes,Fiber optic,No,Yes,No,No,No,No,Month-to-month,No,Bank transfer (automatic),83.34,5343.23,1,3,0
CUST-12029,Female,0,No,No,20,No,No phone service,Fiber optic,No,Yes,No,No,Yes,Yes,Month-to-month,Yes,Electronic check,95.19,1943.56,1,2,1
CUST-12030,Male,0,Yes,No,39,Yes,No,Fiber optic,Yes,Yes,Yes,Yes,No,No,Month-to-month,No,Electronic check,106.58,4163.67,1,2,1
CUST-12031,Male,0,No,No,6,Yes,Yes,Fiber optic,No,No,Yes,No,No,No,One year,No,Credit card (automatic),81.01,486.05,1,5,0
CUST-12032,Male,0,Yes,Yes,10,Yes,No,DSL,Yes,No,Yes,Yes,Yes,No,Two year,Yes,Electronic check,75.52,754.21,0,2,0
CUST-12033,Female,0,No,No,51,Yes,No,Fiber optic,No,Yes,No,No,Yes,No,Month-to-month,Yes,Electronic check,91.42,4656.82,1,1,1
CUST-12034,Male,0,Yes,No,1,Yes,No,Fiber optic,Yes,No,Yes,No,Yes,Yes,One year,No,Mailed check,103.17,114.28,4,3,0
CUST-12035,Female,0,Yes,Yes,17,Yes,Yes,DSL,Yes,No,No,Yes,Yes,No,Month-to-month,No,Credit card (automatic),62.05,1084.8,0,3,0
CUST-12036,Female,0,No,No,16,Yes,No,DSL,No,No,No,No,Yes,No,One year,Yes,Bank transfer (automatic),53.22,829.8,1,2,0
CUST-12037,Male,0,No,Yes,34,Yes,No,No,No internet service,No internet service,No internet service,No internet service,No internet service,No internet service,Month-to-month,Yes,Bank transfer (automatic),19.42,677.06,2,2,0
CUST-12038,Female,0,Yes,No,8,Yes,Yes,DSL,No,Yes,No,No,No,No,Month-to-month,No,Bank transfer (automatic),50.64,466.28,2,2,0
CUST-12039,Male,0,No,No,6,Yes,Yes,No,No internet service,No internet service,No internet service,No internet service,No internet service,No internet service,Month-to-month,Yes,Credit card (automatic),20.74,104.76,3,4,0
CUST-12040,Male,0,Yes,No,65,Yes,No,No,No internet service,No internet service,No internet service,No internet service,No internet service,No internet service,Two year,Yes,Electronic check,21.87,1440.2,3,3,0
CUST-12041,Male,0,Yes,No,21,Yes,No,DSL,Yes,Yes,Yes,No,No,Yes,Month-to-month,Yes,Electronic check,68.46,1435.63,3,4,1
CUST-12042,Male,0,Yes,Yes,2,Yes,No,DSL,Yes,Yes,Yes,No,Yes,No,One year,Yes,Electronic check,75.32,122.09,0,1,0
CUST-12043,Male,0,Yes,Yes,5,Yes,No,Fiber optic,No,Yes,No,No,Yes,No,Two year,Yes,Electronic check,89.65,413.77,0,2,0
CUST-12044,Female,0,Yes,No,72,Yes,Yes,DSL,Yes,Yes,Yes,No,No,Yes,One year,Yes,Electronic check,73.88,5333.7,0,2,0
CUST-12045,Female,0,Yes,No,5,Yes,Yes,DSL,No,Yes,No,No,No,No,Month-to-month,Yes,Bank transfer (automatic),54.46,246.89,4,3,1
CUST-12046,Female,0,Yes,No,23,Yes,Yes,No,No internet service,No internet service,No internet service,No internet service,No internet service,No internet service,Month-to-month,No,Credit card (automatic),18.25,436.81,2,3,0
CUST-12047,Male,0,Yes,No,13,Yes,No,DSL,No,No,No,Yes,Yes,Yes,One year,Yes,Bank transfer (automatic),58.68,764.84,1,2,0
CUST-12048,Male,0,Yes,No,54,No,No phone service,No,No internet service,No internet service,No internet service,No internet service,No internet service,No internet service,Month-to-month,Yes,Electronic check,18.25,1023.59,1,4,0
CUST-12049,Male,0,No,No,35,Yes,Yes,No,No internet service,No internet service,No internet service,No internet service,No internet service,No internet service,One year,No,Bank transfer (automatic),22.13,756.35,1,5,0
CUST-12050,Female,1,Yes,No,22,Yes,Yes,No,No internet service,No internet service,No internet service,No internet service,No internet service,No internet service,One year,Yes,Mailed check,18.56,388.04,1,4,0
CUST-12051,Male,0,No,Yes,1,Yes,Yes,Fiber optic,Yes,Yes,Yes,Yes,No,No,One year,Yes,Credit card (automatic),104.26,127.63,0,4,0
CUST-12052,Female,0,No,No,52,Yes,No,Fiber optic,Yes,Yes,Yes,No,Yes,No,Two year,No,Credit card (automatic),110.11,5720.05,2,3,0
CUST-12053,Female,1,No,No,14,Yes,No,No,No internet service,No internet service,No internet service,No internet service,No internet service,No internet service,Two year,Yes,Bank transfer (automatic),21.3,316.33,1,2,0
CUST-12054,Male,0,No,Yes,67,Yes,Yes,No,No internet service,No internet service,No internet service,No internet service,No internet service,No internet service,One year,Yes,Mailed check,23.06,1571.11,1,5,0
CUST-12055,Male,0,No,No,17,Yes,No,Fiber optic,No,No,Yes,No,No,Yes,Month-to-month,Yes,Mailed check,89.8,1557.53,1,3,1
CUST-12056,Female,0,Yes,No,29,Yes,Yes,DSL,No,Yes,No,No,No,No,One year,Yes,Credit card (automatic),46.03,1309.5,1,4,0
CUST-12057,Male,0,No,No,1,Yes,Yes,DSL,No,No,No,No,No,No,Two year,No,Electronic check,44.33,38.03,1,3,0
CUST-12058,Female,1,No,No,34,Yes,Yes,Fiber optic,No,Yes,Yes,Yes,Yes,Yes,Month-to-month,Yes,Electronic check,110.01,3705.6,1,3,1
CUST-12059,Male,1,No,Yes,10,Yes,Yes,DSL,Yes,Yes,No,Yes,No,Yes,One year,Yes,Mailed check,72.58,751.62,1,1,0
CUST-12060,Male,0,No,No,10,Yes,Yes,No,No internet service,No internet service,No internet service,No internet service,No internet service,No internet service,Month-to-month,Yes,Bank transfer (automatic),21.17,208.92,1,2,0
CUST-12061,Female,0,Yes,Yes,3,Yes,No,DSL,No,No,Yes,No,No,Yes,Month-to-month,No,Electronic check,53.36,112.53,2,3,1
CUST-12062,Male,1,No,No,3,Yes,No,No,No internet service,No internet service,No internet service,No internet service,No internet service,No internet service,Two year,No,Mailed check,18.25,78.11,3,3,0
CUST-12063,Female,0,No,No,5,Yes,No,Fiber optic,Yes,No,No,Yes,No,No,Month-to-month,Yes,Electronic check,88.68,461.44,2,3,1
CUST-12064,Male,0,Yes,No,9,Yes,No,DSL,No,No,No,Yes,No,No,Month-to-month,Yes,Mailed check,54.44,470.08,2,5,0
CUST-12065,Female,1,Yes,Yes,55,Yes,No,No,No internet service,No internet service,No internet service,No internet service,No internet service,No internet service,Month-to-month,No,Mailed check,26.24,1439.39,1,3,0
CUST-12066,Female,0,No,No,11,Yes,Yes,DSL,Yes,Yes,Yes,Yes,Yes,No,Month-to-month,Yes,Bank transfer (automatic),76.19,850.69,1,4,0
CUST-12067,Male,0,No,No,32,No,No phone service,Fiber optic,No,Yes,No,No,Yes,Yes,Month-to-month,No,Bank transfer (automatic),97.8,3151.3,0,1,1
CUST-12068,Female,0,No,No,2,No,No phone service,DSL,Yes,No,Yes,Yes,Yes,No,Month-to-month,No,Credit card (automatic),73.97,135.59,1,3,1
CUST-12069,Male,1,No,No,22,Yes,No,No,No internet service,No internet service,No internet service,No internet service,No internet service,No internet service,One year,No,Electronic check,20.74,476.44,0,3,0
CUST-12070,Male,0,Yes,Yes,16,Yes,No,Fiber optic,No,No,No,Yes,No,Yes,Two year,Yes,Mailed check,97.84,1560.71,1,2,0
CUST-12071,Male,0,Yes,No,72,Yes,No,Fiber optic,Yes,No,No,Yes,Yes,Yes,Month-to-month,Yes,Mailed check,100.79,7265.04,3,2,0
CUST-12072,Female,0,Yes,No,46,Yes,Yes,Fiber optic,No,Yes,No,No,Yes,No,One year,Yes,Electronic check,88.2,4063.49,1,3,0
CUST-12073,Female,0,Yes,No,15,Yes,Yes,DSL,Yes,No,No,No,Yes,No,Month-to-month,Yes,Electronic check,63.83,921.08,3,3,1
CUST-12074,Male,0,Yes,No,37,Yes,No,DSL,Yes,No,Yes,No,No,No,Month-to-month,No,Electronic check,61.33,2254.95,3,5,0
CUST-12075,Male,0,Yes,No,5,Yes,No,No,No internet service,No internet service,No internet service,No internet service,No internet service,No internet service,Two year,No,Bank transfer (automatic),22.39,87.63,0,2,0
CUST-12076,Female,0,No,No,20,Yes,Yes,Fiber optic,Yes,No,Yes,Yes,Yes,No,Month-to-month,No,Electronic check,103.71,2057.97,0,2,1
CUST-12077,Male,0,No,No,1,Yes,No,DSL,Yes,No,No,No,No,No,Month-to-month,Yes,Electronic check,55.41,61.66,1,2,1
CUST-12078,Male,1,Yes,Yes,10,Yes,Yes,No,No internet service,No internet service,No internet service,No internet service,No internet service,No internet service,Month-to-month,No,Bank transfer (automatic),22.69,211.33,0,4,0
CUST-12079,Female,0,Yes,Yes,6,Yes,No,Fiber optic,No,No,Yes,No,No,No,Two year,Yes,Bank transfer (automatic),83.56,507.93,0,2,0
CUST-12080,Male,1,Yes,No,31,Yes,Yes,DSL,No,Yes,Yes,Yes,No,No,Month-to-month,Yes,Electronic check,73.43,2254.17,1,4,0
CUST-12081,Female,0,No,Yes,16,Yes,Yes,DSL,No,Yes,No,Yes,Yes,Yes,Month-to-month,Yes,Credit card (automatic),75.82,1206.55,1,5,1
CUST-12082,Male,0,Yes,No,34,Yes,Yes,Fiber optic,No,No,Yes,No,No,Yes,One year,Yes,Electronic check,91.28,3133.16,4,1,0
CUST-12083,Female,0,Yes,No,18,Yes,Yes,Fiber optic,No,No,No,No,No,No,Month-to-month,Yes,Electronic check,73.68,1309.91,0,2,1
CUST-12084,Male,0,No,No,2,Yes,Yes,DSL,Yes,No,No,No,Yes,Yes,Month-to-month,Yes,Electronic check,68.82,153.15,1,3,0
CUST-12085,Male,1,No,No,33,Yes,No,Fiber optic,Yes,No,No,Yes,Yes,No,Month-to-month,No,Electronic check,98.37,3216.9,1,4,0
CUST-12086,Female,0,Yes,No,44,Yes,No,Fiber optic,No,No,Yes,No,No,Yes,One year,Yes,Electronic check,92.01,4065.11,3,1,0
CUST-12087,Male,0,Yes,Yes,58,Yes,Yes,No,No internet service,No internet service,No internet service,No internet service,No internet service,No internet service,One year,Yes,Bank transfer (automatic),21.12,1207.31,1,2,0
CUST-12088,Female,0,Yes,No,21,Yes,No,DSL,Yes,Yes,Yes,No,Yes,No,One year,No,Credit card (automatic),76.16,1585.1,3,4,0
CUST-12089,Male,0,No,Yes,35,Yes,Yes,No,No internet service,No internet service,No internet service,No internet service,No internet service,No internet service,Month-to-month,Yes,Mailed check,18.75,677.08,1,4,0
CUST-12090,Female,0,No,No,34,Yes,Yes,Fiber optic,No,Yes,No,Yes,Yes,No,Month-to-month,Yes,Electronic check,99.54,3336.48,2,3,1
CUST-12091,Female,0,Yes,No,4,Yes,Yes,No,No internet service,No internet service,No internet service,No internet service,No internet service,No internet service,One year,No,Credit card (automatic),20.55,78.53,1,5,0
CUST-12092,Female,0,No,No,4,No,No phone service,No,No internet service,No internet service,No internet service,No internet service,No internet service,No internet service,Month-to-month,No,Electronic check,19.03,94.91,2,3,0
CUST-12093,Female,0,Yes,No,1,Yes,Yes,No,No internet service,No internet service,No internet service,No internet service,No internet service,No internet service,Month-to-month,Yes,Mailed check,18.25,18.25,3,3,0
CUST-12094,Male,0,Yes,No,9,Yes,No,Fiber optic,Yes,Yes,No,No,No,No,One year,Yes,Electronic check,92.51,829.45,1,3,1
CUST-12095,Male,0,Yes,No,16,Yes,Yes,DSL,Yes,No,No,Yes,No,Yes,Two year,Yes,Mailed check,70.0,1095.48,2,4,0
CUST-12096,Female,0,No,No,72,Yes,No,DSL,Yes,No,No,No,No,No,One year,Yes,Mailed check,52.15,3740.91,0,3,0
CUST-12097,Female,0,Yes,No,14,Yes,No,No,No internet service,No internet service,No internet service,No internet service,No internet service,No internet service,Two year,No,Mailed check,18.25,257.54,1,3,0
CUST-12098,Female,0,Yes,No,32,Yes,No,No,No internet service,No internet service,No internet service,No internet service,No internet service,No internet service,Two year,Yes,Mailed check,24.48,793.06,4,3,0
CUST-12099,Male,0,Yes,No,29,Yes,No,Fiber optic,Yes,Yes,No,No,Yes,No,Two year,Yes,Credit card (automatic),101.47,2952.07,3,1,0
CUST-12100,Male,0,Yes,Yes,5,Yes,No,No,No internet service,No internet service,No internet service,No internet service,No internet service,No internet service,One year,Yes,Electronic check,27.17,159.73,2,4,0
CUST-12101,Male,0,No,Yes,1,Yes,No,No,No internet service,No internet service,No internet service,No internet service,No internet service,No internet service,Month-to-month,Yes,Bank transfer (automatic),18.25,18.25,2,4,0
CUST-12102,Male,1,Yes,Yes,19,Yes,No,DSL,No,No,No,No,Yes,Yes,Month-to-month,Yes,Electronic check,59.17,1111.95,1,4,0
CUST-12103,Female,0,Yes,Yes,30,Yes,Yes,Fiber optic,Yes,No,No,No,No,Yes,Two year,Yes,Mailed check,87.79,2641.8,2,4,0
CUST-12104,Female,0,No,No,72,Yes,No,No,No internet service,No internet service,No internet service,No internet service,No internet service,No internet service,Month-to-month,Yes,Electronic check,18.25,1335.89,1,3,0
CUST-12105,Female,1,No,No,11,Yes,No,DSL,No,No,Yes,No,No,Yes,Month-to-month,No,Credit card (automatic),60.17,647.76,2,3,0
CUST-12106,Male,1,No,No,56,Yes,No,No,No internet service,No internet service,No internet service,No internet service,No internet service,No internet service,One year,Yes,Bank transfer (automatic),20.75,1167.48,2,3,0
CUST-12107,Male,0,No,No,12,Yes,Yes,No,No internet service,No internet service,No internet service,No internet service,No internet service,No internet service,Two year,Yes,Mailed check,19.78,246.23,2,1,0
CUST-12108,Male,1,Yes,No,29,Yes,Yes,Fiber optic,No,No,Yes,No,No,Yes,Month-to-month,Yes,Credit card (automatic),85.15,2469.96,1,3,0
CUST-12109,Female,0,No,No,22,No,No phone service,DSL,Yes,No,Yes,No,Yes,No,One year,No,Bank transfer (automatic),69.34,1532.63,0,1,0
CUST-12110,Female,0,No,No,1,Yes,Yes,DSL,No,Yes,Yes,Yes,Yes,No,One year,No,Credit card (automatic),71.43,85.3,2,3,0
CUST-12111,Male,0,Yes,No,2,Yes,No,No,No internet service,No internet service,No internet service,No internet service,No internet service,No internet service,Month-to-month,Yes,Bank transfer (automatic),23.14,51.14,0,1,0
CUST-12112,Female,0,No,No,1,Yes,Yes,Fiber optic,No,No,No,Yes,No,No,Month-to-month,No,Electronic check,85.48,85.11,0,1,1
CUST-12113,Male,0,Yes,No,11,Yes,No,Fiber optic,Yes,No,Yes,Yes,Yes,Yes,Two year,No,Bank transfer (automatic),113.68,1247.97,0,4,0
CUST-12114,Male,0,No,No,34,Yes,Yes,No,No internet service,No internet service,No internet service,No internet service,No internet service,No internet service,Two year,Yes,Credit card (automatic),18.78,658.99,1,4,0
CUST-12115,Female,0,No,No,4,Yes,Yes,Fiber optic,No,No,Yes,No,Yes,Yes,Two year,Yes,Electronic check,97.93,398.98,1,3,0
CUST-12116,Male,0,No,Yes,23,Yes,Yes,DSL,No,Yes,No,No,Yes,No,Month-to-month,No,Credit card (automatic),58.16,1360.26,2,1,0
CUST-12117,Female,1,No,No,8,Yes,No,Fiber optic,No,Yes,No,Yes,No,No,Month-to-month,Yes,Electronic check,91.89,737.44,0,5,1
CUST-12118,Male,0,No,No,39,Yes,Yes,DSL,No,Yes,No,Yes,Yes,Yes,Two year,Yes,Mailed check,79.24,3103.31,1,2,0
CUST-12119,Female,1,Yes,No,40,Yes,No,DSL,No,No,Yes,No,No,Yes,Two year,Yes,Electronic check,63.89,2566.63,1,3,0
CUST-12120,Female,1,Yes,No,37,Yes,No,Fiber optic,No,No,Yes,No,No,Yes,Two year,Yes,Mailed check,90.08,3321.33,1,2,0
CUST-12121,Female,0,Yes,No,18,Yes,No,No,No internet service,No internet service,No internet service,No internet service,No internet service,No internet service,Month-to-month,No,Bank transfer (automatic),24.23,387.51,1,1,0
CUST-12122,Male,0,Yes,No,8,Yes,No,Fiber optic,Yes,No,Yes,No,Yes,No,One year,Yes,Electronic check,98.52,755.32,1,3,0
CUST-12123,Male,0,No,No,41,No,No phone service,Fiber optic,No,No,Yes,No,Yes,No,One year,Yes,Electronic check,83.02,3420.59,0,2,0
CUST-12124,Female,1,Yes,No,5,Yes,No,Fiber optic,Yes,No,Yes,No,No,No,One year,Yes,Bank transfer (automatic),93.9,480.64,1,3,0
CUST-12125,Female,0,Yes,No,8,Yes,Yes,DSL,Yes,Yes,No,No,Yes,Yes,One year,Yes,Credit card (automatic),75.56,604.55,1,3,0
CUST-12126,Male,0,No,No,5,Yes,No,Fiber optic,No,Yes,No,No,No,Yes,One year,Yes,Electronic check,91.4,461.94,1,3,0
CUST-12127,Male,0,No,Yes,28,Yes,Yes,Fiber optic,No,Yes,Yes,Yes,Yes,Yes,One year,No,Electronic check,111.31,3103.38,3,3,0
CUST-12128,Male,0,Yes,No,28,No,No phone service,No,No internet service,No internet service,No internet service,No internet service,No internet service,No internet service,Month-to-month,Yes,Electronic check,24.02,658.04,1,2,0
CUST-12129,Female,0,Yes,Yes,26,Yes,No,Fiber optic,No,Yes,No,No,No,Yes,Month-to-month,No,Electronic check,87.79,2276.85,1,4,1
CUST-12130,Male,0,Yes,No,13,Yes,Yes,Fiber optic,Yes,Yes,Yes,No,Yes,Yes,Two year,Yes,Bank transfer (automatic),116.25,1527.32,0,3,0
CUST-12131,Male,0,No,No,2,No,No phone service,DSL,No,Yes,Yes,Yes,No,No,Month-to-month,Yes,Credit card (automatic),64.55,149.89,2,4,0
CUST-12132,Female,0,Yes,Yes,60,Yes,Yes,Fiber optic,No,No,No,Yes,Yes,No,Two year,Yes,Mailed check,90.8,5454.55,1,2,0
CUST-12133,Male,1,No,No,17,Yes,Yes,Fiber optic,No,No,No,Yes,No,Yes,Two year,Yes,Electronic check,94.14,1602.36,2,5,0
CUST-12134,Male,0,Yes,No,13,Yes,No,Fiber optic,No,Yes,No,No,Yes,No,Two year,No,Bank transfer (automatic),94.46,1226.9,0,3,0
CUST-12135,Male,1,Yes,Yes,22,Yes,No,Fiber optic,No,Yes,No,No,Yes,No,Month-to-month,Yes,Electronic check,92.57,2028.69,2,1,1
CUST-12136,Female,0,No,Yes,5,Yes,No,Fiber optic,No,Yes,No,Yes,No,No,Month-to-month,Yes,Electronic check,93.35,427.19,3,5,1
CUST-12137,Female,0,Yes,No,3,Yes,Yes,Fiber optic,Yes,No,No,No,No,No,Month-to-month,No,Bank transfer (automatic),85.28,273.26,2,3,1
CUST-12138,Female,0,Yes,No,13,Yes,No,DSL,No,No,No,No,No,Yes,One year,No,Electronic check,51.25,680.14,2,4,0
CUST-12139,Female,0,Yes,No,6,Yes,Yes,DSL,Yes,Yes,No,No,Yes,No,Month-to-month,No,Mailed check,69.06,420.26,0,3,1
CUST-12140,Female,1,No,No,7,Yes,Yes,Fiber optic,No,No,Yes,Yes,Yes,No,Month-to-month,Yes,Electronic check,98.36,700.94,3,3,1
CUST-12141,Female,0,No,No,55,Yes,No,No,No internet service,No internet service,No internet service,No internet service,No internet service,No internet service,Month-to-month,No,Credit card (automatic),23.28,1315.65,2,4,0
CUST-12142,Female,1,Yes,No,18,Yes,No,No,No internet service,No internet service,No internet service,No internet service,No internet service,No internet service,One year,No,Electronic check,23.49,412.59,1,4,0
CUST-12143,Male,0,Yes,No,16,Yes,Yes,No,No internet service,No internet service,No internet service,No internet service,No internet service,No internet service,Month-to-month,Yes,Mailed check,20.17,328.95,2,5,0
CUST-12144,Male,0,Yes,No,29,Yes,No,Fiber optic,No,No,Yes,No,Yes,Yes,Month-to-month,Yes,Electronic check,97.22,2794.56,1,5,0
CUST-12145,Female,0,No,No,72,Yes,No,DSL,No,Yes,No,Yes,Yes,No,Month-to-month,No,Electronic check,70.65,5121.59,0,3,0
CUST-12146,Male,0,No,No,2,Yes,No,Fiber optic,Yes,Yes,No,No,No,No,Two year,Yes,Mailed check,89.46,180.5,1,1,0
CUST-12147,Male,0,No,No,44,Yes,Yes,No,No internet service,No internet service,No internet service,No internet service,No internet service,No internet service,Month-to-month,No,Credit card (automatic),23.43,990.67,0,3,0
CUST-12148,Female,1,No,No,21,Yes,Yes,Fiber optic,No,Yes,No,No,Yes,Yes,Month-to-month,Yes,Mailed check,97.93,2049.08,2,2,1
CUST-12149,Male,0,Yes,No,3,Yes,Yes,Fiber optic,No,No,No,Yes,No,Yes,Month-to-month,No,Credit card (automatic),88.36,291.03,2,3,1
CUST-12150,Male,0,Yes,Yes,8,Yes,Yes,DSL,No,Yes,No,No,No,No,Month-to-month,Yes,Electronic check,51.36,425.41,2,2,1
CUST-12151,Male,0,Yes,No,16,Yes,Yes,DSL,Yes,Yes,No,No,No,Yes,Month-to-month,Yes,Electronic check,59.0,977.08,0,3,1
CUST-12152,Male,0,Yes,No,29,Yes,No,DSL,No,Yes,No,No,Yes,Yes,One year,Yes,Electronic check,67.32,1950.08,2,4,0
CUST-12153,Male,1,Yes,No,6,Yes,Yes,Fiber optic,No,Yes,No,No,Yes,No,Two year,No,Mailed check,91.92,568.1,1,5,0
CUST-12154,Female,0,No,No,19,Yes,No,Fiber optic,No,No,Yes,No,Yes,No,Month-to-month,Yes,Credit card (automatic),97.66,1863.02,2,4,1
CUST-12155,Female,0,No,No,28,Yes,Yes,No,No internet service,No internet service,No internet service,No internet service,No internet service,No internet service,Two year,Yes,Mailed check,18.25,517.99,1,1,0
CUST-12156,Female,0,No,No,14,No,No phone service,No,No internet service,No internet service,No internet service,No internet service,No internet service,No internet service,Two year,Yes,Bank transfer (automatic),18.98,246.19,1,2,0
CUST-12157,Male,0,Yes,No,49,Yes,No,DSL,Yes,Yes,Yes,No,No,Yes,Month-to-month,Yes,Credit card (automatic),73.0,3515.69,1,4,0
CUST-12158,Female,0,No,Yes,50,Yes,No,DSL,No,Yes,No,No,No,Yes,Month-to-month,Yes,Mailed check,57.7,2883.88,1,4,0
CUST-12159,Male,0,No,No,15,Yes,Yes,Fiber optic,No,No,No,Yes,No,No,Month-to-month,No,Mailed check,84.24,1221.69,1,1,1
CUST-12160,Male,0,No,No,72,Yes,No,Fiber optic,No,Yes,Yes,No,No,No,Two year,Yes,Electronic check,88.83,6407.76,1,3,0
CUST-12161,Male,0,Yes,No,1,No,No phone service,Fiber optic,No,No,Yes,Yes,No,Yes,Month-to-month,Yes,Mailed check,95.33,86.93,2,3,1
CUST-12162,Male,0,Yes,No,1,Yes,Yes,DSL,No,No,No,No,No,No,Month-to-month,No,Bank transfer (automatic),46.21,29.47,0,4,0
CUST-12163,Female,0,Yes,No,11,No,No phone service,DSL,No,Yes,No,No,Yes,Yes,One year,No,Credit card (automatic),69.15,743.38,1,4,0
CUST-12164,Female,0,Yes,Yes,22,Yes,Yes,DSL,No,Yes,Yes,Yes,No,Yes,One year,No,Bank transfer (automatic),72.9,1605.36,1,4,0
CUST-12165,Male,0,No,No,24,Yes,Yes,Fiber optic,No,Yes,No,No,No,No,Month-to-month,Yes,Electronic check,85.77,2077.63,0,4,0
CUST-12166,Female,0,Yes,Yes,16,Yes,Yes,Fiber optic,No,No,No,Yes,No,Yes,One year,Yes,Electronic check,95.0,1514.09,3,4,0
CUST-12167,Male,0,Yes,No,3,Yes,No,Fiber optic,No,No,No,No,No,Yes,One year,No,Bank transfer (automatic),84.63,238.75,2,2,0
CUST-12168,Female,0,No,No,4,Yes,No,DSL,No,Yes,Yes,Yes,Yes,No,One year,No,Credit card (automatic),76.62,291.62,0,4,0
CUST-12169,Female,0,No,No,47,Yes,Yes,Fiber optic,No,Yes,Yes,No,Yes,No,Month-to-month,Yes,Bank transfer (automatic),90.63,4292.01,0,3,0
CUST-12170,Male,0,Yes,No,50,Yes,No,DSL,No,No,Yes,No,No,Yes,Month-to-month,No,Electronic check,57.46,2872.07,3,5,0
CUST-12171,Female,1,No,No,28,Yes,No,DSL,No,Yes,No,Yes,No,No,Month-to-month,No,Electronic check,55.86,1509.35,0,4,0
CUST-12172,Male,0,Yes,Yes,27,Yes,Yes,Fiber optic,No,Yes,No,No,Yes,Yes,Two year,No,Credit card (automatic),100.29,2699.98,0,3,0
CUST-12173,Female,0,Yes,No,22,Yes,Yes,Fiber optic,No,No,Yes,No,No,Yes,Month-to-month,No,Electronic check,92.94,2016.0,2,5,1
CUST-12174,Male,0,Yes,Yes,5,Yes,Yes,DSL,Yes,No,Yes,No,No,Yes,Month-to-month,Yes,Electronic check,68.83,331.8,1,2,1
CUST-12175,Male,1,No,Yes,13,Yes,No,Fiber optic,Yes,Yes,Yes,No,Yes,No,Month-to-month,No,Bank transfer (automatic),104.25,1331.7,0,3,1
CUST-12176,Female,0,No,Yes,29,Yes,Yes,DSL,No,No,No,No,No,Yes,Two year,Yes,Electronic check,51.7,1537.44,3,1,0
CUST-12177,Female,1,Yes,No,19,Yes,Yes,DSL,No,No,No,No,Yes,Yes,One year,No,Electronic check,71.57,1366.2,1,3,0
CUST-12178,Male,0,No,No,1,Yes,No,Fiber optic,Yes,Yes,No,No,Yes,Yes,Month-to-month,Yes,Electronic check,107.4,128.74,1,3,1
CUST-12179,Female,0,Yes,No,72,Yes,No,DSL,No,Yes,No,Yes,Yes,Yes,Two year,No,Credit card (automatic),74.72,5417.68,1,3,0
CUST-12180,Female,0,No,No,46,Yes,Yes,No,No internet service,No internet service,No internet service,No internet service,No internet service,No internet service,Two year,Yes,Electronic check,21.47,993.46,0,2,0
CUST-12181,Male,0,Yes,Yes,7,No,No phone service,DSL,No,No,No,Yes,No,No,Month-to-month,No,Credit card (automatic),48.66,391.65,2,3,0
CUST-12182,Male,1,Yes,No,23,Yes,No,No,No internet service,No internet service,No internet service,No internet service,No internet service,No internet service,One year,Yes,Electronic check,21.72,468.93,3,3,0
CUST-12183,Female,0,No,Yes,64,Yes,No,Fiber optic,No,No,No,No,Yes,No,Two year,No,Credit card (automatic),81.75,5260.2,2,1,0
CUST-12184,Male,0,No,No,2,Yes,Yes,DSL,No,No,No,Yes,No,No,Month-to-month,Yes,Credit card (automatic),54.02,111.99,1,2,1
CUST-12185,Male,0,Yes,Yes,17,Yes,No,DSL,Yes,No,Yes,No,No,No,Month-to-month,No,Mailed check,57.16,989.14,1,5,0
CUST-12186,Male,0,Yes,No,15,Yes,Yes,No,No internet service,No internet service,No internet service,No internet service,No internet service,No internet service,Two year,Yes,Bank transfer (automatic),25.47,379.19,0,4,0
CUST-12187,Female,0,Yes,No,13,Yes,No,Fiber optic,No,Yes,No,No,No,No,One year,No,Electronic check,79.85,1051.14,1,1,0
CUST-12188,Female,0,Yes,No,45,Yes,Yes,Fiber optic,No,No,No,Yes,No,No,Month-to-month,No,Mailed check,81.47,3674.65,2,5,0
CUST-12189,Male,1,No,No,11,Yes,Yes,Fiber optic,No,Yes,No,No,Yes,No,Month-to-month,No,Mailed check,86.7,951.77,1,3,0
CUST-12190,Female,0,No,No,1,Yes,Yes,No,No internet service,No internet service,No internet service,No internet service,No internet service,No internet service,Two year,Yes,Credit card (automatic),18.25,21.13,2,4,0
CUST-12191,Male,0,Yes,Yes,1,Yes,Yes,Fiber optic,No,No,Yes,No,Yes,Yes,Month-to-month,Yes,Bank transfer (automatic),97.09,132.24,1,3,1
CUST-12192,Female,0,Yes,No,1,Yes,No,No,No internet service,No internet service,No internet service,No internet service,No internet service,No internet service,Two year,No,Electronic check,20.15,18.25,0,4,0
CUST-12193,Male,0,No,No,13,Yes,No,Fiber optic,Yes,Yes,No,Yes,Yes,No,Month-to-month,Yes,Electronic check,104.28,1386.47,2,4,1
CUST-12194,Male,0,Yes,Yes,31,Yes,Yes,Fiber optic,No,Yes,Yes,No,Yes,Yes,One year,No,Credit card (automatic),106.53,3287.47,4,1,0
CUST-12195,Female,1,No,No,5,Yes,Yes,Fiber optic,Yes,No,No,No,No,No,One year,Yes,Electronic check,89.56,461.13,1,5,0
CUST-12196,Male,0,Yes,Yes,25,Yes,No,DSL,No,No,No,No,Yes,Yes,Month-to-month,Yes,Mailed check,59.42,1484.41,1,4,0
CUST-12197,Female,0,No,No,29,Yes,Yes,No,No internet service,No internet service,No internet service,No internet service,No internet service,No internet service,Month-to-month,No,Mailed check,18.5,549.08,2,2,0
CUST-12198,Female,0,No,Yes,7,Yes,Yes,Fiber optic,No,Yes,Yes,No,Yes,Yes,Month-to-month,No,Electronic check,109.13,769.99,1,2,1
CUST-12199,Male,1,No,No,22,Yes,No,No,No internet service,No internet service,No internet service,No internet service,No internet service,No internet service,One year,Yes,Mailed check,18.25,411.92,3,4,0
CUST-12200,Male,0,No,No,28,Yes,No,Fiber optic,Yes,No,Yes,No,Yes,Yes,Month-to-month,Yes,Credit card (automatic),109.95,3091.34,0,4,1
CUST-12201,Female,0,Yes,Yes,15,No,No phone service,DSL,No,No,No,Yes,Yes,No,Month-to-month,No,Credit card (automatic),54.5,821.36,3,1,0
CUST-12202,Male,0,No,No,10,Yes,No,DSL,Yes,No,No,No,No,Yes,Month-to-month,Yes,Bank transfer (automatic),63.0,655.0,2,5,0
CUST-12203,Male,0,No,No,24,Yes,No,Fiber optic,Yes,No,No,Yes,Yes,Yes,Month-to-month,Yes,Bank transfer (automatic),102.16,2462.31,3,4,1
CUST-12204,Male,0,Yes,No,72,Yes,Yes,Fiber optic,No,Yes,No,No,No,No,Month-to-month,No,Mailed check,79.56,5763.39,2,5,0
CUST-12205,Male,0,Yes,No,13,Yes,No,Fiber optic,Yes,Yes,No,No,Yes,No,Month-to-month,Yes,Electronic check,98.68,1278.4,1,3,1
CUST-12206,Male,0,Yes,No,12,Yes,Yes,Fiber optic,No,Yes,No,No,Yes,Yes,Month-to-month,Yes,Bank transfer (automatic),100.24,1188.19,2,1,1
CUST-12207,Female,0,Yes,No,15,Yes,Yes,No,No internet service,No internet service,No internet service,No internet service,No internet service,No internet service,Month-to-month,Yes,Credit card (automatic),22.08,340.41,1,5,0
CUST-12208,Female,0,Yes,Yes,1,Yes,No,No,No internet service,No internet service,No internet service,No internet service,No internet service,No internet service,One year,No,Electronic check,18.25,18.25,4,4,0
CUST-12209,Male,0,No,Yes,20,Yes,No,DSL,Yes,No,No,No,No,Yes,Month-to-month,No,Credit card (automatic),62.59,1273.61,4,1,1
CUST-12210,Male,0,Yes,No,9,Yes,Yes,DSL,No,No,No,No,No,Yes,Month-to-month,Yes,Credit card (automatic),50.0,442.96,0,3,0
CUST-12211,Male,0,No,Yes,3,Yes,Yes,Fiber optic,No,Yes,No,No,No,Yes,Two year,Yes,Electronic check,89.24,286.09,1,1,0
CUST-12212,Female,0,Yes,No,15,Yes,No,Fiber optic,No,No,Yes,No,Yes,Yes,Two year,No,Credit card (automatic),95.77,1443.85,0,3,0
CUST-12213,Male,0,Yes,No,1,Yes,No,No,No internet service,No internet service,No internet service,No internet service,No internet service,No internet service,Month-to-month,Yes,Bank transfer (automatic),19.55,18.72,4,4,0
CUST-12214,Female,0,No,No,12,Yes,No,DSL,No,Yes,No,No,Yes,No,Month-to-month,No,Mailed check,58.38,707.07,0,4,0
CUST-12215,Female,0,No,Yes,2,Yes,Yes,DSL,Yes,Yes,No,No,Yes,Yes,Two year,Yes,Mailed check,75.54,122.47,4,4,0
CUST-12216,Female,0,Yes,No,1,Yes,No,DSL,No,No,Yes,Yes,No,Yes,Two year,Yes,Bank transfer (automatic),63.44,55.27,2,3,0
CUST-12217,Male,1,Yes,No,43,Yes,No,Fiber optic,Yes,Yes,No,No,Yes,No,Month-to-month,No,Credit card (automatic),99.27,4284.67,3,4,0
CUST-12218,Female,0,Yes,Yes,61,Yes,No,Fiber optic,No,Yes,No,Yes,No,Yes,Two year,Yes,Electronic check,95.99,5828.83,2,3,0
CUST-12219,Male,1,No,No,5,Yes,Yes,No,No internet service,No internet service,No internet service,No internet service,No internet service,No internet service,Month-to-month,Yes,Mailed check,18.25,103.04,1,3,0
CUST-12220,Female,0,No,No,19,Yes,Yes,DSL,Yes,No,No,No,Yes,No,Month-to-month,Yes,Bank transfer (automatic),63.1,1216.18,2,3,0
CUST-12221,Male,0,Yes,Yes,8,Yes,Yes,No,No internet service,No internet service,No internet service,No internet service,No internet service,No internet service,One year,Yes,Electronic check,25.58,191.74,1,1,0
CUST-12222,Female,0,No,No,17,Yes,Yes,Fiber optic,Yes,No,Yes,No,Yes,Yes,Month-to-month,No,Credit card (automatic),106.67,1839.98,0,3,1
CUST-12223,Male,0,No,Yes,14,Yes,Yes,Fiber optic,No,Yes,No,Yes,Yes,No,Month-to-month,No,Credit card (automatic),98.22,1391.32,1,4,1
CUST-12224,Female,0,Yes,No,7,No,No phone service,Fiber optic,Yes,Yes,Yes,Yes,Yes,Yes,Month-to-month,Yes,Bank transfer (automatic),118.75,858.86,2,2,1
CUST-12225,Male,0,No,No,30,Yes,No,DSL,Yes,No,Yes,No,No,Yes,Two year,Yes,Electronic check,63.51,1912.65,1,3,0
CUST-12226,Male,1,No,No,3,Yes,Yes,DSL,Yes,Yes,No,No,No,No,Two year,Yes,Credit card (automatic),61.73,176.95,3,5,0
CUST-12227,Male,1,Yes,No,1,Yes,No,Fiber optic,Yes,No,Yes,No,Yes,Yes,Month-to-month,No,Credit card (automatic),100.31,123.7,1,2,1
CUST-12228,Male,0,Yes,No,36,No,No phone service,DSL,No,No,No,No,No,No,One year,No,Electronic check,46.39,1670.28,3,4,0
CUST-12229,Female,0,Yes,No,27,Yes,Yes,DSL,No,Yes,No,No,No,No,Month-to-month,No,Bank transfer (automatic),47.31,1296.16,1,3,0
CUST-12230,Female,0,Yes,No,17,Yes,No,Fiber optic,Yes,No,Yes,No,No,No,One year,Yes,Electronic check,90.61,1531.35,0,4,0
CUST-12231,Male,0,No,Yes,15,Yes,No,Fiber optic,Yes,No,No,No,Yes,Yes,Two year,No,Electronic check,101.36,1509.51,1,1,0
CUST-12232,Female,0,Yes,Yes,17,Yes,No,Fiber optic,No,No,Yes,No,No,No,Month-to-month,No,Electronic check,83.59,1406.18,3,4,1
CUST-12233,Male,1,No,No,14,Yes,Yes,Fiber optic,No,No,Yes,Yes,No,Yes,Month-to-month,No,Mailed check,100.82,1439.78,1,1,1
CUST-12234,Male,0,No,No,12,Yes,No,DSL,No,Yes,No,No,No,No,Two year,Yes,Credit card (automatic),56.92,696.11,0,3,0
CUST-12235,Female,0,No,Yes,17,Yes,No,Fiber optic,Yes,Yes,No,No,No,No,One year,Yes,Electronic check,90.12,1502.41,1,2,0
CUST-12236,Male,0,No,Yes,18,Yes,No,Fiber optic,Yes,No,No,Yes,No,No,Month-to-month,Yes,Bank transfer (automatic),95.56,1713.88,0,3,1
CUST-12237,Male,0,Yes,No,29,Yes,No,Fiber optic,No,Yes,Yes,No,Yes,No,Two year,Yes,Credit card (automatic),96.65,2807.33,2,4,0
CUST-12238,Female,0,Yes,No,31,No,No phone service,Fiber optic,Yes,No,Yes,No,Yes,Yes,Two year,Yes,Bank transfer (automatic),102.06,3194.15,2,2,0
CUST-12239,Male,0,No,No,11,Yes,No,No,No internet service,No internet service,No internet service,No internet service,No internet service,No internet service,Month-to-month,No,Credit card (automatic),18.25,195.07,0,4,0
CUST-12240,Male,0,Yes,No,13,Yes,Yes,Fiber optic,No,No,No,Yes,Yes,No,Month-to-month,No,Credit card (automatic),92.86,1228.35,1,3,1
CUST-12241,Male,0,Yes,No,11,Yes,No,DSL,No,Yes,Yes,Yes,Yes,Yes,Month-to-month,Yes,Bank transfer (automatic),81.77,933.41,0,4,1
CUST-12242,Male,0,No,No,19,Yes,No,Fiber optic,No,No,Yes,No,No,No,One year,No,Bank transfer (automatic),81.2,1518.02,2,4,0
CUST-12243,Female,1,No,No,15,Yes,No,No,No internet service,No internet service,No internet service,No internet service,No internet service,No internet service,Month-to-month,Yes,Electronic check,22.22,334.59,0,1,0
CUST-12244,Female,0,Yes,Yes,55,Yes,No,No,No internet service,No internet service,No internet service,No internet service,No internet service,No internet service,Month-to-month,No,Mailed check,18.25,990.81,4,4,0
CUST-12245,Female,0,No,No,29,Yes,No,Fiber optic,No,No,No,No,Yes,Yes,Month-to-month,Yes,Mailed check,97.87,2867.41,1,4,0
CUST-12246,Male,0,No,No,57,Yes,Yes,No,No internet service,No internet service,No internet service,No internet service,No internet service,No internet service,Month-to-month,No,Mailed check,18.25,1051.72,3,1,0
CUST-12247,Male,0,Yes,No,30,Yes,No,Fiber optic,No,No,Yes,No,Yes,Yes,One year,Yes,Mailed check,99.35,2971.8,2,2,0
CUST-12248,Female,0,Yes,Yes,72,Yes,No,Fiber optic,No,No,No,Yes,No,No,Month-to-month,Yes,Credit card (automatic),84.13,6037.89,2,3,0
CUST-12249,Male,0,No,No,25,No,No phone service,Fiber optic,Yes,Yes,Yes,No,No,No,One year,Yes,Credit card (automatic),97.07,2414.29,2,1,0
CUST-12250,Male,0,Yes,Yes,72,Yes,No,Fiber optic,No,No,No,No,Yes,Yes,Month-to-month,Yes,Electronic check,93.33,6700.87,0,3,0
CUST-12251,Male,0,Yes,Yes,4,Yes,No,Fiber optic,No,Yes,Yes,Yes,No,No,Two year,Yes,Mailed check,99.97,388.75,1,4,0
CUST-12252,Male,0,No,No,1,Yes,No,Fiber optic,No,No,No,No,Yes,Yes,Month-to-month,No,Credit card (automatic),89.67,77.24,3,1,1
CUST-12253,Female,0,No,No,21,Yes,No,Fiber optic,Yes,No,Yes,No,Yes,Yes,Month-to-month,No,Bank transfer (automatic),106.88,2255.32,4,1,1
CUST-12254,Female,1,Yes,No,72,Yes,Yes,DSL,No,Yes,No,Yes,Yes,No,One year,No,Credit card (automatic),60.89,4368.27,1,1,0
CUST-12255,Female,1,Yes,No,13,Yes,No,Fiber optic,No,Yes,No,No,Yes,Yes,Month-to-month,Yes,Mailed check,96.29,1261.92,1,3,1
CUST-12256,Male,0,Yes,No,5,Yes,No,Fiber optic,No,No,Yes,No,Yes,Yes,One year,No,Mailed check,99.16,482.28,3,2,1
CUST-12257,Female,0,No,No,18,Yes,No,DSL,Yes,No,No,No,Yes,Yes,Two year,No,Electronic check,65.52,1155.86,2,4,0
CUST-12258,Female,0,Yes,No,26,Yes,No,DSL,Yes,No,Yes,Yes,Yes,No,Month-to-month,No,Electronic check,74.75,1938.53,3,3,1
CUST-12259,Male,1,No,Yes,9,No,No phone service,Fiber optic,No,Yes,No,No,Yes,Yes,Two year,Yes,Credit card (automatic),96.94,859.91,1,4,0
CUST-12260,Male,0,No,No,31,Yes,No,Fiber optic,No,Yes,No,Yes,No,Yes,Month-to-month,Yes,Mailed check,92.37,2840.45,0,2,1
CUST-12261,Female,1,Yes,No,72,Yes,No,DSL,No,No,No,Yes,Yes,No,One year,Yes,Mailed check,62.73,4504.3,0,3,0
CUST-12262,Female,0,No,Yes,56,Yes,Yes,Fiber optic,No,Yes,No,No,Yes,No,Month-to-month,Yes,Bank transfer (automatic),90.39,5093.5,1,3,0
CUST-12263,Female,0,No,No,8,Yes,Yes,No,No internet service,No internet service,No internet service,No internet service,No internet service,No internet service,Two year,No,Mailed check,18.25,137.78,1,3,0
CUST-12264,Female,0,No,No,9,Yes,No,Fiber optic,No,No,Yes,No,No,No,Month-to-month,No,Mailed check,88.04,798.2,2,4,1
CUST-12265,Male,1,Yes,No,11,Yes,Yes,Fiber optic,Yes,No,No,No,Yes,No,Month-to-month,No,Credit card (automatic),90.57,982.65,2,3,1
CUST-12266,Female,1,No,No,12,Yes,No,DSL,No,No,Yes,No,Yes,Yes,Two year,Yes,Credit card (automatic),68.22,834.3,2,1,0
CUST-12267,Female,0,No,No,2,Yes,No,No,No internet service,No internet service,No internet service,No internet service,No internet service,No internet service,Month-to-month,Yes,Credit card (automatic),19.71,18.25,3,3,0
CUST-12268,Male,0,No,Yes,35,Yes,Yes,DSL,Yes,No,No,Yes,No,No,Month-to-month,Yes,Bank transfer (automatic),65.72,2323.15,2,4,0
CUST-12269,Female,0,Yes,Yes,11,No,No phone service,Fiber optic,No,No,No,Yes,No,Yes,One year,No,Bank transfer (automatic),92.8,1039.1,2,4,0
CUST-12270,Male,0,No,No,52,Yes,No,Fiber optic,No,No,Yes,No,Yes,Yes,Two year,Yes,Electronic check,95.39,4957.93,3,4,0
CUST-12271,Male,0,Yes,No,65,Yes,No,DSL,Yes,No,Yes,No,No,No,One year,Yes,Electronic check,53.77,3527.33,3,2,0
CUST-12272,Male,0,Yes,No,1,Yes,Yes,Fiber optic,No,No,Yes,Yes,No,No,Month-to-month,Yes,Electronic check,92.04,108.07,2,1,1
CUST-12273,Female,0,Yes,No,72,Yes,Yes,DSL,Yes,No,No,No,No,No,One year,Yes,Bank transfer (automatic),52.12,3799.64,4,4,0
CUST-12274,Female,0,No,No,30,Yes,No,DSL,No,No,No,No,Yes,Yes,Month-to-month,Yes,Electronic check,58.93,1783.38,2,4,0
CUST-12275,Male,0,Yes,No,18,Yes,Yes,Fiber optic,No,Yes,Yes,No,No,Yes,Two year,No,Credit card (automatic),97.05,1725.01,2,3,0
CUST-12276,Female,0,No,Yes,12,Yes,Yes,Fiber optic,No,No,No,No,Yes,No,One year,Yes,Bank transfer (automatic),77.1,912.38,1,4,0
CUST-12277,Female,0,No,Yes,18,Yes,Yes,DSL,No,No,Yes,No,No,No,Month-to-month,No,Electronic check,52.91,970.77,1,5,0
CUST-12278,Male,0,Yes,No,9,Yes,Yes,DSL,No,No,No,No,No,No,One year,No,Electronic check,44.25,368.47,2,1,0
CUST-12279,Male,0,No,No,24,Yes,No,No,No internet service,No internet service,No internet service,No internet service,No internet service,No internet service,One year,Yes,Bank transfer (automatic),18.66,446.57,2,2,0
CUST-12280,Female,0,Yes,No,2,Yes,Yes,Fiber optic,No,No,No,Yes,Yes,No,One year,No,Credit card (automatic),90.2,120.53,4,3,0
CUST-12281,Male,0,Yes,No,24,Yes,No,DSL,No,Yes,Yes,No,Yes,Yes,Month-to-month,Yes,Credit card (automatic),79.68,1931.13,1,4,0
CUST-12282,Female,0,No,No,8,Yes,Yes,Fiber optic,No,Yes,No,Yes,No,No,Month-to-month,No,Bank transfer (automatic),88.99,709.72,0,3,1
CUST-12283,Female,0,No,No,1,Yes,No,Fiber optic,No,No,Yes,No,No,No,Month-to-month,No,Electronic check,86.26,77.66,0,2,1
CUST-12284,Female,0,No,No,20,Yes,Yes,DSL,Yes,Yes,No,Yes,No,Yes,Month-to-month,No,Credit card (automatic),75.49,1508.2,2,3,0
CUST-12285,Female,0,No,No,21,Yes,No,No,No internet service,No internet service,No internet service,No internet service,No internet service,No internet service,Month-to-month,Yes,Credit card (automatic),24.02,490.22,0,3,0
CUST-12286,Male,1,Yes,No,13,Yes,No,Fiber optic,Yes,Yes,No,No,Yes,Yes,Month-to-month,No,Credit card (automatic),104.82,1340.74,2,1,1
CUST-12287,Male,1,Yes,No,1,Yes,No,No,No internet service,No internet service,No internet service,No internet service,No internet service,No internet service,Two year,No,Electronic check,18.25,19.18,1,3,0
CUST-12288,Male,0,No,Yes,55,Yes,No,DSL,No,Yes,No,No,No,No,Month-to-month,No,Bank transfer (automatic),58.89,3230.68,3,3,0
CUST-12289,Male,0,Yes,No,23,Yes,No,Fiber optic,No,No,No,No,Yes,No,Two year,Yes,Credit card (automatic),85.55,1947.85,1,4,0
CUST-12290,Female,0,Yes,No,3,Yes,No,No,No internet service,No internet service,No internet service,No internet service,No internet service,No internet service,Two year,Yes,Electronic check,24.3,110.97,0,4,0
CUST-12291,Female,1,No,No,17,Yes,Yes,DSL,No,No,No,Yes,Yes,No,One year,Yes,Bank transfer (automatic),61.81,1048.83,1,3,0
CUST-12292,Male,0,Yes,No,17,Yes,No,DSL,No,No,Yes,Yes,Yes,No,Month-to-month,No,Electronic check,67.69,1142.2,0,4,0
CUST-12293,Female,0,Yes,No,1,Yes,Yes,DSL,No,No,No,No,Yes,Yes,Month-to-month,Yes,Electronic check,62.97,62.19,1,4,0
CUST-12294,Female,0,No,Yes,23,Yes,No,DSL,No,Yes,No,No,Yes,Yes,Two year,No,Mailed check,69.26,1591.11,1,2,0
CUST-12295,Female,0,No,No,41,Yes,No,No,No internet service,No internet service,No internet service,No internet service,No internet service,No internet service,Two year,Yes,Credit card (automatic),18.41,750.64,2,3,0
CUST-12296,Male,0,No,Yes,34,Yes,No,Fiber optic,Yes,No,Yes,No,No,Yes,Two year,Yes,Electronic check,98.91,3334.47,3,4,0
CUST-12297,Male,0,No,Yes,5,No,No phone service,Fiber optic,Yes,Yes,Yes,No,No,Yes,Two year,Yes,Credit card (automatic),103.97,546.37,1,4,0
CUST-12298,Male,0,Yes,No,49,Yes,Yes,No,No internet service,No internet service,No internet service,No internet service,No internet service,No internet service,Month-to-month,No,Bank transfer (automatic),18.25,877.84,0,2,0
CUST-12299,Female,0,No,No,10,Yes,Yes,No,No internet service,No internet service,No internet service,No internet service,No internet service,No internet service,One year,Yes,Mailed check,19.82,229.9,0,4,0
CUST-12300,Male,0,No,No,72,Yes,Yes,Fiber optic,No,No,No,No,No,Yes,Two year,Yes,Mailed check,80.69,5786.2,1,4,0
CUST-12301,Male,0,Yes,No,1,No,No phone service,Fiber optic,Yes,No,Yes,No,Yes,Yes,Month-to-month,Yes,Mailed check,111.31,129.74,0,1,1
CUST-12302,Male,1,Yes,No,16,Yes,Yes,DSL,No,No,No,No,Yes,No,Month-to-month,No,Credit card (automatic),49.34,810.19,2,2,0
CUST-12303,Male,0,No,Yes,22,No,No phone service,Fiber optic,No,No,No,Yes,No,No,Month-to-month,No,Electronic check,81.19,1787.7,2,3,1
CUST-12304,Male,0,No,Yes,7,Yes,Yes,Fiber optic,No,Yes,No,No,No,Yes,Month-to-month,Yes,Mailed check,88.29,582.4,0,3,1
CUST-12305,Male,0,No,No,36,Yes,Yes,Fiber optic,Yes,No,No,No,Yes,No,Month-to-month,Yes,Electronic check,92.35,3326.78,1,1,1
CUST-12306,Female,0,No,Yes,24,Yes,No,DSL,No,Yes,Yes,No,Yes,Yes,Month-to-month,Yes,Electronic check,75.76,1844.44,0,1,1
CUST-12307,Female,1,No,No,1,Yes,No,Fiber optic,No,Yes,Yes,No,No,Yes,Month-to-month,Yes,Bank transfer (automatic),103.22,75.7,1,4,1
CUST-12308,Male,0,No,No,23,Yes,No,DSL,Yes,No,Yes,No,No,No,One year,No,Electronic check,64.53,1476.53,1,2,0
CUST-12309,Male,1,No,No,16,Yes,No,DSL,Yes,Yes,Yes,Yes,Yes,Yes,Month-to-month,No,Electronic check,90.32,1426.56,1,3,1
CUST-12310,Female,0,Yes,Yes,5,Yes,No,DSL,No,No,No,Yes,No,Yes,Two year,Yes,Electronic check,56.75,294.42,0,3,0
CUST-12311,Female,1,No,No,72,Yes,No,Fiber optic,Yes,Yes,No,No,Yes,Yes,Two year,Yes,Electronic check,106.13,7674.12,1,1,0
CUST-12312,Male,0,Yes,No,56,Yes,No,Fiber optic,No,Yes,Yes,No,Yes,No,Month-to-month,Yes,Bank transfer (automatic),98.2,5499.09,1,1,0
CUST-12313,Male,0,No,Yes,8,Yes,Yes,Fiber optic,Yes,No,No,No,Yes,Yes,Month-to-month,No,Bank transfer (automatic),93.02,729.51,1,3,1
CUST-12314,Male,0,No,No,19,Yes,No,DSL,No,No,No,No,No,Yes,Month-to-month,Yes,Bank transfer (automatic),51.9,1023.88,0,4,0
CUST-12315,Male,1,No,No,9,Yes,No,DSL,No,No,No,No,No,No,One year,Yes,Mailed check,45.6,414.96,1,4,0
CUST-12316,Female,1,No,No,37,Yes,Yes,Fiber optic,No,Yes,No,No,No,Yes,Month-to-month,Yes,Electronic check,90.13,3334.2,1,4,0
CUST-12317,Male,0,Yes,No,66,Yes,No,DSL,Yes,Yes,Yes,No,Yes,Yes,Month-to-month,Yes,Credit card (automatic),79.57,5247.48,2,3,0
CUST-12318,Male,1,Yes,Yes,11,Yes,Yes,DSL,No,No,Yes,No,No,No,Month-to-month,No,Electronic check,52.46,554.86,2,2,1
CUST-12319,Male,0,Yes,No,40,Yes,Yes,DSL,No,Yes,Yes,Yes,Yes,Yes,Month-to-month,Yes,Mailed check,82.15,3299.82,0,3,0
CUST-12320,Male,0,No,No,17,Yes,No,Fiber optic,No,Yes,No,Yes,No,No,Two year,No,Electronic check,91.46,1572.93,0,3,0
CUST-12321,Female,0,No,Yes,12,Yes,Yes,No,No internet service,No internet service,No internet service,No internet service,No internet service,No internet service,Month-to-month,No,Electronic check,18.25,213.7,1,2,0
CUST-12322,Female,0,No,No,69,Yes,Yes,No,No internet service,No internet service,No internet service,No internet service,No internet service,No internet service,One year,Yes,Bank transfer (automatic),23.52,1636.86,0,4,0
CUST-12323,Female,0,Yes,Yes,17,Yes,Yes,No,No internet service,No internet service,No internet service,No internet service,No internet service,No internet service,Month-to-month,Yes,Electronic check,21.49,323.05,2,2,0
CUST-12324,Male,0,No,No,15,Yes,No,Fiber optic,No,Yes,Yes,Yes,No,Yes,Month-to-month,Yes,Mailed check,101.03,1510.15,3,2,1
CUST-12325,Male,0,No,Yes,27,Yes,Yes,No,No internet service,No internet service,No internet service,No internet service,No internet service,No internet service,Month-to-month,No,Bank transfer (automatic),20.81,549.46,2,5,0
CUST-12326,Female,0,Yes,No,7,Yes,No,Fiber optic,No,Yes,Yes,No,Yes,Yes,One year,No,Credit card (automatic),105.13,739.73,1,3,0
CUST-12327,Male,0,No,No,9,Yes,Yes,Fiber optic,No,No,Yes,Yes,No,No,Month-to-month,No,Mailed check,89.75,785.5,2,2,1
CUST-12328,Male,0,No,No,67,No,No phone service,DSL,Yes,No,No,No,Yes,No,Month-to-month,No,Electronic check,55.59,3690.64,3,4,0
CUST-12329,Female,0,No,No,28,Yes,No,DSL,Yes,Yes,Yes,Yes,Yes,No,One year,No,Mailed check,81.55,2277.61,1,2,0
CUST-12330,Female,0,Yes,No,43,Yes,No,DSL,No,Yes,Yes,No,No,No,Month-to-month,No,Mailed check,58.1,2496.7,0,1,0
CUST-12331,Female,0,No,No,7,Yes,Yes,Fiber optic,No,No,Yes,Yes,Yes,Yes,One year,No,Electronic check,103.65,749.62,0,4,0
CUST-12332,Female,0,Yes,No,19,Yes,Yes,No,No internet service,No internet service,No internet service,No internet service,No internet service,No internet service,Two year,Yes,Electronic check,22.72,442.34,2,3,0
CUST-12333,Male,0,No,No,72,Yes,Yes,DSL,No,No,No,Yes,No,Yes,Month-to-month,Yes,Mailed check,57.98,4188.72,1,4,0
CUST-12334,Male,0,Yes,No,9,Yes,No,No,No internet service,No internet service,No internet service,No internet service,No internet service,No internet service,Month-to-month,No,Bank transfer (automatic),26.58,200.76,2,4,0
CUST-12335,Female,0,Yes,No,4,Yes,Yes,Fiber optic,No,Yes,Yes,No,No,No,Two year,Yes,Electronic check,97.43,411.47,0,3,0
CUST-12336,Male,0,No,No,17,Yes,Yes,DSL,Yes,No,No,No,No,No,Month-to-month,No,Credit card (automatic),53.58,930.38,0,1,1
CUST-12337,Female,0,Yes,No,12,Yes,Yes,Fiber optic,No,Yes,No,No,Yes,Yes,Two year,Yes,Electronic check,93.65,1133.52,2,2,0
CUST-12338,Female,0,No,Yes,4,Yes,Yes,DSL,No,Yes,Yes,No,Yes,Yes,One year,Yes,Bank transfer (automatic),71.15,231.43,1,2,0
CUST-12339,Male,0,No,No,54,Yes,Yes,DSL,No,No,Yes,No,No,Yes,Month-to-month,No,Credit card (automatic),61.42,3318.74,0,3,0
CUST-12340,Female,1,No,Yes,72,Yes,No,Fiber optic,No,No,Yes,No,Yes,No,One year,Yes,Credit card (automatic),89.31,6418.44,1,3,0
CUST-12341,Male,1,No,No,21,Yes,No,Fiber optic,No,No,Yes,No,Yes,No,Month-to-month,No,Mailed check,87.82,1836.88,4,3,1
CUST-12342,Male,0,Yes,Yes,37,Yes,Yes,DSL,No,Yes,No,No,Yes,Yes,Month-to-month,Yes,Electronic check,67.54,2483.6,1,4,0
CUST-12343,Male,0,No,No,48,Yes,No,DSL,Yes,No,Yes,No,No,Yes,One year,No,Credit card (automatic),63.6,3059.89,3,1,0
CUST-12344,Male,0,Yes,No,30,Yes,No,Fiber optic,No,Yes,No,No,Yes,Yes,One year,Yes,Electronic check,104.65,3115.57,0,1,0
CUST-12345,Female,0,Yes,No,1,Yes,No,DSL,No,No,No,No,No,No,One year,Yes,Credit card (automatic),46.73,48.81,2,4,0
CUST-12346,Male,1,No,No,4,Yes,No,DSL,No,No,No,Yes,Yes,No,One year,No,Bank transfer (automatic),64.91,285.57,2,4,0
CUST-12347,Female,0,Yes,No,1,Yes,No,DSL,Yes,No,No,No,Yes,Yes,Month-to-month,Yes,Credit card (automatic),70.39,59.72,0,5,1
CUST-12348,Female,0,No,No,1,Yes,No,Fiber optic,Yes,No,Yes,No,Yes,No,Month-to-month,Yes,Bank transfer (automatic),99.79,91.61,2,2,1
CUST-12349,Female,0,No,No,9,Yes,No,DSL,Yes,No,Yes,Yes,No,No,Month-to-month,Yes,Credit card (automatic),64.83,558.27,2,2,1
CUST-12350,Female,1,No,No,12,No,No phone service,DSL,Yes,Yes,No,No,Yes,Yes,Two year,Yes,Mailed check,67.1,821.35,1,1,0
CUST-12351,Male,0,No,No,6,No,No phone service,DSL,Yes,Yes,Yes,No,Yes,Yes,Month-to-month,No,Electronic check,85.63,495.0,2,3,1
CUST-12352,Male,0,Yes,No,1,Yes,Yes,No,No internet service,No internet service,No internet service,No internet service,No internet service,No internet service,Month-to-month,Yes,Mailed check,20.06,18.25,1,4,0
CUST-12353,Female,0,No,Yes,18,Yes,Yes,DSL,Yes,No,Yes,Yes,Yes,Yes,Month-to-month,Yes,Mailed check,89.12,1619.11,1,3,1
CUST-12354,Female,0,No,No,7,Yes,Yes,Fiber optic,No,Yes,No,No,Yes,No,One year,No,Mailed check,88.71,629.6,2,3,0
CUST-12355,Male,0,No,No,39,Yes,No,Fiber optic,Yes,Yes,Yes,No,Yes,No,Month-to-month,Yes,Credit card (automatic),105.07,4064.47,1,4,0
CUST-12356,Female,0,Yes,No,1,Yes,Yes,Fiber optic,Yes,No,Yes,Yes,No,Yes,Month-to-month,Yes,Bank transfer (automatic),103.99,114.79,1,1,1
CUST-12357,Male,1,No,No,46,Yes,No,Fiber optic,No,Yes,Yes,Yes,Yes,No,Month-to-month,Yes,Bank transfer (automatic),109.0,5008.76,3,4,0
CUST-12358,Female,1,Yes,No,72,Yes,Yes,No,No internet service,No internet service,No internet service,No internet service,No internet service,No internet service,One year,Yes,Electronic check,18.25,1311.87,1,4,0
CUST-12359,Male,1,Yes,No,31,Yes,No,No,No internet service,No internet service,No internet service,No internet service,No internet service,No internet service,Two year,No,Credit card (automatic),21.19,686.03,0,3,0
CUST-12360,Female,0,No,Yes,33,Yes,Yes,Fiber optic,Yes,Yes,Yes,Yes,No,Yes,Month-to-month,No,Electronic check,110.54,3664.92,3,4,1
CUST-12361,Female,0,No,No,67,Yes,No,Fiber optic,No,Yes,Yes,No,No,No,One year,No,Electronic check,90.23,6069.75,1,3,0
CUST-12362,Male,0,No,Yes,5,Yes,No,Fiber optic,No,Yes,Yes,No,Yes,No,Month-to-month,No,Bank transfer (automatic),102.17,491.61,2,4,1
CUST-12363,Female,0,No,No,72,Yes,Yes,No,No internet service,No internet service,No internet service,No internet service,No internet service,No internet service,One year,No,Credit card (automatic),18.25,1343.48,2,3,0
CUST-12364,Female,0,No,No,37,Yes,Yes,No,No internet service,No internet service,No internet service,No internet service,No internet service,No internet service,One year,No,Mailed check,18.25,659.44,2,4,0
CUST-12365,Male,0,Yes,Yes,32,Yes,No,Fiber optic,No,No,No,No,Yes,No,Month-to-month,No,Mailed check,88.15,2806.41,0,2,1
CUST-12366,Female,0,Yes,No,11,Yes,Yes,DSL,Yes,No,No,No,No,No,Month-to-month,Yes,Mailed check,51.45,564.03,3,1,1
CUST-12367,Male,0,Yes,No,19,No,No phone service,Fiber optic,Yes,No,Yes,No,Yes,No,One year,Yes,Electronic check,95.91,1833.17,1,1,0
CUST-12368,Male,0,No,Yes,26,Yes,No,Fiber optic,No,No,Yes,No,Yes,No,Month-to-month,Yes,Credit card (automatic),88.45,2324.8,1,1,1
CUST-12369,Female,0,Yes,No,24,No,No phone service,Fiber optic,Yes,No,Yes,Yes,No,No,Two year,Yes,Bank transfer (automatic),92.6,2221.42,0,3,0
CUST-12370,Female,0,Yes,Yes,30,Yes,No,DSL,No,No,Yes,Yes,Yes,Yes,One year,Yes,Mailed check,79.68,2425.37,2,3,0
CUST-12371,Female,0,No,No,2,Yes,No,Fiber optic,Yes,No,Yes,Yes,No,Yes,One year,No,Mailed check,109.33,259.99,1,3,1
CUST-12372,Female,0,Yes,No,10,Yes,No,Fiber optic,No,Yes,No,Yes,No,No,One year,Yes,Electronic check,84.81,824.57,2,3,0
CUST-12373,Female,0,Yes,No,14,Yes,No,Fiber optic,Yes,Yes,No,No,Yes,Yes,Month-to-month,Yes,Bank transfer (automatic),103.98,1482.74,2,2,1
CUST-12374,Female,0,No,No,7,Yes,No,Fiber optic,No,Yes,No,No,Yes,No,Two year,Yes,Credit card (automatic),85.3,599.63,1,4,0
CUST-12375,Female,0,Yes,No,4,Yes,No,DSL,No,No,No,Yes,Yes,Yes,Two year,Yes,Bank transfer (automatic),69.92,300.07,0,2,0
CUST-12376,Male,0,Yes,Yes,3,No,No phone service,Fiber optic,No,No,Yes,No,No,Yes,Month-to-month,Yes,Mailed check,91.8,254.02,1,4,1
CUST-12377,Female,0,Yes,No,11,Yes,Yes,No,No internet service,No internet service,No internet service,No internet service,No internet service,No internet service,One year,Yes,Electronic check,18.25,225.45,2,4,0
CUST-12378,Male,0,No,No,17,Yes,Yes,Fiber optic,No,No,Yes,No,No,Yes,One year,Yes,Credit card (automatic),88.67,1496.55,0,3,0
CUST-12379,Female,0,No,Yes,1,Yes,Yes,Fiber optic,No,Yes,No,No,No,No,Two year,Yes,Electronic check,86.56,108.73,0,3,0
CUST-12380,Female,0,Yes,No,72,Yes,No,Fiber optic,Yes,Yes,No,No,Yes,No,Month-to-month,No,Electronic check,97.08,6988.87,3,4,0
CUST-12381,Male,0,No,Yes,36,Yes,Yes,Fiber optic,No,Yes,No,No,No,Yes,Month-to-month,No,Mailed check,88.14,3170.48,2,5,0
CUST-12382,Female,0,Yes,No,32,Yes,No,Fiber optic,Yes,Yes,No,No,Yes,Yes,Two year,Yes,Mailed check,107.91,3453.1,1,2,0
CUST-12383,Female,0,No,No,4,Yes,Yes,Fiber optic,Yes,Yes,No,Yes,No,Yes,One year,No,Credit card (automatic),105.24,435.92,0,4,0
CUST-12384,Male,0,Yes,No,23,Yes,No,No,No internet service,No internet service,No internet service,No internet service,No internet service,No internet service,Month-to-month,No,Electronic check,23.86,548.76,1,1,0
CUST-12385,Female,1,No,No,18,Yes,Yes,DSL,No,Yes,No,Yes,Yes,Yes,Month-to-month,Yes,Bank transfer (automatic),77.88,1413.89,0,1,1
CUST-12386,Female,0,No,No,72,Yes,Yes,No,No internet service,No internet service,No internet service,No internet service,No internet service,No internet service,Two year,Yes,Electronic check,21.96,1581.26,4,3,0
CUST-12387,Female,0,No,Yes,34,Yes,Yes,Fiber optic,No,Yes,No,No,Yes,Yes,Month-to-month,No,Electronic check,94.86,3200.98,2,1,1
CUST-12388,Male,0,Yes,No,21,No,No phone service,DSL,No,No,Yes,Yes,Yes,Yes,One year,Yes,Bank transfer (automatic),79.0,1665.47,1,5,0
CUST-12389,Female,0,Yes,No,47,Yes,Yes,Fiber optic,Yes,No,No,Yes,No,Yes,Month-to-month,Yes,Credit card (automatic),97.52,4591.78,0,3,0
CUST-12390,Female,0,No,No,4,Yes,No,DSL,Yes,Yes,Yes,No,Yes,No,Month-to-month,Yes,Mailed check,75.24,272.63,3,3,1
CUST-12391,Female,0,Yes,No,1,Yes,No,No,No internet service,No internet service,No internet service,No internet service,No internet service,No internet service,One year,Yes,Credit card (automatic),18.25,18.25,1,2,0
CUST-12392,Female,0,No,Yes,29,Yes,Yes,No,No internet service,No internet service,No internet service,No internet service,No internet service,No internet service,Two year,Yes,Credit card (automatic),18.25,543.46,2,2,0
CUST-12393,Male,0,No,No,2,Yes,No,Fiber optic,No,Yes,No,No,No,Yes,Two year,Yes,Credit card (automatic),87.24,177.15,0,1,0
CUST-12394,Male,0,No,Yes,3,Yes,Yes,Fiber optic,Yes,No,Yes,Yes,No,Yes,Month-to-month,Yes,Mailed check,106.53,327.89,1,3,1
CUST-12395,Female,0,Yes,Yes,34,Yes,Yes,Fiber optic,No,No,No,No,Yes,No,Two year,No,Electronic check,85.22,2889.3,2,2,0
CUST-12396,Female,0,No,No,7,Yes,No,Fiber optic,No,Yes,Yes,No,Yes,Yes,Month-to-month,No,Bank transfer (automatic),104.18,715.99,3,2,1
CUST-12397,Male,0,No,Yes,24,Yes,Yes,Fiber optic,No,Yes,Yes,No,No,Yes,Month-to-month,No,Bank transfer (automatic),97.93,2356.88,2,2,1
CUST-12398,Male,0,No,Yes,62,Yes,No,Fiber optic,Yes,Yes,Yes,Yes,Yes,Yes,Two year,Yes,Mailed check,118.75,7301.82,1,2,0
CUST-12399,Female,1,Yes,No,9,Yes,No,Fiber optic,Yes,No,No,No,Yes,Yes,Month-to-month,Yes,Electronic check,102.8,935.07,0,4,1
CUST-12400,Male,0,Yes,Yes,6,Yes,Yes,Fiber optic,No,Yes,Yes,Yes,Yes,No,Two year,Yes,Bank transfer (automatic),98.03,608.86,2,3,0
CUST-12401,Female,0,Yes,Yes,2,Yes,No,Fiber optic,No,Yes,Yes,No,Yes,No,Month-to-month,Yes,Mailed check,94.24,202.79,1,3,1
CUST-12402,Male,0,Yes,Yes,3,Yes,Yes,DSL,No,Yes,Yes,No,Yes,Yes,One year,Yes,Electronic check,74.13,222.56,1,4,0
CUST-12403,Male,0,No,Yes,1,Yes,No,Fiber optic,No,Yes,No,Yes,Yes,No,Month-to-month,Yes,Bank transfer (automatic),98.45,120.69,2,2,1
CUST-12404,Male,1,No,No,2,Yes,No,Fiber optic,No,No,No,No,Yes,No,Month-to-month,Yes,Bank transfer (automatic),81.01,183.88,2,4,1
CUST-12405,Male,0,Yes,No,14,Yes,No,DSL,Yes,No,Yes,No,Yes,No,Month-to-month,Yes,Mailed check,62.61,846.68,2,2,1
CUST-12406,Female,1,No,No,9,No,No phone service,DSL,Yes,No,No,No,No,No,Month-to-month,No,Credit card (automatic),54.49,482.64,1,4,0
CUST-12407,Male,0,Yes,No,30,Yes,Yes,Fiber optic,No,No,Yes,No,Yes,Yes,Month-to-month,Yes,Electronic check,102.58,3079.39,0,1,1
CUST-12408,Male,0,Yes,Yes,51,Yes,Yes,No,No internet service,No internet service,No internet service,No internet service,No internet service,No internet service,Month-to-month,No,Mailed check,18.25,934.25,3,4,0
CUST-12409,Female,0,Yes,Yes,38,Yes,No,Fiber optic,No,Yes,No,Yes,Yes,Yes,Month-to-month,No,Credit card (automatic),106.19,4046.01,1,3,0
CUST-12410,Male,1,Yes,Yes,18,Yes,No,Fiber optic,Yes,Yes,No,Yes,No,No,Month-to-month,Yes,Electronic check,100.9,1826.54,0,1,1
CUST-12411,Male,0,No,No,2,Yes,No,Fiber optic,Yes,Yes,Yes,No,No,No,Two year,No,Electronic check,98.87,201.03,0,3,0
CUST-12412,Female,0,Yes,No,30,Yes,Yes,Fiber optic,No,No,No,No,No,No,Two year,No,Mailed check,78.18,2358.25,2,4,0
CUST-12413,Male,0,No,No,11,Yes,No,DSL,No,No,No,No,Yes,No,Month-to-month,Yes,Electronic check,51.38,561.64,0,2,1
CUST-12414,Female,0,Yes,No,2,Yes,No,Fiber optic,No,No,Yes,No,Yes,Yes,Month-to-month,No,Electronic check,94.85,217.39,3,5,1
CUST-12415,Female,1,No,Yes,46,Yes,Yes,Fiber optic,No,Yes,No,Yes,No,Yes,Two year,No,Credit card (automatic),101.43,4702.69,0,2,0
CUST-12416,Female,0,Yes,No,10,Yes,No,No,No internet service,No internet service,No internet service,No internet service,No internet service,No internet service,Two year,Yes,Mailed check,21.13,236.65,0,2,0
CUST-12417,Female,0,Yes,No,6,Yes,Yes,Fiber optic,Yes,No,Yes,No,No,Yes,Month-to-month,No,Electronic check,98.08,603.04,4,4,1
CUST-12418,Male,0,Yes,No,51,Yes,Yes,DSL,No,Yes,Yes,No,No,No,Month-to-month,Yes,Credit card (automatic),60.73,3104.45,1,2,0
CUST-12419,Female,0,Yes,No,58,Yes,Yes,Fiber optic,Yes,Yes,No,Yes,No,Yes,Two year,No,Mailed check,100.63,5835.71,0,5,0
CUST-12420,Male,1,Yes,No,10,No,No phone service,Fiber optic,No,No,Yes,No,No,No,Two year,No,Bank transfer (automatic),80.56,819.06,1,3,0
CUST-12421,Male,0,No,No,10,Yes,No,Fiber optic,Yes,No,No,No,Yes,No,One year,Yes,Mailed check,90.54,910.57,0,4,0
CUST-12422,Male,0,No,No,21,Yes,No,DSL,Yes,Yes,Yes,Yes,Yes,No,Month-to-month,No,Credit card (automatic),87.69,1863.3,4,1,1
CUST-12423,Male,1,No,No,33,No,No phone service,DSL,No,No,Yes,No,Yes,Yes,Month-to-month,No,Electronic check,64.28,2112.54,1,4,0
CUST-12424,Male,0,No,No,1,Yes,No,Fiber optic,Yes,No,No,No,No,Yes,Two year,No,Bank transfer (automatic),87.83,110.3,3,3,0
CUST-12425,Male,0,Yes,Yes,22,Yes,Yes,Fiber optic,Yes,No,No,No,Yes,Yes,Month-to-month,No,Credit card (automatic),99.26,2191.59,1,4,0
CUST-12426,Male,0,Yes,No,72,Yes,Yes,No,No internet service,No internet service,No internet service,No internet service,No internet service,No internet service,Month-to-month,No,Electronic check,18.25,1325.65,2,1,0
CUST-12427,Male,0,No,No,7,Yes,No,No,No internet service,No internet service,No internet service,No internet service,No internet service,No internet service,One year,No,Credit card (automatic),19.4,130.91,2,3,0
CUST-12428,Male,0,No,Yes,59,Yes,No,DSL,No,No,No,No,No,No,Two year,No,Credit card (automatic),41.32,2436.92,2,4,0
CUST-12429,Male,1,No,No,72,Yes,No,DSL,No,No,Yes,No,No,Yes,Month-to-month,No,Credit card (automatic),66.45,4800.5,2,3,0
CUST-12430,Female,0,No,Yes,7,Yes,Yes,No,No internet service,No internet service,No internet service,No internet service,No internet service,No internet service,Month-to-month,Yes,Credit card (automatic),22.38,185.03,3,4,0
CUST-12431,Female,0,Yes,No,35,Yes,No,Fiber optic,No,Yes,No,Yes,No,Yes,Month-to-month,Yes,Mailed check,94.72,3277.59,1,5,0
CUST-12432,Female,1,Yes,No,6,Yes,No,DSL,No,Yes,Yes,No,Yes,Yes,Two year,Yes,Bank transfer (automatic),75.24,451.08,0,2,0
CUST-12433,Male,0,Yes,No,33,Yes,No,DSL,No,Yes,Yes,Yes,No,No,Two year,Yes,Credit card (automatic),64.59,2102.87,2,1,0
CUST-12434,Female,0,Yes,Yes,39,Yes,No,DSL,No,No,No,No,Yes,Yes,Two year,No,Electronic check,56.88,2212.91,1,4,0
CUST-12435,Female,0,Yes,No,7,Yes,No,Fiber optic,No,Yes,No,Yes,No,Yes,Month-to-month,Yes,Bank transfer (automatic),93.65,671.46,0,3,1
CUST-12436,Female,1,Yes,No,31,Yes,No,DSL,Yes,Yes,Yes,No,No,No,Month-to-month,Yes,Electronic check,65.39,2041.78,1,1,0
CUST-12437,Male,0,No,No,41,Yes,No,DSL,Yes,Yes,Yes,No,Yes,No,Month-to-month,Yes,Bank transfer (automatic),76.17,3151.13,0,1,0
CUST-12438,Male,0,No,No,11,Yes,No,No,No internet service,No internet service,No internet service,No internet service,No internet service,No internet service,One year,No,Credit card (automatic),23.58,263.89,3,2,0
CUST-12439,Male,0,No,No,4,Yes,Yes,DSL,No,Yes,No,No,Yes,No,Month-to-month,Yes,Bank transfer (automatic),56.79,193.26,1,1,1
CUST-12440,Male,0,No,No,2,Yes,No,No,No internet service,No internet service,No internet service,No internet service,No internet service,No internet service,One year,Yes,Credit card (automatic),18.25,40.08,2,3,0
CUST-12441,Female,0,Yes,Yes,21,Yes,No,No,No internet service,No internet service,No internet service,No internet service,No internet service,No internet service,Month-to-month,Yes,Mailed check,26.76,584.91,2,3,0
CUST-12442,Female,1,Yes,Yes,72,Yes,Yes,Fiber optic,No,Yes,Yes,Yes,No,Yes,Month-to-month,Yes,Bank transfer (automatic),105.4,7609.12,2,1,0
CUST-12443,Female,0,No,No,43,No,No phone service,Fiber optic,Yes,Yes,Yes,Yes,No,Yes,Month-to-month,Yes,Mailed check,111.6,4813.33,2,2,0
CUST-12444,Female,0,Yes,Yes,14,Yes,No,DSL,No,No,No,No,Yes,No,One year,No,Credit card (automatic),50.0,694.55,2,4,0
CUST-12445,Male,1,Yes,No,19,No,No phone service,No,No internet service,No internet service,No internet service,No internet service,No internet service,No internet service,One year,Yes,Credit card (automatic),18.25,373.1,1,4,0
CUST-12446,Male,0,Yes,Yes,8,Yes,No,Fiber optic,Yes,Yes,Yes,Yes,No,Yes,Month-to-month,No,Credit card (automatic),112.64,903.84,1,1,1
CUST-12447,Male,0,Yes,No,4,No,No phone service,DSL,Yes,No,No,No,Yes,No,Month-to-month,Yes,Credit card (automatic),63.45,226.87,0,1,1
CUST-12448,Female,0,No,No,16,Yes,Yes,Fiber optic,Yes,No,No,No,No,Yes,Month-to-month,Yes,Credit card (automatic),86.65,1375.48,1,5,0
CUST-12449,Male,1,Yes,No,15,No,No phone service,Fiber optic,No,No,No,No,No,No,One year,No,Credit card (automatic),74.27,1122.04,1,3,0
CUST-12450,Male,0,No,No,18,Yes,No,DSL,Yes,No,No,No,No,Yes,Two year,Yes,Electronic check,65.36,1154.59,1,4,0
CUST-12451,Female,0,No,Yes,72,No,No phone service,DSL,No,No,No,No,Yes,Yes,One year,Yes,Electronic check,55.4,3977.66,3,3,0
CUST-12452,Female,0,Yes,No,23,Yes,Yes,DSL,No,No,No,Yes,No,No,Two year,Yes,Credit card (automatic),56.29,1276.33,1,3,0
CUST-12453,Male,0,Yes,No,23,Yes,No,No,No internet service,No internet service,No internet service,No internet service,No internet service,No internet service,Two year,No,Bank transfer (automatic),26.3,612.29,2,3,0
CUST-12454,Male,0,Yes,No,3,Yes,No,Fiber optic,No,No,Yes,No,No,No,Month-to-month,Yes,Credit card (automatic),82.62,234.66,0,2,1
CUST-12455,Male,0,Yes,No,72,Yes,No,Fiber optic,No,Yes,No,No,Yes,Yes,One year,No,Bank transfer (automatic),101.45,7317.1,0,4,0
CUST-12456,Male,0,No,No,37,Yes,No,No,No internet service,No internet service,No internet service,No internet service,No internet service,No internet service,Month-to-month,Yes,Electronic check,18.25,675.94,2,3,0
CUST-12457,Male,0,No,No,52,No,No phone service,DSL,No,No,No,No,Yes,Yes,Two year,Yes,Credit card (automatic),59.2,3036.5,1,5,0
CUST-12458,Male,0,No,No,13,Yes,No,Fiber optic,Yes,No,No,No,Yes,No,One year,No,Bank transfer (automatic),93.24,1211.15,1,1,1
CUST-12459,Female,0,Yes,No,17,Yes,No,DSL,No,Yes,No,No,No,No,One year,No,Bank transfer (automatic),48.17,799.97,2,4,0
CUST-12460,Female,0,No,No,18,Yes,Yes,No,No internet service,No internet service,No internet service,No internet service,No internet service,No internet service,Month-to-month,No,Mailed check,23.92,441.73,2,5,0
CUST-12461,Female,0,No,No,5,Yes,No,DSL,Yes,Yes,Yes,No,Yes,No,One year,No,Bank transfer (automatic),82.57,403.74,1,1,0
CUST-12462,Male,0,No,No,29,Yes,Yes,No,No internet service,No internet service,No internet service,No internet service,No internet service,No internet service,One year,Yes,Mailed check,18.25,548.37,1,2,0
CUST-12463,Female,0,No,Yes,58,Yes,No,Fiber optic,No,No,No,No,Yes,No,Month-to-month,No,Credit card (automatic),84.73,4939.37,1,1,0
CUST-12464,Male,0,No,No,4,Yes,No,Fiber optic,Yes,Yes,No,No,Yes,Yes,Month-to-month,Yes,Credit card (automatic),107.89,417.36,1,2,1
CUST-12465,Male,0,No,No,2,Yes,No,No,No internet service,No internet service,No internet service,No internet service,No internet service,No internet service,One year,Yes,Electronic check,24.81,68.98,1,3,0
CUST-12466,Female,1,No,No,33,Yes,No,DSL,Yes,No,No,No,No,Yes,Month-to-month,Yes,Electronic check,56.57,1849.76,0,2,1
CUST-12467,Male,0,Yes,No,7,Yes,Yes,Fiber optic,Yes,No,Yes,No,No,No,Month-to-month,No,Electronic check,88.04,614.37,2,4,1
CUST-12468,Male,1,No,No,24,Yes,Yes,DSL,No,No,No,Yes,No,No,One year,No,Bank transfer (automatic),54.44,1302.58,4,5,0
CUST-12469,Female,0,Yes,No,29,Yes,No,DSL,No,No,No,No,Yes,Yes,Month-to-month,Yes,Credit card (automatic),60.27,1737.78,4,1,1
CUST-12470,Female,0,Yes,No,9,Yes,No,Fiber optic,Yes,No,No,No,Yes,No,Month-to-month,Yes,Mailed check,95.47,866.5,1,3,1
CUST-12471,Female,1,No,No,42,Yes,Yes,DSL,No,No,No,Yes,No,No,Two year,Yes,Electronic check,51.58,2190.39,2,1,0
CUST-12472,Male,0,No,Yes,19,Yes,Yes,Fiber optic,Yes,No,Yes,Yes,No,No,Month-to-month,Yes,Credit card (automatic),96.23,1837.66,0,3,1
CUST-12473,Female,0,Yes,Yes,50,Yes,No,Fiber optic,Yes,No,No,No,Yes,No,Month-to-month,Yes,Electronic check,91.11,4554.0,1,2,0
CUST-12474,Female,0,Yes,Yes,36,Yes,Yes,DSL,No,No,No,Yes,Yes,Yes,Month-to-month,Yes,Electronic check,68.54,2440.43,0,4,0
CUST-12475,Male,0,Yes,No,50,Yes,No,Fiber optic,No,No,No,No,No,No,Month-to-month,No,Electronic check,74.64,3681.81,2,5,0
CUST-12476,Female,0,No,No,1,Yes,No,Fiber optic,Yes,Yes,Yes,Yes,Yes,No,Month-to-month,No,Credit card (automatic),109.74,103.47,2,3,1
CUST-12477,Female,0,No,Yes,6,Yes,No,No,No internet service,No internet service,No internet service,No internet service,No internet service,No internet service,Month-to-month,Yes,Electronic check,20.43,89.76,1,5,0
CUST-12478,Female,0,No,No,2,Yes,Yes,DSL,Yes,Yes,No,No,No,Yes,Month-to-month,No,Electronic check,68.89,115.22,1,4,1
CUST-12479,Male,0,No,No,14,Yes,Yes,DSL,No,No,No,No,No,No,One year,Yes,Credit card (automatic),42.45,598.87,1,1,0
CUST-12480,Male,1,Yes,Yes,55,Yes,No,Fiber optic,Yes,Yes,No,No,Yes,No,One year,Yes,Electronic check,94.09,5152.79,3,3,0
CUST-12481,Male,0,No,No,15,Yes,No,Fiber optic,No,No,No,No,No,Yes,Month-to-month,Yes,Bank transfer (automatic),83.61,1240.59,0,2,1
CUST-12482,Male,0,Yes,No,47,Yes,Yes,DSL,Yes,Yes,No,No,No,No,Two year,Yes,Electronic check,69.28,3261.12,2,2,0
CUST-12483,Female,0,No,No,9,Yes,Yes,Fiber optic,No,Yes,Yes,Yes,No,Yes,Two year,No,Bank transfer (automatic),108.8,984.39,3,4,0
CUST-12484,Male,0,No,No,10,Yes,Yes,DSL,No,Yes,Yes,Yes,No,Yes,One year,Yes,Electronic check,74.44,736.74,0,2,0
CUST-12485,Male,0,No,No,56,Yes,No,Fiber optic,No,No,No,No,No,No,Month-to-month,No,Bank transfer (automatic),74.39,4135.21,1,3,0
CUST-12486,Female,0,Yes,No,13,Yes,No,DSL,No,No,No,No,No,Yes,Month-to-month,No,Mailed check,53.02,680.96,2,1,0
CUST-12487,Female,0,Yes,No,38,Yes,Yes,Fiber optic,No,Yes,No,Yes,Yes,No,One year,Yes,Credit card (automatic),95.77,3642.05,1,3,0
CUST-12488,Female,0,Yes,No,6,Yes,No,Fiber optic,Yes,No,No,No,No,No,Month-to-month,Yes,Bank transfer (automatic),83.74,503.03,2,1,1
CUST-12489,Male,0,No,No,72,No,No phone service,No,No internet service,No internet service,No internet service,No internet service,No internet service,No internet service,Month-to-month,Yes,Credit card (automatic),18.25,1334.57,4,4,0
CUST-12490,Male,1,Yes,No,21,Yes,No,No,No internet service,No internet service,No internet service,No internet service,No internet service,No internet service,Two year,Yes,Mailed check,18.67,381.72,0,4,0
CUST-12491,Male,0,Yes,No,35,Yes,No,Fiber optic,No,Yes,No,Yes,Yes,No,One year,No,Bank transfer (automatic),101.62,3529.28,2,2,0
CUST-12492,Female,0,Yes,Yes,2,No,No phone service,No,No internet service,No internet service,No internet service,No internet service,No internet service,No internet service,Month-to-month,Yes,Credit card (automatic),22.19,38.02,0,1,1
CUST-12493,Female,0,No,No,16,Yes,No,DSL,Yes,No,No,No,Yes,Yes,Month-to-month,No,Electronic check,69.62,1106.53,5,1,1
CUST-12494,Male,0,Yes,No,57,Yes,No,Fiber optic,Yes,Yes,Yes,No,No,No,Month-to-month,Yes,Electronic check,100.92,5754.73,0,2,1
CUST-12495,Female,1,No,No,52,Yes,No,Fiber optic,No,No,No,No,No,Yes,Month-to-month,Yes,Bank transfer (automatic),81.54,4266.86,4,3,0
CUST-12496,Female,0,No,Yes,1,Yes,No,Fiber optic,No,Yes,No,No,No,Yes,Month-to-month,Yes,Mailed check,85.85,63.92,2,4,1
CUST-12497,Female,0,No,Yes,9,No,No phone service,DSL,No,No,Yes,Yes,Yes,No,One year,No,Mailed check,68.15,620.07,2,1,0
CUST-12498,Male,0,Yes,No,14,Yes,No,DSL,No,No,No,No,No,Yes,Two year,Yes,Mailed check,53.94,763.53,2,4,0
CUST-12499,Female,0,Yes,Yes,4,No,No phone service,No,No internet service,No internet service,No internet service,No internet service,No internet service,No internet service,One year,Yes,Credit card (automatic),25.24,96.51,2,3,0
CUST-12500,Female,0,Yes,No,32,Yes,No,No,No internet service,No internet service,No internet service,No internet service,No internet service,No internet service,Month-to-month,Yes,Electronic check,18.25,585.23,4,3,0
CUST-12501,Male,0,Yes,No,5,Yes,Yes,No,No internet service,No internet service,No internet service,No internet service,No internet service,No internet service,Month-to-month,Yes,Mailed check,19.26,95.42,1,5,0
CUST-12502,Male,1,Yes,No,10,Yes,Yes,No,No internet service,No internet service,No internet service,No internet service,No internet service,No internet service,Month-to-month,Yes,Electronic check,23.57,236.42,4,5,0
CUST-12503,Female,0,No,Yes,27,No,No phone service,No,No internet service,No internet service,No internet service,No internet service,No internet service,No internet service,Month-to-month,No,Credit card (automatic),22.71,655.48,3,4,0
CUST-12504,Female,1,Yes,Yes,16,Yes,No,Fiber optic,No,Yes,No,No,No,Yes,Two year,Yes,Electronic check,85.63,1380.42,1,4,0
CUST-12505,Male,0,No,Yes,33,Yes,Yes,Fiber optic,Yes,Yes,No,No,Yes,No,Month-to-month,No,Electronic check,101.01,3313.9,0,4,0
CUST-12506,Male,0,Yes,Yes,72,Yes,No,DSL,No,No,No,No,No,Yes,Month-to-month,No,Credit card (automatic),57.76,4160.28,5,4,0
CUST-12507,Female,1,No,No,3,Yes,Yes,DSL,Yes,No,Yes,No,Yes,Yes,One year,Yes,Bank transfer (automatic),73.51,271.17,3,1,1
CUST-12508,Female,0,No,No,30,Yes,No,Fiber optic,No,Yes,Yes,No,Yes,No,Month-to-month,Yes,Credit card (automatic),101.0,3026.6,2,5,0
CUST-12509,Female,0,No,Yes,6,Yes,No,No,No internet service,No internet service,No internet service,No internet service,No internet service,No internet service,One year,No,Mailed check,22.05,70.04,1,3,0
CUST-12510,Female,0,No,Yes,13,No,No phone service,No,No internet service,No internet service,No internet service,No internet service,No internet service,No internet service,Two year,Yes,Mailed check,18.25,223.08,1,3,0
CUST-12511,Male,0,No,Yes,1,Yes,No,DSL,Yes,Yes,Yes,Yes,Yes,No,One year,Yes,Credit card (automatic),78.66,74.41,4,3,0
CUST-12512,Female,0,No,No,3,Yes,Yes,DSL,No,No,Yes,Yes,No,No,Two year,Yes,Credit card (automatic),61.27,180.25,3,2,0
CUST-12513,Female,0,Yes,No,9,Yes,No,No,No internet service,No internet service,No internet service,No internet service,No internet service,No internet service,Month-to-month,Yes,Bank transfer (automatic),23.37,240.81,0,3,0
CUST-12514,Male,0,No,No,10,Yes,Yes,Fiber optic,No,Yes,No,Yes,No,Yes,Month-to-month,Yes,Credit card (automatic),96.49,974.41,1,4,1
CUST-12515,Female,0,Yes,No,57,Yes,Yes,Fiber optic,Yes,No,Yes,No,No,Yes,Month-to-month,Yes,Credit card (automatic),94.01,5347.94,1,2,0
CUST-12516,Male,0,Yes,No,33,Yes,Yes,No,No internet service,No internet service,No internet service,No internet service,No internet service,No internet service,One year,Yes,Mailed check,18.25,610.5,1,4,0
CUST-12517,Female,0,Yes,No,72,Yes,No,DSL,No,No,Yes,No,No,No,Month-to-month,Yes,Credit card (automatic),52.92,3804.95,4,2,0
CUST-12518,Female,0,Yes,Yes,22,Yes,No,Fiber optic,No,Yes,No,No,Yes,No,Month-to-month,Yes,Electronic check,87.78,1926.25,0,4,1
CUST-12519,Male,1,Yes,No,6,Yes,No,No,No internet service,No internet service,No internet service,No internet service,No internet service,No internet service,Month-to-month,Yes,Credit card (automatic),18.25,137.89,1,3,0
CUST-12520,Male,0,Yes,Yes,9,Yes,No,Fiber optic,Yes,No,No,No,Yes,Yes,One year,No,Electronic check,102.64,956.94,1,4,0
CUST-12521,Female,0,Yes,No,9,Yes,No,DSL,Yes,No,Yes,No,Yes,Yes,One year,Yes,Electronic check,77.33,706.82,1,3,0
CUST-12522,Female,1,No,Yes,9,Yes,No,DSL,No,No,No,Yes,Yes,No,Month-to-month,Yes,Credit card (automatic),62.09,546.67,1,2,1
CUST-12523,Female,0,Yes,No,27,Yes,No,Fiber optic,Yes,No,No,Yes,No,No,One year,No,Credit card (automatic),89.85,2459.14,1,4,0
CUST-12524,Male,1,No,Yes,18,Yes,No,Fiber optic,No,No,No,Yes,Yes,Yes,Two year,Yes,Electronic check,99.12,1793.38,0,3,0
CUST-12525,Female,0,Yes,No,12,Yes,No,No,No internet service,No internet service,No internet service,No internet service,No internet service,No internet service,Month-to-month,No,Mailed check,20.94,255.31,0,5,0
CUST-12526,Male,0,No,No,4,Yes,Yes,Fiber optic,No,Yes,Yes,No,Yes,Yes,Month-to-month,No,Bank transfer (automatic),103.98,402.16,0,4,0
CUST-12527,Male,0,No,No,1,No,No phone service,Fiber optic,Yes,No,No,No,Yes,No,Two year,Yes,Electronic check,89.95,86.96,1,3,0
CUST-12528,Female,0,No,No,6,Yes,Yes,DSL,No,Yes,Yes,No,No,Yes,Month-to-month,No,Electronic check,71.2,472.98,3,2,1
CUST-12529,Male,0,No,No,2,Yes,Yes,Fiber optic,Yes,No,No,No,Yes,Yes,Two year,Yes,Mailed check,98.57,158.83,0,3,0
CUST-12530,Female,0,Yes,No,38,Yes,Yes,No,No internet service,No internet service,No internet service,No internet service,No internet service,No internet service,Month-to-month,No,Mailed check,27.22,1090.89,2,3,0
CUST-12531,Female,0,No,No,2,Yes,No,Fiber optic,No,Yes,Yes,Yes,Yes,No,Month-to-month,Yes,Bank transfer (automatic),108.89,251.34,2,5,1
CUST-12532,Female,0,No,Yes,32,Yes,No,DSL,No,Yes,No,No,No,No,Month-to-month,Yes,Electronic check,52.31,1703.4,4,4,0
CUST-12533,Female,0,No,No,12,No,No phone service,Fiber optic,Yes,No,Yes,Yes,Yes,Yes,Two year,No,Credit card (automatic),113.16,1366.3,1,2,1
CUST-12534,Female,0,No,No,1,Yes,No,No,No internet service,No internet service,No internet service,No internet service,No internet service,No internet service,Month-to-month,No,Mailed check,20.07,18.25,1,2,1
CUST-12535,Male,0,Yes,No,41,Yes,Yes,DSL,No,No,No,No,Yes,Yes,Two year,Yes,Credit card (automatic),64.26,2624.55,3,3,0
CUST-12536,Male,0,No,No,21,Yes,No,Fiber optic,No,No,No,No,No,No,Month-to-month,Yes,Bank transfer (automatic),71.53,1476.51,1,1,1
CUST-12537,Female,1,Yes,No,6,Yes,No,No,No internet service,No internet service,No internet service,No internet service,No internet service,No internet service,Month-to-month,No,Mailed check,19.64,112.09,2,4,0
CUST-12538,Female,0,No,No,56,Yes,Yes,Fiber optic,Yes,No,Yes,No,No,No,Month-to-month,Yes,Electronic check,92.15,5156.26,1,1,1
CUST-12539,Male,1,Yes,No,1,Yes,No,DSL,No,No,Yes,Yes,Yes,No,Month-to-month,No,Electronic check,69.15,79.17,1,3,1
CUST-12540,Male,0,No,No,5,No,No phone service,No,No internet service,No internet service,No internet service,No internet service,No internet service,No internet service,Month-to-month,No,Mailed check,24.52,96.81,1,5,0
CUST-12541,Male,0,Yes,Yes,34,Yes,No,DSL,No,No,No,No,No,No,Two year,Yes,Mailed check,43.81,1470.08,1,4,0
CUST-12542,Male,0,Yes,Yes,30,Yes,Yes,DSL,No,Yes,Yes,Yes,No,No,Two year,No,Bank transfer (automatic),62.84,1859.82,1,4,0
CUST-12543,Female,0,No,No,8,Yes,No,Fiber optic,No,No,No,No,No,No,Month-to-month,No,Credit card (automatic),76.56,619.28,1,4,0
CUST-12544,Female,0,No,No,1,Yes,Yes,Fiber optic,No,Yes,Yes,No,Yes,No,One year,Yes,Mailed check,98.16,111.56,0,5,0
CUST-12545,Male,0,No,No,48,Yes,Yes,Fiber optic,No,No,No,No,Yes,No,Month-to-month,Yes,Electronic check,83.92,4054.5,1,5,0
CUST-12546,Female,0,Yes,Yes,9,Yes,No,No,No internet service,No internet service,No internet service,No internet service,No internet service,No internet service,Two year,Yes,Credit card (automatic),18.9,153.71,2,2,0
CUST-12547,Male,0,Yes,No,5,Yes,No,No,No internet service,No internet service,No internet service,No internet service,No internet service,No internet service,Month-to-month,Yes,Bank transfer (automatic),21.91,104.98,4,2,1
CUST-12548,Female,0,No,No,18,Yes,No,Fiber optic,No,Yes,Yes,No,No,Yes,Month-to-month,No,Electronic check,96.82,1724.08,1,5,1
CUST-12549,Male,0,No,No,60,Yes,No,Fiber optic,No,No,No,No,No,Yes,Month-to-month,Yes,Electronic check,84.58,5057.64,1,2,0
CUST-12550,Female,0,No,No,1,Yes,No,Fiber optic,No,No,No,No,Yes,No,One year,Yes,Electronic check,82.12,91.46,5,3,1
CUST-12551,Male,0,Yes,No,36,Yes,Yes,Fiber optic,Yes,No,No,No,Yes,Yes,Month-to-month,Yes,Electronic check,102.28,3735.47,1,1,1
CUST-12552,Male,0,No,Yes,21,Yes,No,Fiber optic,No,Yes,No,No,Yes,Yes,One year,Yes,Credit card (automatic),92.22,1926.03,1,4,0
CUST-12553,Female,0,Yes,No,13,Yes,No,DSL,No,No,Yes,No,Yes,Yes,Two year,Yes,Bank transfer (automatic),62.2,775.08,1,1,0
CUST-12554,Male,0,No,No,34,No,No phone service,No,No internet service,No internet service,No internet service,No internet service,No internet service,No internet service,Month-to-month,No,Credit card (automatic),22.0,786.71,2,3,0
CUST-12555,Female,0,Yes,No,72,Yes,No,DSL,Yes,Yes,No,No,Yes,No,Month-to-month,Yes,Credit card (automatic),63.1,4509.72,3,2,0
CUST-12556,Female,0,Yes,Yes,6,No,No phone service,DSL,No,Yes,No,Yes,No,No,Month-to-month,Yes,Electronic check,60.52,356.2,1,1,1
CUST-12557,Male,0,No,No,3,Yes,No,DSL,No,No,No,Yes,Yes,No,Month-to-month,No,Mailed check,58.56,176.51,0,2,1
CUST-12558,Female,0,No,Yes,61,Yes,No,DSL,No,No,No,No,No,Yes,Month-to-month,No,Credit card (automatic),56.55,3469.19,1,4,0
CUST-12559,Female,0,Yes,No,27,Yes,Yes,DSL,No,No,No,No,Yes,No,Month-to-month,Yes,Electronic check,52.68,1450.1,4,1,1
CUST-12560,Female,1,Yes,Yes,14,Yes,No,Fiber optic,No,No,No,No,Yes,No,Two year,Yes,Electronic check,80.95,1128.34,0,4,0
CUST-12561,Female,1,Yes,Yes,21,Yes,No,Fiber optic,Yes,No,No,Yes,No,Yes,Month-to-month,Yes,Mailed check,102.56,2192.19,2,4,1
CUST-12562,Female,0,No,Yes,34,Yes,No,DSL,Yes,Yes,No,Yes,Yes,Yes,Month-to-month,Yes,Mailed check,84.44,2866.55,2,1,0
CUST-12563,Male,0,Yes,Yes,37,Yes,No,No,No internet service,No internet service,No internet service,No internet service,No internet service,No internet service,Month-to-month,No,Electronic check,18.25,648.65,1,3,0
CUST-12564,Female,0,Yes,Yes,63,Yes,Yes,DSL,Yes,Yes,No,No,No,Yes,Month-to-month,No,Mailed check,61.75,3888.94,3,4,0
CUST-12565,Female,0,No,No,13,Yes,Yes,No,No internet service,No internet service,No internet service,No internet service,No internet service,No internet service,Month-to-month,Yes,Electronic check,23.98,306.49,2,5,0
CUST-12566,Female,0,No,Yes,8,Yes,Yes,Fiber optic,No,Yes,No,No,Yes,Yes,Two year,Yes,Electronic check,98.51,778.85,1,3,0
CUST-12567,Female,0,No,No,25,No,No phone service,No,No internet service,No internet service,No internet service,No internet service,No internet service,No internet service,Month-to-month,Yes,Electronic check,22.59,584.11,4,4,0
CUST-12568,Female,1,No,Yes,13,Yes,No,No,No internet service,No internet service,No internet service,No internet service,No internet service,No internet service,Two year,Yes,Electronic check,23.53,275.33,0,4,0
CUST-12569,Male,0,No,No,22,Yes,No,DSL,No,No,No,No,No,Yes,Month-to-month,No,Electronic check,54.3,1206.34,1,3,0
CUST-12570,Female,0,No,No,13,Yes,Yes,No,No internet service,No internet service,No internet service,No internet service,No internet service,No internet service,Month-to-month,No,Bank transfer (automatic),20.93,273.36,3,4,0
CUST-12571,Male,0,No,Yes,4,Yes,No,DSL,No,No,Yes,No,Yes,No,Month-to-month,Yes,Credit card (automatic),59.67,216.41,1,3,1
CUST-12572,Male,0,No,No,15,No,No phone service,Fiber optic,No,No,No,No,Yes,Yes,Month-to-month,Yes,Credit card (automatic),91.3,1372.59,0,4,0
CUST-12573,Male,0,Yes,Yes,29,Yes,Yes,Fiber optic,No,No,Yes,No,Yes,No,Month-to-month,No,Credit card (automatic),89.02,2612.06,3,4,0
CUST-12574,Male,1,No,No,40,Yes,Yes,DSL,Yes,Yes,Yes,No,Yes,No,Two year,Yes,Bank transfer (automatic),79.01,3172.94,0,4,0
CUST-12575,Female,0,Yes,No,16,Yes,Yes,No,No internet service,No internet service,No internet service,No internet service,No internet service,No internet service,Two year,No,Credit card (automatic),22.12,342.47,1,1,0
CUST-12576,Male,0,Yes,Yes,4,No,No phone service,Fiber optic,Yes,No,No,No,Yes,No,One year,Yes,Credit card (automatic),94.46,394.73,3,5,0
CUST-12577,Male,0,Yes,No,13,Yes,No,DSL,Yes,Yes,No,Yes,No,No,Two year,Yes,Bank transfer (automatic),68.51,864.7,2,1,0
CUST-12578,Female,0,Yes,Yes,38,Yes,No,DSL,No,Yes,No,Yes,Yes,Yes,Month-to-month,No,Bank transfer (automatic),75.25,2868.7,0,4,0
CUST-12579,Female,0,No,No,13,Yes,Yes,Fiber optic,No,No,Yes,No,Yes,No,Month-to-month,Yes,Electronic check,89.75,1199.79,2,2,1
CUST-12580,Female,0,No,No,29,No,No phone service,Fiber optic,Yes,No,No,No,Yes,Yes,Month-to-month,Yes,Electronic check,102.63,2951.09,1,4,1
CUST-12581,Male,0,No,No,17,No,No phone service,Fiber optic,No,No,Yes,No,Yes,Yes,Month-to-month,Yes,Electronic check,93.96,1617.11,1,1,1
CUST-12582,Female,0,No,No,6,Yes,No,Fiber optic,Yes,Yes,No,No,No,No,Month-to-month,Yes,Bank transfer (automatic),84.47,485.82,2,2,1
CUST-12583,Female,0,No,Yes,39,Yes,Yes,Fiber optic,No,No,No,No,Yes,No,Month-to-month,No,Electronic check,81.93,3194.38,1,1,1
CUST-12584,Male,0,Yes,Yes,2,Yes,Yes,Fiber optic,Yes,No,Yes,No,No,No,One year,Yes,Credit card (automatic),89.69,148.71,1,4,0
CUST-12585,Female,0,No,Yes,18,Yes,Yes,Fiber optic,No,No,No,No,Yes,No,Month-to-month,Yes,Mailed check,85.83,1568.09,1,2,1
CUST-12586,Female,0,No,No,5,Yes,Yes,DSL,No,No,Yes,Yes,No,Yes,Month-to-month,Yes,Electronic check,71.68,335.85,1,5,1
CUST-12587,Female,0,Yes,Yes,1,Yes,No,DSL,No,No,Yes,No,Yes,No,One year,No,Mailed check,59.64,54.4,0,3,0
CUST-12588,Female,0,No,No,17,Yes,No,DSL,No,No,No,Yes,No,Yes,Two year,Yes,Bank transfer (automatic),58.78,1024.29,0,4,0
CUST-12589,Male,0,Yes,No,17,Yes,Yes,DSL,No,Yes,No,Yes,No,No,Two year,Yes,Electronic check,52.81,908.73,0,4,0
CUST-12590,Female,0,Yes,Yes,30,Yes,Yes,No,No internet service,No internet service,No internet service,No internet service,No internet service,No internet service,Month-to-month,Yes,Electronic check,27.11,831.6,0,5,0
CUST-12591,Female,0,Yes,No,34,Yes,Yes,No,No internet service,No internet service,No internet service,No internet service,No internet service,No internet service,One year,Yes,Bank transfer (automatic),21.9,765.12,0,3,0
CUST-12592,Male,0,Yes,No,32,Yes,Yes,No,No internet service,No internet service,No internet service,No internet service,No internet service,No internet service,One year,Yes,Credit card (automatic),24.01,776.41,1,4,0
CUST-12593,Female,0,No,No,13,Yes,No,Fiber optic,No,Yes,No,No,Yes,Yes,Month-to-month,Yes,Bank transfer (automatic),100.83,1349.55,1,3,1
CUST-12594,Male,0,No,No,24,Yes,Yes,No,No internet service,No internet service,No internet service,No internet service,No internet service,No internet service,One year,No,Mailed check,18.25,449.19,2,2,0
CUST-12595,Female,0,Yes,No,21,Yes,No,DSL,Yes,No,No,No,Yes,No,Month-to-month,Yes,Bank transfer (automatic),58.54,1226.28,2,4,0
CUST-12596,Male,1,No,No,13,Yes,Yes,Fiber optic,No,No,Yes,Yes,Yes,No,Two year,Yes,Bank transfer (automatic),97.51,1261.61,1,3,0
CUST-12597,Male,0,No,No,22,No,No phone service,Fiber optic,No,Yes,Yes,No,Yes,Yes,One year,Yes,Electronic check,104.51,2292.74,1,3,0
CUST-12598,Male,0,Yes,No,72,Yes,Yes,DSL,Yes,Yes,No,No,No,No,One year,No,Electronic check,62.54,4501.64,0,2,0
CUST-12599,Male,0,Yes,Yes,5,Yes,No,Fiber optic,Yes,Yes,Yes,No,No,Yes,Month-to-month,No,Credit card (automatic),100.98,523.62,0,4,1
CUST-12600,Female,0,No,No,59,Yes,Yes,Fiber optic,Yes,No,No,Yes,Yes,No,Two year,No,Credit card (automatic),96.25,5652.02,1,5,0
CUST-12601,Male,0,No,Yes,1,No,No phone service,DSL,Yes,Yes,No,Yes,No,No,Two year,No,Mailed check,67.51,29.27,2,3,0
CUST-12602,Female,0,No,Yes,9,Yes,Yes,DSL,Yes,No,No,Yes,Yes,No,Two year,Yes,Bank transfer (automatic),64.68,545.96,2,3,0
CUST-12603,Male,0,Yes,No,8,Yes,Yes,No,No internet service,No internet service,No internet service,No internet service,No internet service,No internet service,Month-to-month,Yes,Electronic check,22.86,164.3,0,4,0
CUST-12604,Male,0,No,No,24,Yes,Yes,DSL,No,No,Yes,No,No,No,Month-to-month,No,Bank transfer (automatic),53.38,1281.83,2,2,1
CUST-12605,Male,0,Yes,No,3,No,No phone service,DSL,No,Yes,No,Yes,No,Yes,Month-to-month,No,Electronic check,71.16,241.04,1,3,1
CUST-12606,Female,0,Yes,Yes,53,Yes,Yes,Fiber optic,No,No,No,No,No,Yes,Month-to-month,Yes,Electronic check,88.6,4695.99,2,2,1
CUST-12607,Male,0,No,No,44,Yes,Yes,DSL,Yes,No,No,No,Yes,No,Month-to-month,Yes,Electronic check,59.47,2621.98,1,3,0
CUST-12608,Female,0,Yes,No,26,No,No phone service,Fiber optic,Yes,No,No,No,No,Yes,One year,No,Bank transfer (automatic),92.56,2417.96,2,3,0
CUST-12609,Female,1,Yes,Yes,15,Yes,No,No,No internet service,No internet service,No internet service,No internet service,No internet service,No internet service,Month-to-month,No,Mailed check,18.25,288.57,1,5,0
CUST-12610,Female,1,Yes,No,67,Yes,No,Fiber optic,Yes,No,Yes,No,Yes,No,One year,Yes,Mailed check,93.11,6264.96,5,4,0
CUST-12611,Female,1,Yes,No,44,Yes,No,DSL,No,Yes,No,Yes,No,Yes,One year,Yes,Bank transfer (automatic),68.47,3003.57,0,3,0
CUST-12612,Female,0,No,No,17,Yes,No,Fiber optic,Yes,No,Yes,Yes,Yes,No,Two year,No,Credit card (automatic),104.07,1761.18,1,4,0
CUST-12613,Female,0,No,Yes,30,Yes,No,No,No internet service,No internet service,No internet service,No internet service,No internet service,No internet service,Two year,Yes,Credit card (automatic),24.84,735.89,0,3,0
CUST-12614,Female,0,Yes,Yes,20,Yes,Yes,No,No internet service,No internet service,No internet service,No internet service,No internet service,No internet service,One year,No,Mailed check,21.86,466.85,1,3,0
CUST-12615,Female,0,Yes,No,22,Yes,Yes,Fiber optic,Yes,No,No,No,Yes,No,Two year,Yes,Bank transfer (automatic),85.71,1902.28,3,1,0
CUST-12616,Female,0,Yes,No,10,Yes,Yes,DSL,No,No,No,Yes,No,Yes,Month-to-month,No,Credit card (automatic),60.92,612.12,1,1,1
CUST-12617,Male,0,No,No,15,Yes,No,DSL,No,Yes,No,No,No,No,Month-to-month,Yes,Credit card (automatic),51.15,811.77,0,4,0
CUST-12618,Male,0,Yes,Yes,2,Yes,Yes,No,No internet service,No internet service,No internet service,No internet service,No internet service,No internet service,Month-to-month,No,Mailed check,24.01,41.21,2,2,0
CUST-12619,Male,0,No,No,11,Yes,Yes,DSL,No,Yes,No,No,No,Yes,One year,Yes,Mailed check,59.39,633.91,0,3,0
CUST-12620,Male,0,Yes,No,29,Yes,Yes,Fiber optic,Yes,No,No,No,Yes,No,Two year,Yes,Credit card (automatic),89.03,2554.59,1,3,0
CUST-12621,Male,1,Yes,Yes,72,Yes,Yes,Fiber optic,No,No,No,No,No,No,Month-to-month,Yes,Electronic check,72.02,5195.89,1,1,0
CUST-12622,Female,0,No,No,72,No,No phone service,DSL,No,Yes,No,Yes,No,No,Two year,No,Credit card (automatic),56.56,4046.89,3,5,0
CUST-12623,Female,0,No,No,20,Yes,Yes,Fiber optic,Yes,No,No,No,Yes,Yes,Two year,Yes,Credit card (automatic),95.13,1915.79,2,1,0
CUST-12624,Female,1,Yes,Yes,23,Yes,Yes,Fiber optic,Yes,Yes,Yes,Yes,Yes,No,Month-to-month,No,Bank transfer (automatic),115.41,2648.65,0,5,1
CUST-12625,Female,0,No,Yes,5,Yes,Yes,Fiber optic,No,No,No,Yes,No,No,Month-to-month,Yes,Bank transfer (automatic),87.61,424.81,3,4,1
CUST-12626,Female,0,No,No,29,No,No phone service,DSL,Yes,No,No,Yes,Yes,No,Two year,No,Electronic check,72.38,2115.54,0,5,0
CUST-12627,Female,0,No,No,1,Yes,Yes,No,No internet service,No internet service,No internet service,No internet service,No internet service,No internet service,Month-to-month,Yes,Electronic check,21.42,18.25,1,1,0
CUST-12628,Female,0,No,No,8,Yes,Yes,No,No internet service,No internet service,No internet service,No internet service,No internet service,No internet service,Month-to-month,No,Bank transfer (automatic),18.25,131.24,1,3,0
CUST-12629,Male,1,No,No,27,Yes,Yes,DSL,No,Yes,No,No,Yes,Yes,Month-to-month,No,Credit card (automatic),63.81,1722.32,0,5,0
CUST-12630,Male,0,No,Yes,9,Yes,Yes,No,No internet service,No internet service,No internet service,No internet service,No internet service,No internet service,Month-to-month,Yes,Electronic check,20.71,174.68,2,3,0
CUST-12631,Male,0,Yes,No,1,No,No phone service,Fiber optic,No,Yes,No,Yes,Yes,Yes,One year,Yes,Electronic check,101.99,117.97,0,3,1
CUST-12632,Male,0,No,No,44,Yes,No,DSL,No,No,No,No,Yes,No,Month-to-month,No,Electronic check,58.57,2605.38,1,4,0
CUST-12633,Female,0,Yes,Yes,9,Yes,Yes,Fiber optic,Yes,No,No,Yes,No,No,Two year,Yes,Bank transfer (automatic),92.31,877.05,4,2,0
CUST-12634,Female,1,Yes,No,1,Yes,Yes,DSL,Yes,No,No,No,Yes,Yes,Two year,No,Mailed check,67.53,58.74,1,4,0
CUST-12635,Female,0,Yes,Yes,1,Yes,Yes,No,No internet service,No internet service,No internet service,No internet service,No internet service,No internet service,Two year,Yes,Electronic check,20.73,18.25,2,2,0
CUST-12636,Male,0,Yes,Yes,7,Yes,Yes,No,No internet service,No internet service,No internet service,No internet service,No internet service,No internet service,Two year,No,Electronic check,20.01,111.81,2,2,0
CUST-12637,Female,0,No,Yes,4,No,No phone service,DSL,No,No,No,Yes,Yes,No,Month-to-month,No,Bank transfer (automatic),63.28,260.77,0,3,1
CUST-12638,Female,0,No,Yes,37,Yes,Yes,No,No internet service,No internet service,No internet service,No internet service,No internet service,No internet service,Month-to-month,No,Electronic check,21.01,802.56,1,1,0
CUST-12639,Female,1,No,No,9,Yes,No,No,No internet service,No internet service,No internet service,No internet service,No internet service,No internet service,Month-to-month,No,Electronic check,18.25,138.83,1,1,1
CUST-12640,Male,0,Yes,No,40,Yes,No,Fiber optic,Yes,No,Yes,Yes,Yes,No,Two year,Yes,Electronic check,106.04,4212.3,1,1,0
CUST-12641,Female,0,Yes,No,4,Yes,Yes,No,No internet service,No internet service,No internet service,No internet service,No internet service,No internet service,Two year,Yes,Credit card (automatic),19.32,135.07,1,4,0
CUST-12642,Male,0,No,No,16,Yes,No,Fiber optic,No,No,Yes,Yes,No,No,Month-to-month,Yes,Mailed check,88.82,1395.03,2,1,1
CUST-12643,Male,0,Yes,No,29,Yes,Yes,No,No internet service,No internet service,No internet service,No internet service,No internet service,No internet service,Month-to-month,Yes,Mailed check,19.02,537.53,1,1,0
CUST-12644,Male,0,No,No,26,Yes,Yes,Fiber optic,No,Yes,Yes,No,No,No,Month-to-month,Yes,Electronic check,89.53,2282.57,3,3,1
CUST-12645,Male,1,No,No,22,Yes,No,Fiber optic,Yes,No,Yes,No,No,No,Month-to-month,Yes,Mailed check,81.32,1734.38,0,3,1
CUST-12646,Female,0,No,No,64,Yes,Yes,DSL,Yes,No,No,Yes,No,No,Month-to-month,No,Bank transfer (automatic),61.67,3942.66,2,3,0
CUST-12647,Male,1,No,No,6,No,No phone service,Fiber optic,No,No,No,No,No,No,Two year,Yes,Electronic check,77.03,488.09,1,3,0
CUST-12648,Male,0,No,No,17,Yes,Yes,Fiber optic,No,Yes,No,No,No,Yes,Month-to-month,Yes,Credit card (automatic),86.86,1476.34,0,4,0
CUST-12649,Female,0,Yes,Yes,53,Yes,No,DSL,No,Yes,No,Yes,No,Yes,Month-to-month,Yes,Credit card (automatic),62.82,3287.14,1,1,0
CUST-12650,Female,0,No,No,2,Yes,No,No,No internet service,No internet service,No internet service,No internet service,No internet service,No internet service,Month-to-month,No,Credit card (automatic),24.35,47.37,2,5,0
CUST-12651,Male,0,Yes,No,1,Yes,No,Fiber optic,No,No,Yes,No,No,No,Month-to-month,Yes,Mailed check,88.97,55.29,2,2,1
CUST-12652,Female,1,Yes,No,6,Yes,No,No,No internet service,No internet service,No internet service,No internet service,No internet service,No internet service,One year,Yes,Electronic check,19.74,97.45,2,3,0
CUST-12653,Male,0,Yes,Yes,25,No,No phone service,No,No internet service,No internet service,No internet service,No internet service,No internet service,No internet service,Month-to-month,Yes,Bank transfer (automatic),23.38,586.13,1,5,0
CUST-12654,Male,0,No,No,7,Yes,No,DSL,Yes,No,No,No,No,Yes,Month-to-month,Yes,Electronic check,59.54,413.65,1,3,1
CUST-12655,Male,0,Yes,No,5,No,No phone service,DSL,Yes,No,Yes,No,No,No,One year,No,Electronic check,60.62,307.87,2,2,0
CUST-12656,Male,0,Yes,Yes,15,Yes,Yes,Fiber optic,Yes,Yes,No,No,No,Yes,Month-to-month,No,Mailed check,96.29,1465.38,4,5,1
CUST-12657,Female,0,Yes,No,23,Yes,Yes,Fiber optic,No,Yes,No,Yes,No,Yes,Two year,No,Mailed check,99.76,2293.58,3,4,0
CUST-12658,Male,0,No,Yes,7,No,No phone service,Fiber optic,No,Yes,No,No,Yes,Yes,One year,No,Electronic check,98.46,673.74,0,2,1
CUST-12659,Female,0,No,No,8,Yes,No,Fiber optic,Yes,Yes,Yes,No,No,No,Month-to-month,No,Mailed check,101.73,825.14,1,3,1
CUST-12660,Female,0,No,No,23,Yes,No,Fiber optic,Yes,Yes,No,No,Yes,Yes,Month-to-month,Yes,Mailed check,104.02,2358.79,1,3,1
CUST-12661,Female,0,No,No,72,Yes,Yes,Fiber optic,Yes,Yes,No,Yes,No,No,Two year,Yes,Credit card (automatic),98.88,7120.4,0,3,0
CUST-12662,Female,0,Yes,No,28,Yes,No,DSL,No,Yes,Yes,No,Yes,No,Month-to-month,Yes,Bank transfer (automatic),69.91,1983.31,0,1,1
CUST-12663,Male,0,Yes,No,38,Yes,Yes,DSL,Yes,No,No,No,No,No,Month-to-month,Yes,Electronic check,53.89,2033.91,2,3,0
CUST-12664,Female,0,No,Yes,11,Yes,Yes,No,No internet service,No internet service,No internet service,No internet service,No internet service,No internet service,Two year,No,Credit card (automatic),21.05,219.43,0,2,0
CUST-12665,Male,1,Yes,Yes,7,Yes,Yes,Fiber optic,No,Yes,Yes,No,Yes,Yes,Month-to-month,Yes,Credit card (automatic),109.38,802.76,3,2,1
CUST-12666,Female,0,Yes,Yes,15,Yes,No,Fiber optic,Yes,Yes,No,No,No,Yes,Month-to-month,No,Bank transfer (automatic),94.4,1420.55,5,3,1
CUST-12667,Female,0,Yes,Yes,41,Yes,No,DSL,No,No,No,No,Yes,No,One year,Yes,Credit card (automatic),54.29,2227.94,2,2,0
CUST-12668,Male,0,No,No,15,No,No phone service,Fiber optic,No,Yes,No,Yes,Yes,No,Two year,Yes,Electronic check,95.38,1436.15,0,4,0
CUST-12669,Male,0,Yes,No,46,Yes,Yes,No,No internet service,No internet service,No internet service,No internet service,No internet service,No internet service,Two year,No,Credit card (automatic),18.25,820.81,2,3,0
CUST-12670,Male,0,No,Yes,72,Yes,No,DSL,Yes,Yes,No,No,Yes,Yes,Month-to-month,No,Electronic check,73.89,5343.09,1,2,0
CUST-12671,Female,0,Yes,Yes,1,Yes,No,DSL,No,Yes,Yes,No,Yes,Yes,Two year,Yes,Bank transfer (automatic),76.1,107.23,2,1,0
CUST-12672,Female,0,No,No,1,Yes,No,Fiber optic,No,No,Yes,No,No,No,Month-to-month,Yes,Mailed check,83.94,78.24,3,4,1
CUST-12673,Male,0,Yes,No,4,Yes,No,Fiber optic,No,Yes,Yes,No,No,No,Month-to-month,Yes,Mailed check,89.31,365.4,3,4,1
CUST-12674,Male,0,Yes,No,12,Yes,Yes,Fiber optic,Yes,Yes,No,No,Yes,No,Month-to-month,Yes,Electronic check,99.96,1218.8,1,1,1
CUST-12675,Male,0,Yes,No,3,Yes,No,Fiber optic,No,Yes,Yes,Yes,No,Yes,Month-to-month,Yes,Mailed check,107.69,343.3,3,3,1
CUST-12676,Male,1,No,No,51,No,No phone service,Fiber optic,No,No,Yes,Yes,No,No,One year,Yes,Credit card (automatic),95.5,4893.45,3,4,0
CUST-12677,Female,0,Yes,Yes,1,Yes,Yes,DSL,Yes,Yes,No,No,Yes,No,Month-to-month,Yes,Credit card (automatic),66.28,36.73,0,5,0
CUST-12678,Male,0,No,No,9,Yes,Yes,Fiber optic,No,Yes,No,No,Yes,No,Month-to-month,Yes,Mailed check,87.76,803.39,3,1,1
CUST-12679,Male,1,No,Yes,5,Yes,No,DSL,No,No,Yes,No,Yes,Yes,Month-to-month,Yes,Bank transfer (automatic),67.84,369.84,1,2,1
CUST-12680,Male,0,No,Yes,67,Yes,No,Fiber optic,Yes,No,No,No,Yes,No,Month-to-month,No,Credit card (automatic),85.84,5763.05,3,1,0
CUST-12681,Male,0,Yes,Yes,27,Yes,No,Fiber optic,Yes,Yes,No,Yes,Yes,No,One year,No,Electronic check,111.66,3045.69,0,3,0
CUST-12682,Female,0,Yes,No,60,Yes,No,Fiber optic,No,No,No,No,Yes,Yes,One year,Yes,Credit card (automatic),89.04,5342.27,2,3,0
CUST-12683,Male,1,Yes,No,72,Yes,No,Fiber optic,Yes,Yes,Yes,Yes,Yes,Yes,One year,Yes,Electronic check,117.62,8476.28,2,3,0
CUST-12684,Female,0,No,Yes,17,Yes,Yes,Fiber optic,No,Yes,No,No,Yes,Yes,One year,Yes,Credit card (automatic),97.73,1660.71,2,4,0
CUST-12685,Male,1,No,No,6,Yes,No,Fiber optic,No,No,Yes,Yes,Yes,No,Month-to-month,Yes,Credit card (automatic),97.79,597.47,0,5,1
CUST-12686,Male,0,No,No,5,Yes,Yes,Fiber optic,No,No,No,No,Yes,No,Two year,Yes,Electronic check,83.22,431.99,1,2,0
CUST-12687,Female,0,No,No,6,Yes,Yes,Fiber optic,Yes,Yes,Yes,No,No,No,Month-to-month,Yes,Credit card (automatic),98.88,569.6,1,4,1
CUST-12688,Male,1,Yes,Yes,30,Yes,Yes,No,No internet service,No internet service,No internet service,No internet service,No internet service,No internet service,One year,Yes,Bank transfer (automatic),18.25,548.99,1,4,0
CUST-12689,Female,0,Yes,No,1,Yes,Yes,No,No internet service,No internet service,No internet service,No internet service,No internet service,No internet service,Two year,No,Credit card (automatic),21.06,21.61,0,3,0
CUST-12690,Female,0,No,No,1,No,No phone service,Fiber optic,Yes,Yes,Yes,Yes,Yes,Yes,Month-to-month,No,Electronic check,118.75,107.87,1,4,1
CUST-12691,Male,0,Yes,Yes,23,No,No phone service,Fiber optic,No,No,Yes,No,Yes,Yes,Month-to-month,No,Credit card (automatic),96.19,2218.77,1,2,1
CUST-12692,Female,0,Yes,Yes,25,Yes,Yes,DSL,No,No,Yes,No,No,Yes,One year,No,Bank transfer (automatic),62.76,1551.45,4,1,0
CUST-12693,Female,1,No,Yes,27,Yes,Yes,No,No internet service,No internet service,No internet service,No internet service,No internet service,No internet service,Two year,No,Mailed check,18.25,475.05,1,2,0
CUST-12694,Female,0,Yes,Yes,11,Yes,Yes,No,No internet service,No internet service,No internet service,No internet service,No internet service,No internet service,Month-to-month,No,Bank transfer (automatic),22.18,231.12,1,2,0
CUST-12695,Female,0,No,No,40,Yes,No,Fiber optic,No,Yes,No,No,No,Yes,Two year,No,Bank transfer (automatic),95.37,3789.97,1,4,0
CUST-12696,Female,0,No,No,19,Yes,No,Fiber optic,No,No,Yes,No,Yes,Yes,Month-to-month,Yes,Electronic check,98.68,1860.68,3,5,1
CUST-12697,Female,0,No,No,2,Yes,No,DSL,Yes,No,Yes,No,Yes,Yes,Two year,No,Credit card (automatic),81.04,198.45,1,3,0
CUST-12698,Female,0,Yes,Yes,39,Yes,Yes,No,No internet service,No internet service,No internet service,No internet service,No internet service,No internet service,Month-to-month,Yes,Electronic check,22.21,843.95,0,4,0
CUST-12699,Female,0,Yes,No,72,Yes,No,Fiber optic,No,Yes,Yes,No,No,Yes,One year,Yes,Credit card (automatic),96.67,6942.18,3,2,0
CUST-12700,Male,0,No,No,1,Yes,Yes,DSL,No,Yes,Yes,No,No,Yes,Month-to-month,Yes,Electronic check,65.14,67.73,0,3,1
CUST-12701,Male,1,Yes,No,12,Yes,No,Fiber optic,No,No,No,No,Yes,No,Month-to-month,Yes,Credit card (automatic),82.13,964.54,1,3,0
CUST-12702,Female,0,Yes,No,16,Yes,Yes,Fiber optic,No,No,No,No,Yes,No,Month-to-month,No,Credit card (automatic),82.92,1308.68,1,4,1
CUST-12703,Male,0,Yes,Yes,3,Yes,No,DSL,No,Yes,No,No,Yes,No,Month-to-month,No,Electronic check,59.14,153.16,1,3,1
CUST-12704,Female,1,Yes,No,50,Yes,Yes,Fiber optic,No,No,No,No,No,No,Two year,No,Bank transfer (automatic),77.27,3863.8,1,4,0
CUST-12705,Female,0,Yes,No,8,Yes,No,DSL,No,No,No,No,Yes,Yes,One year,Yes,Mailed check,56.03,443.57,2,2,0
CUST-12706,Male,0,No,No,38,Yes,No,DSL,No,No,No,Yes,No,No,Month-to-month,No,Mailed check,49.21,1878.94,3,2,0
CUST-12707,Female,0,Yes,No,27,Yes,No,No,No internet service,No internet service,No internet service,No internet service,No internet service,No internet service,Month-to-month,No,Electronic check,20.65,561.67,1,2,0
CUST-12708,Female,1,Yes,Yes,22,Yes,Yes,Fiber optic,No,No,Yes,No,Yes,No,Two year,Yes,Electronic check,88.09,1961.18,3,4,0
CUST-12709,Female,0,No,Yes,5,Yes,Yes,Fiber optic,No,No,Yes,No,Yes,Yes,Two year,Yes,Credit card (automatic),97.0,474.35,0,1,0
CUST-12710,Female,1,No,No,6,Yes,No,Fiber optic,No,No,No,No,No,Yes,Month-to-month,Yes,Mailed check,78.71,448.88,2,4,0
CUST-12711,Male,0,Yes,No,1,Yes,Yes,DSL,No,No,No,Yes,Yes,Yes,One year,Yes,Electronic check,66.56,49.53,1,3,0
CUST-12712,Female,0,Yes,No,6,Yes,No,DSL,No,Yes,No,Yes,Yes,Yes,Month-to-month,Yes,Mailed check,74.14,480.98,1,4,0
CUST-12713,Female,0,No,Yes,10,Yes,Yes,Fiber optic,Yes,No,Yes,No,No,Yes,Month-to-month,Yes,Credit card (automatic),95.6,916.04,1,4,1
CUST-12714,Female,0,No,No,44,Yes,No,DSL,Yes,No,No,No,No,No,Month-to-month,Yes,Electronic check,53.67,2383.72,2,3,0
CUST-12715,Male,0,No,No,11,Yes,No,DSL,No,No,No,Yes,No,Yes,One year,No,Electronic check,56.83,647.23,1,1,0
CUST-12716,Female,0,No,No,35,Yes,No,Fiber optic,No,No,No,No,Yes,No,One year,No,Bank transfer (automatic),86.79,3042.96,3,5,0
CUST-12717,Male,0,Yes,Yes,14,Yes,Yes,DSL,Yes,Yes,No,No,No,No,Two year,Yes,Credit card (automatic),60.86,833.83,3,2,0
CUST-12718,Male,0,No,Yes,38,Yes,Yes,Fiber optic,No,Yes,No,No,No,Yes,Month-to-month,No,Credit card (automatic),88.04,3356.02,2,1,0
CUST-12719,Female,0,Yes,No,72,Yes,No,No,No internet service,No internet service,No internet service,No internet service,No internet service,No internet service,Month-to-month,Yes,Bank transfer (automatic),18.25,1297.5,0,3,0
CUST-12720,Female,0,No,No,6,No,No phone service,DSL,Yes,No,No,No,Yes,Yes,Month-to-month,Yes,Electronic check,73.4,430.65,1,3,1
CUST-12721,Male,0,No,No,49,No,No phone service,Fiber optic,No,No,No,No,No,No,One year,No,Credit card (automatic),76.62,3758.87,1,5,0
CUST-12722,Female,0,No,No,24,Yes,No,DSL,No,Yes,No,Yes,No,Yes,Month-to-month,Yes,Credit card (automatic),70.8,1689.11,0,3,0
CUST-12723,Male,0,Yes,No,42,Yes,Yes,DSL,Yes,No,Yes,No,Yes,No,One year,Yes,Credit card (automatic),69.46,2895.35,1,1,0
CUST-12724,Male,0,Yes,Yes,26,Yes,Yes,Fiber optic,No,Yes,Yes,Yes,Yes,Yes,One year,No,Mailed check,115.21,2991.56,5,2,1
CUST-12725,Female,0,No,Yes,13,No,No phone service,No,No internet service,No internet service,No internet service,No internet service,No internet service,No internet service,One year,No,Mailed check,20.83,280.78,2,2,0
CUST-12726,Female,0,No,Yes,6,Yes,No,Fiber optic,Yes,Yes,No,No,No,Yes,Month-to-month,Yes,Electronic check,98.66,614.85,1,4,1
CUST-12727,Male,1,No,No,1,Yes,No,DSL,No,No,No,Yes,No,Yes,Month-to-month,No,Bank transfer (automatic),60.57,73.86,1,1,1
CUST-12728,Male,0,Yes,No,19,Yes,No,No,No internet service,No internet service,No internet service,No internet service,No internet service,No internet service,Month-to-month,No,Bank transfer (automatic),22.51,458.66,3,2,0
CUST-12729,Male,0,Yes,No,72,Yes,No,DSL,No,No,No,No,No,Yes,One year,No,Electronic check,55.14,3975.06,0,4,0
CUST-12730,Male,0,No,Yes,33,Yes,No,Fiber optic,No,Yes,No,Yes,Yes,No,Month-to-month,No,Electronic check,98.67,3252.45,3,3,1
CUST-12731,Female,0,Yes,No,9,Yes,Yes,Fiber optic,Yes,No,No,No,Yes,No,Month-to-month,Yes,Credit card (automatic),92.71,869.96,1,3,1
CUST-12732,Female,0,No,No,43,Yes,Yes,Fiber optic,No,Yes,No,No,Yes,Yes,Two year,Yes,Electronic check,100.41,4310.05,0,3,0
CUST-12733,Female,0,Yes,No,36,Yes,Yes,DSL,No,Yes,Yes,No,Yes,No,Month-to-month,Yes,Bank transfer (automatic),65.79,2385.94,0,2,0
CUST-12734,Female,0,No,Yes,8,No,No phone service,DSL,Yes,Yes,No,No,No,No,Month-to-month,No,Mailed check,58.18,490.57,2,4,0
CUST-12735,Female,0,No,No,1,Yes,No,Fiber optic,No,Yes,No,No,No,No,Month-to-month,No,Bank transfer (automatic),85.06,38.03,0,5,1
CUST-12736,Male,0,No,No,3,Yes,No,No,No internet service,No internet service,No internet service,No internet service,No internet service,No internet service,One year,No,Electronic check,18.25,55.66,2,1,0
CUST-12737,Female,0,Yes,No,52,Yes,Yes,Fiber optic,No,Yes,No,Yes,Yes,Yes,Month-to-month,Yes,Bank transfer (automatic),106.3,5505.63,4,3,0
CUST-12738,Female,0,No,No,45,Yes,Yes,DSL,Yes,Yes,No,No,No,Yes,Month-to-month,No,Bank transfer (automatic),64.65,2886.1,2,2,0
CUST-12739,Female,0,Yes,Yes,8,Yes,Yes,DSL,Yes,Yes,No,Yes,No,No,Month-to-month,No,Credit card (automatic),66.82,517.83,1,1,1
CUST-12740,Female,1,No,No,8,Yes,No,DSL,No,Yes,Yes,No,No,No,Two year,Yes,Mailed check,52.23,381.67,2,2,0
CUST-12741,Female,0,Yes,No,39,No,No phone service,DSL,No,No,Yes,No,No,Yes,Month-to-month,No,Bank transfer (automatic),58.23,2287.28,0,1,0
CUST-12742,Male,0,Yes,No,69,Yes,No,Fiber optic,No,No,Yes,Yes,No,No,One year,No,Mailed check,90.48,6237.65,3,3,0
CUST-12743,Male,1,Yes,No,37,Yes,No,No,No internet service,No internet service,No internet service,No internet service,No internet service,No internet service,Month-to-month,No,Credit card (automatic),18.25,696.84,0,3,0
CUST-12744,Male,0,Yes,Yes,23,Yes,Yes,DSL,No,No,No,Yes,Yes,No,Month-to-month,Yes,Mailed check,54.88,1267.91,1,3,0
CUST-12745,Female,0,No,Yes,6,Yes,No,DSL,No,No,No,No,Yes,Yes,Month-to-month,Yes,Bank transfer (automatic),57.65,344.88,2,2,1
CUST-12746,Male,0,Yes,No,18,Yes,Yes,DSL,No,No,No,No,Yes,Yes,One year,No,Electronic check,59.08,1046.19,0,5,0
CUST-12747,Male,1,No,Yes,6,Yes,No,Fiber optic,No,Yes,No,No,No,No,Month-to-month,No,Mailed check,84.02,496.7,3,3,1
CUST-12748,Female,0,No,No,41,Yes,Yes,No,No internet service,No internet service,No internet service,No internet service,No internet service,No internet service,Month-to-month,Yes,Electronic check,19.86,822.36,1,4,0
CUST-12749,Female,0,Yes,Yes,12,Yes,Yes,DSL,No,Yes,No,No,No,Yes,Month-to-month,Yes,Electronic check,57.17,680.24,2,2,1
CUST-12750,Female,0,No,Yes,44,Yes,Yes,DSL,No,Yes,Yes,No,Yes,No,Month-to-month,No,Mailed check,70.75,3100.95,1,4,0
CUST-12751,Male,1,Yes,No,12,No,No phone service,DSL,No,Yes,No,No,No,No,Month-to-month,Yes,Mailed check,57.7,692.26,1,1,1
CUST-12752,Male,0,Yes,Yes,43,Yes,No,No,No internet service,No internet service,No internet service,No internet service,No internet service,No internet service,Month-to-month,No,Mailed check,18.25,808.2,1,4,0
CUST-12753,Female,0,Yes,No,10,Yes,No,Fiber optic,Yes,Yes,No,No,No,Yes,Month-to-month,Yes,Mailed check,102.9,1032.28,0,4,1
CUST-12754,Female,1,No,No,14,Yes,Yes,No,No internet service,No internet service,No internet service,No internet service,No internet service,No internet service,Month-to-month,Yes,Electronic check,19.21,290.38,0,2,0
CUST-12755,Male,0,Yes,No,23,No,No phone service,Fiber optic,No,Yes,No,Yes,Yes,No,Month-to-month,Yes,Mailed check,98.9,2231.25,2,5,1
CUST-12756,Male,0,No,No,1,Yes,Yes,DSL,Yes,No,No,No,Yes,Yes,Two year,Yes,Credit card (automatic),71.43,73.83,1,3,0
CUST-12757,Female,0,No,Yes,72,Yes,No,Fiber optic,No,Yes,No,No,No,Yes,Two year,No,Credit card (automatic),93.75,6747.48,1,3,0
CUST-12758,Female,0,No,No,21,Yes,Yes,Fiber optic,No,No,No,Yes,Yes,No,One year,Yes,Mailed check,89.06,1851.79,4,2,1
CUST-12759,Male,1,Yes,No,17,Yes,Yes,Fiber optic,No,Yes,No,Yes,No,No,One year,Yes,Bank transfer (automatic),93.79,1597.94,0,2,0
CUST-12760,Female,0,No,No,45,Yes,Yes,Fiber optic,No,No,Yes,No,Yes,Yes,Two year,Yes,Bank transfer (automatic),99.11,4476.21,3,2,0
CUST-12761,Male,0,No,No,50,Yes,No,Fiber optic,Yes,No,Yes,No,Yes,No,Month-to-month,Yes,Electronic check,97.09,4856.28,0,3,0
CUST-12762,Male,0,No,No,18,Yes,Yes,DSL,No,Yes,No,No,Yes,No,Month-to-month,Yes,Bank transfer (automatic),57.86,1016.61,2,3,0
CUST-12763,Male,0,No,No,65,Yes,No,Fiber optic,Yes,Yes,No,Yes,Yes,No,Month-to-month,Yes,Credit card (automatic),104.43,6797.21,4,3,0
CUST-12764,Male,1,No,No,1,Yes,Yes,DSL,No,No,No,No,Yes,No,One year,Yes,Bank transfer (automatic),54.73,77.91,3,4,0
CUST-12765,Female,0,Yes,Yes,3,Yes,Yes,Fiber optic,No,No,No,No,No,No,Month-to-month,Yes,Mailed check,73.85,224.62,0,1,1
CUST-12766,Female,0,Yes,Yes,22,Yes,Yes,Fiber optic,No,No,No,Yes,No,Yes,Two year,Yes,Mailed check,90.82,1996.85,0,2,0
CUST-12767,Male,0,Yes,No,10,Yes,No,Fiber optic,No,Yes,No,No,Yes,No,Two year,No,Mailed check,88.46,871.04,3,4,0
CUST-12768,Male,1,Yes,Yes,15,Yes,Yes,Fiber optic,Yes,No,No,Yes,No,No,Month-to-month,Yes,Bank transfer (automatic),92.71,1398.28,2,1,1
CUST-12769,Male,0,Yes,Yes,9,Yes,No,Fiber optic,No,Yes,Yes,No,Yes,Yes,Month-to-month,Yes,Bank transfer (automatic),102.42,914.5,4,2,1
CUST-12770,Male,0,Yes,Yes,12,Yes,Yes,No,No internet service,No internet service,No internet service,No internet service,No internet service,No internet service,Month-to-month,Yes,Electronic check,26.78,395.68,2,2,1
CUST-12771,Male,0,Yes,No,43,Yes,Yes,Fiber optic,Yes,No,No,Yes,Yes,No,Month-to-month,No,Mailed check,98.22,4246.09,3,4,0
CUST-12772,Female,0,No,No,22,Yes,No,DSL,Yes,No,Yes,No,Yes,Yes,One year,Yes,Mailed check,73.01,1611.4,1,3,0
CUST-12773,Female,0,Yes,No,72,Yes,No,Fiber optic,No,No,No,No,Yes,No,Month-to-month,No,Mailed check,80.96,5838.65,2,3,0
CUST-12774,Female,0,No,No,38,Yes,Yes,No,No internet service,No internet service,No internet service,No internet service,No internet service,No internet service,Two year,Yes,Electronic check,18.25,690.73,1,5,0
CUST-12775,Female,0,No,No,7,No,No phone service,Fiber optic,No,Yes,Yes,Yes,Yes,No,Two year,Yes,Electronic check,108.11,766.11,0,3,0
CUST-12776,Male,0,No,No,7,Yes,No,No,No internet service,No internet service,No internet service,No internet service,No internet service,No internet service,Month-to-month,No,Electronic check,20.97,158.7,0,5,0
CUST-12777,Male,0,No,No,10,Yes,No,Fiber optic,No,No,No,No,Yes,No,One year,Yes,Electronic check,83.48,818.99,1,1,1
CUST-12778,Male,1,Yes,No,46,Yes,Yes,Fiber optic,No,Yes,No,No,Yes,Yes,Month-to-month,No,Mailed check,98.77,4538.46,1,3,0
CUST-12779,Male,0,Yes,No,1,Yes,No,DSL,Yes,No,Yes,Yes,Yes,Yes,One year,Yes,Bank transfer (automatic),80.35,86.77,0,4,0
CUST-12780,Male,1,Yes,No,6,Yes,Yes,DSL,No,Yes,Yes,No,Yes,No,One year,Yes,Credit card (automatic),66.63,408.1,2,2,0
CUST-12781,Female,0,Yes,No,58,Yes,No,Fiber optic,Yes,No,No,No,No,Yes,Two year,Yes,Credit card (automatic),84.48,4894.67,1,2,0
CUST-12782,Male,0,No,No,25,Yes,No,Fiber optic,No,No,Yes,Yes,Yes,No,Month-to-month,Yes,Credit card (automatic),103.34,2575.42,1,3,1
CUST-12783,Female,1,No,No,6,Yes,Yes,No,No internet service,No internet service,No internet service,No internet service,No internet service,No internet service,Two year,Yes,Credit card (automatic),18.25,121.14,3,5,0
CUST-12784,Female,0,Yes,No,6,Yes,Yes,Fiber optic,Yes,No,No,No,No,No,Two year,No,Bank transfer (automatic),80.73,495.48,1,2,0
CUST-12785,Female,0,Yes,No,49,Yes,Yes,DSL,No,No,Yes,Yes,No,No,One year,No,Electronic check,59.37,2900.25,0,5,0
CUST-12786,Female,1,Yes,No,56,Yes,No,DSL,No,Yes,Yes,Yes,No,Yes,Month-to-month,Yes,Mailed check,75.72,4198.69,2,4,0
CUST-12787,Male,0,Yes,No,7,Yes,No,DSL,No,No,Yes,Yes,Yes,No,One year,Yes,Electronic check,67.77,486.15,2,3,0
CUST-12788,Female,0,No,No,13,Yes,Yes,Fiber optic,Yes,Yes,Yes,Yes,Yes,Yes,One year,Yes,Bank transfer (automatic),118.75,1561.26,1,1,0
CUST-12789,Female,0,Yes,No,44,Yes,Yes,DSL,Yes,No,Yes,No,No,No,Two year,Yes,Electronic check,66.02,2916.99,1,3,0
CUST-12790,Female,0,No,No,36,Yes,Yes,Fiber optic,Yes,Yes,No,No,Yes,Yes,Month-to-month,No,Electronic check,106.2,3858.29,0,3,1
CUST-12791,Male,0,Yes,No,42,Yes,No,Fiber optic,No,Yes,No,No,Yes,No,Month-to-month,No,Bank transfer (automatic),86.76,3660.17,3,4,0
CUST-12792,Male,0,Yes,No,18,Yes,No,DSL,No,No,No,Yes,No,Yes,Two year,No,Electronic check,64.64,1168.76,0,3,0
CUST-12793,Male,0,No,No,60,Yes,No,No,No internet service,No internet service,No internet service,No internet service,No internet service,No internet service,Month-to-month,Yes,Mailed check,24.34,1442.14,2,5,0
CUST-12794,Female,0,No,No,9,Yes,Yes,Fiber optic,No,No,Yes,Yes,No,Yes,One year,Yes,Credit card (automatic),98.46,884.75,1,1,0
CUST-12795,Female,0,No,No,4,Yes,No,Fiber optic,No,Yes,No,No,Yes,Yes,Month-to-month,No,Electronic check,99.24,392.85,1,5,1
CUST-12796,Male,0,No,No,30,Yes,No,DSL,No,No,No,No,No,No,One year,Yes,Electronic check,42.95,1293.17,1,3,0
CUST-12797,Female,0,Yes,Yes,19,Yes,No,Fiber optic,No,No,Yes,No,No,Yes,One year,No,Electronic check,93.12,1744.27,1,3,0
CUST-12798,Male,0,Yes,No,48,Yes,Yes,DSL,No,Yes,No,No,Yes,No,One year,Yes,Bank transfer (automatic),57.44,2768.29,1,4,0
CUST-12799,Male,0,No,No,2,Yes,No,No,No internet service,No internet service,No internet service,No internet service,No internet service,No internet service,One year,Yes,Electronic check,18.25,24.57,3,4,0
CUST-12800,Female,0,No,No,46,Yes,Yes,No,No internet service,No internet service,No internet service,No internet service,No internet service,No internet service,Two year,No,Credit card (automatic),22.15,1025.54,1,5,0
CUST-12801,Female,0,No,No,8,Yes,Yes,Fiber optic,Yes,No,No,Yes,No,No,Two year,Yes,Mailed check,93.01,734.32,1,5,0
CUST-12802,Female,0,Yes,Yes,26,Yes,No,DSL,Yes,Yes,No,No,No,Yes,Month-to-month,Yes,Electronic check,64.79,1681.93,1,3,0
CUST-12803,Female,1,No,No,1,Yes,No,No,No internet service,No internet service,No internet service,No internet service,No internet service,No internet service,One year,No,Electronic check,18.81,18.25,0,3,0
CUST-12804,Male,0,Yes,No,23,Yes,No,Fiber optic,No,No,Yes,No,Yes,No,Month-to-month,Yes,Bank transfer (automatic),88.94,2028.64,0,2,1
CUST-12805,Male,0,No,Yes,31,Yes,Yes,DSL,No,No,No,No,Yes,No,Month-to-month,Yes,Credit card (automatic),55.69,1736.35,1,2,0
CUST-12806,Male,0,No,No,11,Yes,No,Fiber optic,No,No,No,No,Yes,No,Two year,Yes,Mailed check,81.41,914.04,1,2,0
CUST-12807,Male,0,Yes,No,6,Yes,Yes,Fiber optic,Yes,No,No,No,No,No,One year,No,Electronic check,81.55,488.23,1,4,0
CUST-12808,Male,1,No,No,19,Yes,Yes,No,No internet service,No internet service,No internet service,No internet service,No internet service,No internet service,Month-to-month,Yes,Mailed check,24.02,481.36,2,3,0
CUST-12809,Female,1,Yes,Yes,44,Yes,No,DSL,No,No,No,No,No,Yes,Two year,Yes,Credit card (automatic),48.24,2142.84,0,4,0
CUST-12810,Male,0,No,No,9,Yes,Yes,Fiber optic,No,Yes,Yes,Yes,Yes,Yes,One year,Yes,Electronic check,110.66,1000.7,2,4,1
CUST-12811,Male,0,Yes,No,7,Yes,No,No,No internet service,No internet service,No internet service,No internet service,No internet service,No internet service,Two year,No,Bank transfer (automatic),18.25,107.95,0,4,0
CUST-12812,Male,1,No,Yes,8,Yes,Yes,DSL,No,Yes,No,Yes,Yes,No,Month-to-month,No,Electronic check,60.69,490.48,3,1,1
CUST-12813,Female,1,Yes,Yes,72,No,No phone service,No,No internet service,No internet service,No internet service,No internet service,No internet service,No internet service,One year,No,Bank transfer (automatic),18.25,1321.01,0,4,0
CUST-12814,Female,0,No,Yes,11,Yes,Yes,Fiber optic,No,Yes,No,Yes,Yes,Yes,Month-to-month,No,Credit card (automatic),99.79,1108.37,1,3,1
CUST-12815,Female,0,No,No,1,Yes,No,Fiber optic,Yes,Yes,No,Yes,Yes,No,Month-to-month,No,Bank transfer (automatic),101.29,94.13,2,5,1
CUST-12816,Female,0,Yes,Yes,38,Yes,No,Fiber optic,No,Yes,No,Yes,Yes,No,Month-to-month,No,Credit card (automatic),91.33,3456.32,1,5,0
CUST-12817,Male,1,Yes,Yes,30,Yes,No,DSL,No,Yes,No,Yes,Yes,Yes,Month-to-month,Yes,Bank transfer (automatic),74.03,2188.04,3,3,0
CUST-12818,Male,0,No,No,3,Yes,Yes,Fiber optic,No,No,No,No,No,Yes,One year,Yes,Credit card (automatic),84.5,255.82,2,4,0
CUST-12819,Female,0,Yes,No,72,Yes,No,Fiber optic,No,No,Yes,No,Yes,Yes,One year,No,Bank transfer (automatic),97.33,7005.87,2,4,0
CUST-12820,Female,0,No,No,23,Yes,Yes,No,No internet service,No internet service,No internet service,No internet service,No internet service,No internet service,Month-to-month,No,Bank transfer (automatic),22.79,548.42,2,2,0
CUST-12821,Male,0,Yes,No,17,Yes,Yes,No,No internet service,No internet service,No internet service,No internet service,No internet service,No internet service,Month-to-month,No,Credit card (automatic),18.25,290.55,1,3,0
CUST-12822,Male,0,No,Yes,12,Yes,No,DSL,Yes,No,Yes,Yes,No,No,Month-to-month,Yes,Electronic check,72.74,872.17,2,2,1
CUST-12823,Female,1,Yes,No,57,Yes,Yes,No,No internet service,No internet service,No internet service,No internet service,No internet service,No internet service,Month-to-month,No,Electronic check,19.71,1101.68,1,1,0
CUST-12824,Female,0,Yes,Yes,6,Yes,No,No,No internet service,No internet service,No internet service,No internet service,No internet service,No internet service,Month-to-month,No,Electronic check,18.25,142.15,2,4,0
CUST-12825,Female,0,Yes,No,8,Yes,No,DSL,No,Yes,No,Yes,Yes,No,Month-to-month,No,Electronic check,67.2,530.39,1,3,1
CUST-12826,Female,0,Yes,No,3,Yes,No,DSL,No,No,No,No,No,Yes,Two year,No,Credit card (automatic),53.63,133.32,2,3,0
CUST-12827,Male,0,Yes,Yes,35,Yes,Yes,No,No internet service,No internet service,No internet service,No internet service,No internet service,No internet service,Two year,No,Electronic check,22.39,784.67,2,2,0
CUST-12828,Male,0,No,No,22,Yes,No,DSL,No,Yes,No,No,No,No,Month-to-month,Yes,Electronic check,56.33,1242.87,0,2,1
CUST-12829,Male,0,No,No,23,Yes,Yes,Fiber optic,Yes,No,Yes,Yes,No,Yes,Month-to-month,Yes,Electronic check,105.3,2409.14,1,2,1
CUST-12830,Female,0,No,Yes,6,Yes,Yes,Fiber optic,Yes,No,No,Yes,Yes,Yes,One year,No,Bank transfer (automatic),104.8,628.37,0,5,0
CUST-12831,Female,0,No,No,26,Yes,Yes,DSL,Yes,Yes,No,Yes,No,No,Two year,Yes,Bank transfer (automatic),68.54,1761.7,1,5,0
CUST-12832,Male,0,Yes,No,36,Yes,No,No,No internet service,No internet service,No internet service,No internet service,No internet service,No internet service,Month-to-month,No,Bank transfer (automatic),23.79,845.31,0,4,0
CUST-12833,Male,0,No,No,11,No,No phone service,DSL,No,Yes,No,No,Yes,Yes,Two year,Yes,Bank transfer (automatic),65.3,707.14,3,1,0
CUST-12834,Male,1,Yes,No,40,Yes,Yes,No,No internet service,No internet service,No internet service,No internet service,No internet service,No internet service,Month-to-month,No,Mailed check,18.25,783.8,2,4,0
CUST-12835,Male,1,No,No,10,Yes,No,DSL,Yes,No,Yes,No,No,Yes,One year,Yes,Credit card (automatic),67.22,694.53,0,4,0
CUST-12836,Female,0,Yes,Yes,35,Yes,Yes,Fiber optic,No,Yes,No,No,No,Yes,Month-to-month,No,Electronic check,93.35,3267.26,1,5,0
CUST-12837,Male,0,Yes,Yes,1,Yes,Yes,DSL,No,No,No,No,Yes,Yes,Two year,Yes,Mailed check,58.42,55.08,1,3,0
CUST-12838,Male,1,Yes,No,20,Yes,No,Fiber optic,No,No,No,Yes,Yes,Yes,Month-to-month,Yes,Credit card (automatic),99.71,2018.59,0,3,1
CUST-12839,Male,0,No,Yes,72,No,No phone service,Fiber optic,No,No,No,No,Yes,No,One year,No,Electronic check,83.76,6053.91,2,3,0
CUST-12840,Male,0,Yes,No,72,Yes,Yes,No,No internet service,No internet service,No internet service,No internet service,No internet service,No internet service,Month-to-month,Yes,Bank transfer (automatic),18.7,1339.49,1,3,0
CUST-12841,Male,1,No,No,8,Yes,No,DSL,No,Yes,No,No,No,No,Month-to-month,No,Mailed check,50.71,452.38,0,2,1
CUST-12842,Male,0,Yes,Yes,14,Yes,No,No,No internet service,No internet service,No internet service,No internet service,No internet service,No internet service,One year,Yes,Electronic check,21.04,287.65,3,2,0
CUST-12843,Male,0,No,Yes,1,Yes,No,Fiber optic,Yes,Yes,Yes,Yes,Yes,No,Two year,No,Mailed check,109.0,103.52,2,4,0
CUST-12844,Female,1,No,No,51,Yes,Yes,DSL,No,No,No,Yes,No,Yes,Two year,Yes,Credit card (automatic),64.06,3278.32,1,5,0
CUST-12845,Female,0,Yes,No,21,Yes,No,Fiber optic,No,Yes,No,Yes,Yes,No,Two year,Yes,Electronic check,102.04,2145.59,0,4,0
CUST-12846,Female,0,No,No,12,Yes,No,DSL,No,Yes,Yes,No,Yes,No,Two year,No,Mailed check,67.01,793.74,1,4,0
CUST-12847,Female,0,No,No,2,Yes,No,Fiber optic,Yes,No,No,No,Yes,Yes,Two year,Yes,Bank transfer (automatic),103.34,200.93,0,3,0
CUST-12848,Male,0,No,Yes,72,Yes,Yes,DSL,No,No,No,No,No,No,Month-to-month,No,Bank transfer (automatic),45.73,3280.18,0,3,0
CUST-12849,Female,0,No,No,18,Yes,No,Fiber optic,No,No,No,No,No,No,Month-to-month,Yes,Mailed check,73.49,1324.29,1,5,0
CUST-12850,Female,0,No,Yes,8,Yes,No,Fiber optic,No,No,No,Yes,Yes,Yes,Month-to-month,Yes,Mailed check,96.35,767.43,1,5,1
CUST-12851,Male,1,No,No,10,Yes,Yes,DSL,No,No,No,No,Yes,No,Month-to-month,Yes,Credit card (automatic),51.91,528.09,0,3,0
CUST-12852,Male,0,Yes,No,7,Yes,No,DSL,Yes,Yes,No,Yes,Yes,Yes,Two year,Yes,Electronic check,80.9,571.5,0,3,0
CUST-12853,Female,0,No,No,23,Yes,No,DSL,No,No,Yes,Yes,Yes,Yes,One year,No,Credit card (automatic),72.52,1650.44,0,3,0
CUST-12854,Female,0,Yes,No,66,Yes,No,DSL,No,No,No,No,No,No,One year,Yes,Mailed check,48.27,3176.13,4,4,0
CUST-12855,Male,0,Yes,No,48,Yes,Yes,No,No internet service,No internet service,No internet service,No internet service,No internet service,No internet service,Two year,Yes,Electronic check,19.39,952.72,1,2,0
CUST-12856,Female,0,No,No,15,Yes,No,No,No internet service,No internet service,No internet service,No internet service,No internet service,No internet service,Two year,Yes,Electronic check,18.25,271.6,1,5,0
CUST-12857,Male,1,Yes,No,43,Yes,Yes,Fiber optic,No,No,No,No,No,No,One year,No,Electronic check,82.35,3520.88,1,4,0
CUST-12858,Male,1,Yes,No,13,Yes,No,Fiber optic,No,No,No,Yes,Yes,No,Two year,No,Bank transfer (automatic),91.96,1190.1,0,2,0
CUST-12859,Male,0,No,No,7,Yes,Yes,DSL,No,Yes,No,Yes,Yes,Yes,Month-to-month,Yes,Bank transfer (automatic),69.39,485.61,1,3,1
CUST-12860,Male,0,No,No,72,Yes,Yes,Fiber optic,No,No,No,No,No,No,Month-to-month,Yes,Electronic check,70.64,5129.37,0,2,0
CUST-12861,Female,0,No,Yes,9,Yes,Yes,Fiber optic,No,No,No,No,Yes,Yes,Month-to-month,No,Credit card (automatic),85.01,757.59,1,1,1
CUST-12862,Male,0,No,Yes,9,Yes,No,Fiber optic,No,Yes,No,Yes,Yes,Yes,Month-to-month,Yes,Credit card (automatic),105.32,941.28,3,3,1
CUST-12863,Male,0,No,Yes,72,Yes,No,Fiber optic,No,No,No,No,No,Yes,Month-to-month,Yes,Electronic check,83.85,6041.55,0,1,0
CUST-12864,Female,0,Yes,No,3,Yes,Yes,DSL,No,Yes,No,Yes,No,No,Two year,Yes,Electronic check,60.75,195.47,0,3,0
CUST-12865,Male,1,Yes,Yes,35,Yes,Yes,Fiber optic,No,Yes,No,No,Yes,No,Month-to-month,Yes,Electronic check,88.5,3137.27,1,4,0
CUST-12866,Female,0,No,No,68,No,No phone service,Fiber optic,No,No,No,Yes,Yes,No,Month-to-month,No,Bank transfer (automatic),88.19,5992.07,0,2,0
CUST-12867,Female,0,Yes,No,17,Yes,Yes,No,No internet service,No internet service,No internet service,No internet service,No internet service,No internet service,Month-to-month,Yes,Bank transfer (automatic),20.5,344.54,2,4,0
CUST-12868,Female,0,No,Yes,1,Yes,No,No,No internet service,No internet service,No internet service,No internet service,No internet service,No internet service,Two year,Yes,Mailed check,18.25,18.25,2,2,0
CUST-12869,Male,0,No,No,11,Yes,No,No,No internet service,No internet service,No internet service,No internet service,No internet service,No internet service,One year,Yes,Bank transfer (automatic),20.13,196.11,3,3,0
CUST-12870,Female,0,Yes,Yes,2,Yes,Yes,Fiber optic,No,No,No,No,No,Yes,Month-to-month,Yes,Credit card (automatic),84.84,170.29,2,5,1
CUST-12871,Female,0,No,No,13,Yes,No,Fiber optic,No,No,No,No,Yes,Yes,Month-to-month,No,Bank transfer (automatic),88.1,1127.67,2,1,1
CUST-12872,Male,0,No,No,39,Yes,Yes,Fiber optic,No,No,Yes,Yes,No,Yes,Two year,Yes,Bank transfer (automatic),101.64,3933.01,3,1,0
CUST-12873,Female,0,Yes,No,14,Yes,Yes,Fiber optic,Yes,Yes,No,No,No,No,Two year,No,Mailed check,85.92,1188.1,1,1,0
CUST-12874,Female,0,No,Yes,14,Yes,Yes,Fiber optic,No,Yes,No,No,Yes,No,Month-to-month,Yes,Electronic check,88.65,1216.55,0,3,1
CUST-12875,Female,0,No,No,20,No,No phone service,No,No internet service,No internet service,No internet service,No internet service,No internet service,No internet service,One year,No,Credit card (automatic),20.01,398.93,2,4,0
CUST-12876,Female,0,Yes,No,21,Yes,No,No,No internet service,No internet service,No internet service,No internet service,No internet service,No internet service,Two year,Yes,Bank transfer (automatic),18.25,357.98,2,3,0
CUST-12877,Female,0,No,No,48,Yes,No,No,No internet service,No internet service,No internet service,No internet service,No internet service,No internet service,One year,Yes,Bank transfer (automatic),20.48,975.38,4,2,0
CUST-12878,Male,0,No,No,9,Yes,No,DSL,Yes,No,No,No,No,No,Two year,No,Electronic check,53.75,493.22,4,3,0
CUST-12879,Female,0,No,Yes,43,Yes,Yes,DSL,No,No,Yes,No,Yes,Yes,Month-to-month,Yes,Bank transfer (automatic),63.7,2734.73,2,3,0
CUST-12880,Female,0,No,No,20,Yes,No,DSL,No,No,No,No,Yes,No,Two year,No,Bank transfer (automatic),50.4,1006.24,1,3,0
CUST-12881,Male,0,No,No,8,Yes,Yes,No,No internet service,No internet service,No internet service,No internet service,No internet service,No internet service,Month-to-month,Yes,Bank transfer (automatic),18.25,122.39,4,3,0
CUST-12882,Male,0,Yes,Yes,8,Yes,No,DSL,No,Yes,No,Yes,No,Yes,One year,Yes,Bank transfer (automatic),62.81,514.87,2,3,0
CUST-12883,Male,0,No,No,11,Yes,No,Fiber optic,No,No,No,No,No,Yes,Month-to-month,Yes,Credit card (automatic),83.23,920.3,3,3,1
CUST-12884,Female,0,No,No,24,Yes,No,Fiber optic,Yes,Yes,Yes,No,No,Yes,One year,No,Electronic check,104.35,2501.92,2,3,0
CUST-12885,Male,0,Yes,No,6,Yes,Yes,DSL,No,Yes,Yes,No,Yes,Yes,One year,No,Electronic check,72.24,437.59,2,2,0
CUST-12886,Female,0,Yes,Yes,63,Yes,No,Fiber optic,No,No,No,Yes,Yes,No,Month-to-month,No,Credit card (automatic),89.12,5611.28,3,2,0
CUST-12887,Female,1,No,Yes,21,Yes,No,No,No internet service,No internet service,No internet service,No internet service,No internet service,No internet service,Month-to-month,Yes,Electronic check,19.91,426.72,3,2,0
CUST-12888,Male,0,No,No,63,Yes,Yes,DSL,No,No,No,No,No,Yes,Month-to-month,No,Credit card (automatic),45.75,2896.51,1,2,0
CUST-12889,Male,1,No,No,1,Yes,No,DSL,No,No,Yes,No,Yes,No,Two year,Yes,Electronic check,59.83,52.16,3,2,0
CUST-12890,Female,0,No,Yes,10,Yes,No,Fiber optic,Yes,No,Yes,No,Yes,No,Month-to-month,Yes,Bank transfer (automatic),95.16,942.45,2,5,1
CUST-12891,Male,0,No,No,1,Yes,No,DSL,Yes,No,Yes,No,No,No,Month-to-month,Yes,Credit card (automatic),54.8,43.47,1,2,1
CUST-12892,Female,1,No,Yes,7,Yes,No,Fiber optic,Yes,No,No,No,Yes,Yes,Month-to-month,No,Bank transfer (automatic),99.55,682.74,3,3,1
CUST-12893,Male,0,No,No,49,No,No phone service,DSL,No,Yes,No,No,Yes,No,One year,Yes,Bank transfer (automatic),57.63,2806.09,2,5,0
CUST-12894,Male,0,Yes,No,1,Yes,Yes,Fiber optic,No,Yes,Yes,No,Yes,No,Month-to-month,Yes,Electronic check,102.47,101.47,1,1,1
CUST-12895,Male,0,No,No,14,Yes,No,No,No internet service,No internet service,No internet service,No internet service,No internet service,No internet service,Month-to-month,Yes,Electronic check,20.16,275.9,2,3,0
CUST-12896,Female,0,No,No,3,Yes,No,DSL,No,No,No,No,No,Yes,Month-to-month,No,Credit card (automatic),52.54,156.72,2,4,0
CUST-12897,Male,0,No,No,13,Yes,Yes,DSL,Yes,Yes,No,No,No,No,Two year,No,Credit card (automatic),61.58,808.75,1,2,0
CUST-12898,Female,0,No,No,45,No,No phone service,No,No internet service,No internet service,No internet service,No internet service,No internet service,No internet service,Two year,Yes,Electronic check,25.36,1147.11,2,4,0
CUST-12899,Female,1,No,No,24,Yes,Yes,No,No internet service,No internet service,No internet service,No internet service,No internet service,No internet service,Month-to-month,No,Credit card (automatic),18.25,463.93,0,3,0
CUST-12900,Female,0,Yes,No,33,Yes,Yes,Fiber optic,No,Yes,No,No,No,No,Month-to-month,No,Mailed check,86.09,2841.82,2,4,0
CUST-12901,Female,1,Yes,Yes,10,Yes,Yes,No,No internet service,No internet service,No internet service,No internet service,No internet service,No internet service,Month-to-month,Yes,Bank transfer (automatic),18.84,183.59,1,1,0
CUST-12902,Male,1,Yes,No,72,Yes,No,Fiber optic,No,No,No,No,No,No,Two year,No,Electronic check,74.04,5332.43,1,1,0
CUST-12903,Female,0,Yes,Yes,30,Yes,Yes,DSL,No,Yes,Yes,Yes,Yes,No,Month-to-month,Yes,Mailed check,74.64,2252.13,0,1,1
CUST-12904,Female,0,No,No,13,Yes,Yes,Fiber optic,No,No,Yes,Yes,No,No,Month-to-month,Yes,Mailed check,89.37,1202.53,2,5,0
CUST-12905,Male,1,Yes,Yes,13,Yes,Yes,DSL,No,No,No,No,No,Yes,Month-to-month,Yes,Bank transfer (automatic),51.57,677.09,1,4,0
CUST-12906,Female,1,Yes,No,62,Yes,No,DSL,Yes,Yes,Yes,Yes,No,Yes,Two year,No,Bank transfer (automatic),78.07,4844.0,1,3,0
CUST-12907,Male,0,No,Yes,21,No,No phone service,DSL,No,No,No,No,No,Yes,One year,Yes,Mailed check,52.29,1119.08,0,3,0
CUST-12908,Female,0,No,No,30,Yes,Yes,DSL,No,No,No,No,No,No,One year,Yes,Electronic check,44.01,1310.94,2,2,0
CUST-12909,Male,0,Yes,No,13,Yes,Yes,DSL,No,No,No,No,No,Yes,Two year,Yes,Electronic check,55.74,722.73,3,2,0
CUST-12910,Female,0,No,No,6,Yes,Yes,Fiber optic,No,Yes,No,No,No,Yes,One year,No,Electronic check,89.78,544.79,2,2,1
CUST-12911,Male,0,No,No,32,Yes,No,No,No internet service,No internet service,No internet service,No internet service,No internet service,No internet service,One year,No,Credit card (automatic),18.25,568.02,0,4,0
CUST-12912,Female,0,Yes,No,23,Yes,Yes,DSL,Yes,No,Yes,No,No,Yes,Month-to-month,No,Credit card (automatic),66.27,1497.07,4,3,1
CUST-12913,Female,0,Yes,No,17,Yes,No,DSL,No,No,No,No,No,Yes,One year,Yes,Credit card (automatic),54.14,932.75,0,3,0
CUST-12914,Male,0,No,No,24,Yes,Yes,No,No internet service,No internet service,No internet service,No internet service,No internet service,No internet service,One year,Yes,Electronic check,18.25,418.42,1,4,0
CUST-12915,Male,0,No,No,5,Yes,Yes,Fiber optic,No,No,No,No,Yes,No,One year,No,Credit card (automatic),76.25,400.7,1,1,1
CUST-12916,Male,0,No,Yes,39,Yes,Yes,DSL,Yes,Yes,No,No,Yes,Yes,Month-to-month,Yes,Electronic check,76.49,2975.73,2,1,1
CUST-12917,Male,0,Yes,No,72,No,No phone service,DSL,Yes,No,No,No,No,Yes,Month-to-month,Yes,Mailed check,62.83,4520.48,1,4,0
CUST-12918,Female,0,Yes,No,55,Yes,Yes,Fiber optic,No,Yes,Yes,Yes,Yes,No,Two year,Yes,Bank transfer (automatic),107.11,5855.6,2,3,0
CUST-12919,Female,0,No,No,9,No,No phone service,Fiber optic,Yes,Yes,Yes,Yes,Yes,Yes,One year,No,Electronic check,118.75,1077.14,1,4,0
CUST-12920,Male,0,Yes,No,13,No,No phone service,No,No internet service,No internet service,No internet service,No internet service,No internet service,No internet service,One year,Yes,Bank transfer (automatic),18.25,247.17,3,3,0
CUST-12921,Female,0,Yes,No,41,No,No phone service,Fiber optic,No,No,No,No,No,No,One year,Yes,Electronic check,75.77,3117.07,1,3,0
CUST-12922,Male,1,No,Yes,22,Yes,Yes,DSL,No,No,No,Yes,Yes,Yes,Month-to-month,No,Mailed check,68.6,1525.12,1,1,1
CUST-12923,Male,0,Yes,No,19,Yes,Yes,DSL,No,No,No,No,Yes,Yes,Month-to-month,No,Mailed check,63.41,1169.55,0,3,0
CUST-12924,Female,0,No,No,65,No,No phone service,DSL,No,No,Yes,No,Yes,No,Month-to-month,Yes,Bank transfer (automatic),62.98,4068.54,4,1,0
CUST-12925,Female,0,No,No,19,Yes,Yes,DSL,No,No,No,No,Yes,No,Month-to-month,No,Mailed check,54.65,1011.89,0,3,0
CUST-12926,Female,1,Yes,No,18,Yes,No,No,No internet service,No internet service,No internet service,No internet service,No internet service,No internet service,Two year,No,Electronic check,18.25,320.46,2,1,0
CUST-12927,Female,0,No,Yes,1,Yes,Yes,Fiber optic,Yes,No,Yes,No,No,Yes,Month-to-month,Yes,Credit card (automatic),92.03,74.43,1,2,1
CUST-12928,Female,0,Yes,No,1,Yes,No,DSL,No,No,No,No,Yes,No,Month-to-month,No,Credit card (automatic),46.35,53.17,1,5,0
CUST-12929,Female,0,No,Yes,1,Yes,No,DSL,No,No,No,No,No,No,Month-to-month,No,Credit card (automatic),46.62,46.2,1,5,0
CUST-12930,Female,0,Yes,No,61,Yes,No,Fiber optic,No,No,No,Yes,No,No,Month-to-month,Yes,Bank transfer (automatic),85.01,5194.36,0,1,0
CUST-12931,Male,0,Yes,No,13,Yes,Yes,No,No internet service,No internet service,No internet service,No internet service,No internet service,No internet service,Month-to-month,No,Credit card (automatic),18.25,247.34,1,5,0
CUST-12932,Male,0,No,No,15,Yes,No,No,No internet service,No internet service,No internet service,No internet service,No internet service,No internet service,Month-to-month,No,Bank transfer (automatic),22.02,290.18,0,4,0
CUST-12933,Male,0,Yes,No,46,Yes,Yes,Fiber optic,Yes,No,No,No,No,No,Month-to-month,No,Electronic check,84.05,3883.45,3,3,0
CUST-12934,Male,0,No,No,23,Yes,Yes,DSL,Yes,No,No,Yes,Yes,Yes,Month-to-month,Yes,Electronic check,71.77,1642.8,2,3,1
CUST-12935,Male,0,Yes,Yes,23,Yes,Yes,DSL,Yes,No,Yes,Yes,Yes,No,Month-to-month,Yes,Bank transfer (automatic),78.38,1821.24,2,3,0
CUST-12936,Female,0,Yes,No,8,Yes,No,Fiber optic,Yes,Yes,Yes,Yes,Yes,No,Month-to-month,Yes,Bank transfer (automatic),113.47,877.54,0,4,1
CUST-12937,Male,1,No,Yes,44,Yes,Yes,No,No internet service,No internet service,No internet service,No internet service,No internet service,No internet service,Month-to-month,Yes,Credit card (automatic),18.25,814.55,1,2,0
CUST-12938,Male,0,Yes,No,4,Yes,No,DSL,Yes,Yes,Yes,No,Yes,No,Month-to-month,No,Credit card (automatic),73.62,296.1,2,1,1
CUST-12939,Male,1,Yes,Yes,1,Yes,Yes,DSL,No,No,No,No,No,No,Month-to-month,No,Bank transfer (automatic),48.01,78.73,2,5,0
CUST-12940,Male,0,No,No,5,Yes,No,Fiber optic,No,Yes,No,No,Yes,No,Two year,Yes,Electronic check,87.71,441.77,2,4,0
CUST-12941,Male,0,No,Yes,7,Yes,No,Fiber optic,Yes,No,No,No,No,No,Month-to-month,No,Bank transfer (automatic),85.63,617.91,2,3,1
CUST-12942,Male,0,No,No,8,Yes,No,Fiber optic,Yes,No,Yes,No,No,Yes,Two year,Yes,Mailed check,101.12,775.59,0,1,0
CUST-12943,Male,1,No,No,27,Yes,No,DSL,Yes,No,Yes,No,No,No,Month-to-month,Yes,Electronic check,57.69,1557.89,3,5,0
CUST-12944,Female,0,Yes,No,6,No,No phone service,DSL,No,No,No,No,No,Yes,Month-to-month,Yes,Credit card (automatic),49.35,280.41,2,1,1
CUST-12945,Female,0,No,No,28,Yes,No,Fiber optic,No,No,No,No,Yes,No,Month-to-month,Yes,Electronic check,84.43,2356.97,2,1,1
CUST-12946,Male,0,Yes,No,2,Yes,No,Fiber optic,Yes,No,No,No,No,Yes,Month-to-month,Yes,Bank transfer (automatic),91.49,181.17,3,2,1
CUST-12947,Female,0,No,No,3,Yes,Yes,DSL,No,No,Yes,No,No,Yes,One year,Yes,Bank transfer (automatic),61.71,169.57,1,4,0
CUST-12948,Female,0,Yes,No,17,Yes,Yes,DSL,No,No,No,Yes,No,Yes,Month-to-month,No,Electronic check,59.57,1025.02,1,4,0
CUST-12949,Female,0,No,No,63,No,No phone service,DSL,Yes,Yes,Yes,Yes,Yes,Yes,Two year,Yes,Mailed check,94.28,5957.63,3,3,0
CUST-12950,Female,0,No,No,49,Yes,No,DSL,Yes,No,No,No,Yes,No,One year,Yes,Electronic check,62.69,3052.39,3,3,0
CUST-12951,Male,0,No,Yes,72,Yes,Yes,Fiber optic,No,No,No,No,No,No,Month-to-month,No,Electronic check,73.68,5309.67,2,1,0
CUST-12952,Female,0,No,No,26,Yes,No,Fiber optic,Yes,No,Yes,No,Yes,Yes,One year,Yes,Electronic check,107.1,2747.22,0,2,0
CUST-12953,Female,0,No,No,28,Yes,Yes,Fiber optic,No,No,No,Yes,No,No,One year,No,Electronic check,82.93,2341.14,0,1,0
CUST-12954,Female,0,No,Yes,24,Yes,No,No,No internet service,No internet service,No internet service,No internet service,No internet service,No internet service,Month-to-month,Yes,Credit card (automatic),18.25,439.51,0,2,0
CUST-12955,Male,0,Yes,No,24,Yes,Yes,Fiber optic,Yes,Yes,No,No,No,No,Month-to-month,Yes,Mailed check,85.46,2049.08,1,1,1
CUST-12956,Male,0,Yes,No,3,Yes,Yes,DSL,No,No,Yes,No,Yes,Yes,Month-to-month,Yes,Electronic check,67.4,234.98,1,4,1
CUST-12957,Male,0,Yes,Yes,19,Yes,Yes,DSL,No,No,No,No,Yes,No,Month-to-month,Yes,Credit card (automatic),50.79,971.24,2,4,0
CUST-12958,Male,1,Yes,No,12,Yes,No,No,No internet service,No internet service,No internet service,No internet service,No internet service,No internet service,Month-to-month,No,Bank transfer (automatic),18.25,274.11,1,3,0
CUST-12959,Male,1,No,No,14,Yes,Yes,No,No internet service,No internet service,No internet service,No internet service,No internet service,No internet service,One year,Yes,Electronic check,18.77,240.95,2,5,0
CUST-12960,Male,0,No,Yes,18,Yes,No,No,No internet service,No internet service,No internet service,No internet service,No internet service,No internet service,Month-to-month,Yes,Bank transfer (automatic),21.68,370.51,1,2,0
CUST-12961,Male,0,No,No,3,Yes,No,DSL,No,Yes,No,No,Yes,No,Month-to-month,Yes,Mailed check,60.9,199.25,2,5,0
CUST-12962,Female,0,No,No,11,Yes,No,DSL,No,No,Yes,Yes,No,No,Month-to-month,Yes,Mailed check,59.96,654.38,1,1,1
CUST-12963,Female,0,No,Yes,1,Yes,Yes,DSL,No,No,No,Yes,No,No,Month-to-month,Yes,Bank transfer (automatic),47.6,70.34,1,4,0
CUST-12964,Female,0,Yes,No,72,Yes,Yes,No,No internet service,No internet service,No internet service,No internet service,No internet service,No internet service,Month-to-month,Yes,Electronic check,18.25,1293.98,2,2,0
CUST-12965,Male,0,Yes,No,3,Yes,No,No,No internet service,No internet service,No internet service,No internet service,No internet service,No internet service,Month-to-month,Yes,Credit card (automatic),24.0,96.0,1,1,0
CUST-12966,Male,0,Yes,No,7,Yes,Yes,DSL,Yes,No,No,Yes,No,No,Month-to-month,Yes,Electronic check,59.78,417.16,3,4,1
CUST-12967,Male,1,Yes,No,55,Yes,No,Fiber optic,No,No,No,Yes,No,Yes,Month-to-month,No,Bank transfer (automatic),92.44,5084.78,0,3,0
CUST-12968,Male,1,No,No,16,Yes,No,DSL,No,No,No,No,Yes,No,Month-to-month,Yes,Credit card (automatic),52.89,821.3,3,5,0
CUST-12969,Male,0,No,No,3,Yes,Yes,DSL,No,Yes,No,No,Yes,No,Month-to-month,No,Electronic check,57.76,196.61,0,2,1
CUST-12970,Female,0,No,Yes,12,Yes,No,DSL,No,No,No,Yes,Yes,No,Month-to-month,No,Bank transfer (automatic),58.79,714.69,2,4,0
CUST-12971,Female,0,No,No,3,Yes,No,No,No internet service,No internet service,No internet service,No internet service,No internet service,No internet service,Month-to-month,No,Credit card (automatic),23.49,82.25,2,5,0
CUST-12972,Male,0,No,No,5,Yes,No,DSL,Yes,No,Yes,No,Yes,Yes,Month-to-month,Yes,Credit card (automatic),76.76,356.12,1,3,1
CUST-12973,Male,0,Yes,Yes,1,Yes,No,Fiber optic,No,Yes,No,No,No,Yes,Month-to-month,No,Bank transfer (automatic),87.68,83.39,0,3,1
CUST-12974,Male,0,No,No,14,Yes,No,No,No internet service,No internet service,No internet service,No internet service,No internet service,No internet service,Two year,Yes,Mailed check,22.69,316.7,0,3,0
CUST-12975,Male,0,Yes,Yes,41,Yes,Yes,Fiber optic,No,No,No,No,No,No,One year,No,Mailed check,72.72,2955.26,1,5,0
CUST-12976,Female,0,Yes,No,22,Yes,No,Fiber optic,No,No,Yes,No,Yes,Yes,Month-to-month,No,Mailed check,98.69,2185.28,0,3,1
CUST-12977,Male,0,Yes,No,23,Yes,No,DSL,No,Yes,Yes,No,No,Yes,Month-to-month,No,Bank transfer (automatic),62.57,1457.75,4,5,0
CUST-12978,Male,0,No,No,5,Yes,No,Fiber optic,No,No,Yes,No,Yes,Yes,Month-to-month,Yes,Electronic check,96.92,455.61,0,3,1
CUST-12979,Male,0,Yes,Yes,10,Yes,Yes,Fiber optic,No,No,No,Yes,No,No,Month-to-month,Yes,Credit card (automatic),83.26,831.97,3,4,1
CUST-12980,Male,0,Yes,No,46,Yes,Yes,Fiber optic,No,No,No,No,No,No,Month-to-month,Yes,Electronic check,73.3,3389.29,1,3,0
CUST-12981,Female,0,No,Yes,2,Yes,Yes,Fiber optic,Yes,Yes,No,No,Yes,Yes,Month-to-month,No,Electronic check,107.32,249.23,1,2,1
CUST-12982,Male,0,No,No,48,Yes,Yes,DSL,No,No,No,No,Yes,No,Month-to-month,Yes,Mailed check,48.9,2363.66,2,3,0
CUST-12983,Male,0,Yes,No,16,Yes,No,Fiber optic,No,No,No,No,Yes,Yes,Two year,Yes,Electronic check,92.26,1456.07,1,4,0
CUST-12984,Female,0,Yes,No,45,Yes,No,DSL,No,Yes,Yes,No,Yes,No,Two year,No,Mailed check,68.49,3063.67,0,1,0
CUST-12985,Female,1,No,No,9,No,No phone service,Fiber optic,No,Yes,Yes,Yes,Yes,No,One year,No,Electronic check,102.68,929.65,0,2,1
CUST-12986,Female,0,Yes,No,10,Yes,No,DSL,Yes,No,No,Yes,No,No,Two year,Yes,Electronic check,55.08,565.02,3,5,0
CUST-12987,Male,0,No,Yes,34,Yes,Yes,Fiber optic,No,No,No,Yes,No,Yes,Month-to-month,No,Mailed check,94.74,3221.11,1,2,1
CUST-12988,Male,0,No,No,38,Yes,No,Fiber optic,Yes,No,No,No,Yes,Yes,One year,No,Mailed check,97.41,3692.34,1,3,0
CUST-12989,Female,1,Yes,No,6,Yes,Yes,Fiber optic,Yes,No,No,No,Yes,No,Month-to-month,Yes,Mailed check,88.36,546.23,3,2,1
CUST-12990,Female,0,Yes,No,72,Yes,Yes,Fiber optic,No,No,No,No,No,Yes,Two year,Yes,Credit card (automatic),81.32,5876.24,3,2,0
CUST-12991,Female,0,Yes,Yes,2,Yes,No,DSL,No,No,No,No,No,No,One year,No,Electronic check,42.06,77.89,0,3,0
CUST-12992,Female,0,Yes,No,1,Yes,Yes,DSL,Yes,No,No,No,Yes,No,Month-to-month,Yes,Electronic check,61.96,61.98,2,4,1
CUST-12993,Female,0,Yes,No,22,Yes,Yes,No,No internet service,No internet service,No internet service,No internet service,No internet service,No internet service,One year,No,Mailed check,20.38,461.63,1,2,0
CUST-12994,Female,0,No,No,32,Yes,Yes,No,No internet service,No internet service,No internet service,No internet service,No internet service,No internet service,Month-to-month,Yes,Electronic check,18.25,576.33,1,4,0
CUST-12995,Male,0,Yes,No,72,Yes,No,DSL,No,No,No,No,No,Yes,Month-to-month,No,Electronic check,52.66,3809.64,2,2,0
CUST-12996,Male,0,No,No,12,Yes,No,Fiber optic,No,No,Yes,No,No,Yes,Two year,Yes,Credit card (automatic),86.05,1023.61,2,2,0
CUST-12997,Male,1,No,Yes,1,Yes,Yes,DSL,Yes,No,No,Yes,No,No,Month-to-month,Yes,Mailed check,62.37,82.29,0,4,0
CUST-12998,Female,0,Yes,Yes,23,Yes,Yes,Fiber optic,No,Yes,No,No,No,No,One year,No,Electronic check,80.21,1831.19,1,1,0
CUST-12999,Female,0,Yes,No,8,Yes,No,DSL,Yes,Yes,No,No,No,No,Month-to-month,Yes,Mailed check,63.49,554.78,3,4,0
CUST-13000,Female,0,Yes,No,14,Yes,No,Fiber optic,Yes,No,No,No,Yes,No,Month-to-month,No,Mailed check,94.42,1320.79,1,3,1
CUST-13001,Female,0,Yes,No,16,Yes,No,No,No internet service,No internet service,No internet service,No internet service,No internet service,No internet service,One year,No,Electronic check,18.83,314.16,2,3,0
CUST-13002,Female,0,No,No,1,No,No phone service,No,No internet service,No internet service,No internet service,No internet service,No internet service,No internet service,Two year,No,Mailed check,18.25,44.15,2,3,0
CUST-13003,Female,0,Yes,No,16,Yes,No,Fiber optic,No,Yes,Yes,Yes,Yes,No,Month-to-month,No,Electronic check,100.56,1607.49,0,3,1
CUST-13004,Male,0,No,No,13,Yes,No,DSL,Yes,No,No,No,Yes,No,Month-to-month,Yes,Mailed check,54.28,712.59,1,1,0
CUST-13005,Male,0,Yes,No,31,Yes,No,DSL,No,Yes,No,Yes,No,No,Month-to-month,No,Mailed check,55.5,1723.04,1,2,0
CUST-13006,Female,0,Yes,No,25,Yes,No,Fiber optic,No,Yes,No,No,Yes,Yes,One year,Yes,Bank transfer (automatic),95.88,2440.14,1,1,0
CUST-13007,Male,0,No,No,5,Yes,No,No,No internet service,No internet service,No internet service,No internet service,No internet service,No internet service,Month-to-month,Yes,Credit card (automatic),18.25,125.54,2,4,0
CUST-13008,Female,0,No,No,5,Yes,No,Fiber optic,Yes,Yes,No,No,Yes,Yes,Two year,Yes,Electronic check,107.21,522.83,2,4,0
CUST-13009,Male,0,Yes,Yes,7,Yes,Yes,Fiber optic,Yes,No,Yes,No,Yes,No,One year,Yes,Mailed check,98.93,672.55,3,4,0
CUST-13010,Female,0,Yes,Yes,4,Yes,No,DSL,No,No,No,Yes,No,Yes,Month-to-month,Yes,Bank transfer (automatic),61.43,257.27,1,4,1
CUST-13011,Female,1,No,No,26,Yes,No,Fiber optic,No,Yes,Yes,No,Yes,Yes,Month-to-month,Yes,Mailed check,108.51,2824.55,0,4,0
CUST-13012,Male,1,Yes,No,72,Yes,No,Fiber optic,Yes,No,Yes,No,No,Yes,Month-to-month,Yes,Bank transfer (automatic),94.0,6800.95,3,4,0
CUST-13013,Male,0,Yes,No,26,Yes,Yes,DSL,No,No,No,No,Yes,No,Month-to-month,Yes,Electronic check,49.18,1287.65,3,3,1
CUST-13014,Female,0,No,No,23,Yes,No,DSL,Yes,Yes,Yes,No,Yes,No,Two year,Yes,Bank transfer (automatic),78.39,1803.98,2,2,0
CUST-13015,Female,0,No,Yes,13,Yes,No,DSL,Yes,No,No,Yes,Yes,Yes,One year,Yes,Electronic check,73.3,934.74,2,3,0
CUST-13016,Male,0,No,Yes,9,No,No phone service,DSL,Yes,No,No,No,No,No,Month-to-month,No,Electronic check,53.68,474.13,3,3,1
CUST-13017,Male,0,No,No,60,Yes,Yes,Fiber optic,No,Yes,No,No,No,No,One year,Yes,Credit card (automatic),76.04,4549.16,1,2,0
CUST-13018,Female,0,No,No,72,Yes,No,DSL,No,No,No,No,Yes,No,Month-to-month,Yes,Mailed check,55.71,4004.35,2,2,0
CUST-13019,Male,0,No,No,17,Yes,No,Fiber optic,No,Yes,No,No,Yes,Yes,Month-to-month,Yes,Mailed check,98.56,1668.76,2,4,1
CUST-13020,Female,0,No,Yes,8,Yes,Yes,No,No internet service,No internet service,No internet service,No internet service,No internet service,No internet service,Month-to-month,Yes,Credit card (automatic),18.25,138.94,3,2,0
CUST-13021,Female,0,No,No,36,Yes,Yes,Fiber optic,Yes,No,Yes,No,No,Yes,Two year,No,Bank transfer (automatic),101.9,3669.36,0,4,0
CUST-13022,Female,0,No,No,3,Yes,No,Fiber optic,Yes,No,No,Yes,No,No,Two year,Yes,Bank transfer (automatic),90.46,283.23,1,2,0
CUST-13023,Female,0,Yes,No,36,Yes,No,No,No internet service,No internet service,No internet service,No internet service,No internet service,No internet service,One year,No,Electronic check,25.8,948.94,0,3,0
CUST-13024,Male,0,Yes,No,42,Yes,Yes,No,No internet service,No internet service,No internet service,No internet service,No internet service,No internet service,Month-to-month,No,Electronic check,18.25,782.55,2,2,0
CUST-13025,Male,0,No,Yes,3,Yes,Yes,No,No internet service,No internet service,No internet service,No internet service,No internet service,No internet service,One year,No,Mailed check,21.07,35.07,0,4,0
CUST-13026,Male,0,No,No,72,Yes,Yes,Fiber optic,No,Yes,No,No,Yes,Yes,Month-to-month,Yes,Bank transfer (automatic),95.68,6864.71,2,3,0
CUST-13027,Male,0,Yes,No,72,Yes,Yes,DSL,Yes,No,Yes,Yes,No,Yes,One year,No,Mailed check,74.1,5328.42,2,5,0
CUST-13028,Male,0,No,No,69,Yes,Yes,Fiber optic,Yes,No,No,No,Yes,Yes,Month-to-month,Yes,Electronic check,97.95,6736.5,3,3,0
CUST-13029,Male,0,Yes,No,17,Yes,No,No,No internet service,No internet service,No internet service,No internet service,No internet service,No internet service,Month-to-month,No,Bank transfer (automatic),18.25,319.18,1,1,0
CUST-13030,Male,0,No,Yes,7,Yes,No,Fiber optic,No,No,Yes,No,Yes,Yes,Month-to-month,No,Bank transfer (automatic),103.82,726.4,3,4,1
CUST-13031,Female,0,No,No,21,Yes,No,Fiber optic,Yes,No,Yes,Yes,No,Yes,One year,Yes,Credit card (automatic),110.2,2316.85,4,4,0
CUST-13032,Male,0,No,No,13,Yes,Yes,DSL,Yes,Yes,No,Yes,No,Yes,One year,Yes,Mailed check,75.67,1009.67,1,2,0
CUST-13033,Male,0,Yes,Yes,5,Yes,No,Fiber optic,Yes,No,No,No,No,Yes,Month-to-month,Yes,Electronic check,86.05,423.58,2,2,1
CUST-13034,Female,0,No,Yes,13,Yes,Yes,DSL,No,No,Yes,No,Yes,Yes,Two year,No,Credit card (automatic),66.64,844.11,1,3,0
CUST-13035,Male,0,Yes,No,27,Yes,No,No,No internet service,No internet service,No internet service,No internet service,No internet service,No internet service,Two year,No,Bank transfer (automatic),20.7,555.12,2,4,0
CUST-13036,Male,0,Yes,Yes,1,Yes,No,DSL,Yes,No,No,No,No,No,One year,Yes,Electronic check,50.45,18.25,1,4,0
CUST-13037,Female,1,Yes,No,10,Yes,No,DSL,No,Yes,No,No,No,Yes,One year,No,Bank transfer (automatic),62.58,622.87,2,2,0
CUST-13038,Male,0,No,No,1,Yes,Yes,No,No internet service,No internet service,No internet service,No internet service,No internet service,No internet service,Month-to-month,No,Electronic check,20.45,18.25,1,2,1
CUST-13039,Male,0,Yes,No,34,Yes,No,Fiber optic,Yes,Yes,No,Yes,No,No,Two year,No,Electronic check,97.28,3308.37,2,4,0
CUST-13040,Male,0,Yes,No,25,Yes,No,Fiber optic,No,Yes,Yes,No,Yes,No,Month-to-month,Yes,Electronic check,99.84,2518.53,0,2,1
CUST-13041,Female,0,No,Yes,1,Yes,No,DSL,No,No,Yes,Yes,No,Yes,Month-to-month,Yes,Electronic check,62.33,73.3,2,2,1
CUST-13042,Male,1,No,Yes,72,Yes,No,Fiber optic,No,Yes,No,No,No,No,One year,No,Mailed check,80.12,5775.1,2,4,0
CUST-13043,Male,0,No,No,1,Yes,No,Fiber optic,No,No,No,No,Yes,No,Month-to-month,Yes,Electronic check,82.16,92.51,0,1,1
CUST-13044,Female,0,No,No,22,Yes,Yes,Fiber optic,Yes,Yes,No,No,Yes,No,Two year,Yes,Electronic check,95.25,2080.95,1,3,0
CUST-13045,Male,0,Yes,No,37,Yes,No,No,No internet service,No internet service,No internet service,No internet service,No internet service,No internet service,Month-to-month,No,Mailed check,18.25,634.33,1,3,0
CUST-13046,Female,0,No,No,38,Yes,Yes,No,No internet service,No internet service,No internet service,No internet service,No internet service,No internet service,Month-to-month,No,Bank transfer (automatic),18.25,669.16,2,3,0
CUST-13047,Female,0,No,Yes,1,No,No phone service,DSL,No,No,No,Yes,No,Yes,Two year,Yes,Electronic check,59.99,72.31,2,1,0
CUST-13048,Male,0,Yes,Yes,59,Yes,Yes,Fiber optic,No,No,No,No,Yes,No,Month-to-month,Yes,Credit card (automatic),83.28,4933.3,2,2,0
CUST-13049,Female,0,Yes,No,62,Yes,Yes,Fiber optic,No,Yes,Yes,No,No,No,Month-to-month,No,Bank transfer (automatic),96.9,6034.44,0,3,0
CUST-13050,Female,0,Yes,No,20,Yes,No,Fiber optic,No,Yes,No,No,No,Yes,Month-to-month,Yes,Mailed check,93.24,1839.0,0,2,1
CUST-13051,Male,0,Yes,No,16,Yes,Yes,Fiber optic,No,No,No,No,No,Yes,Two year,Yes,Mailed check,79.19,1291.26,2,3,0
CUST-13052,Female,1,No,Yes,1,Yes,No,Fiber optic,No,Yes,No,Yes,No,No,Month-to-month,No,Mailed check,93.71,68.28,1,2,1
CUST-13053,Female,0,No,Yes,20,Yes,No,DSL,Yes,No,Yes,Yes,No,No,Month-to-month,Yes,Electronic check,67.65,1361.54,1,5,0
CUST-13054,Male,0,No,No,13,Yes,No,DSL,Yes,No,No,Yes,No,Yes,Month-to-month,No,Electronic check,67.05,883.28,2,1,1
CUST-13055,Male,0,No,No,37,Yes,No,Fiber optic,Yes,No,No,No,No,No,Two year,Yes,Electronic check,80.46,2963.57,0,4,0
CUST-13056,Male,0,Yes,No,12,Yes,No,DSL,Yes,No,Yes,No,No,No,Month-to-month,Yes,Electronic check,55.24,679.07,0,4,1
CUST-13057,Female,0,No,No,28,Yes,Yes,DSL,Yes,No,No,Yes,No,No,Month-to-month,No,Bank transfer (automatic),60.03,1637.11,1,3,0
CUST-13058,Male,0,Yes,No,2,Yes,Yes,DSL,No,No,Yes,No,Yes,Yes,One year,No,Electronic check,63.63,107.4,2,3,0
CUST-13059,Female,0,No,No,3,Yes,No,Fiber optic,No,No,No,Yes,Yes,Yes,One year,Yes,Credit card (automatic),96.62,274.28,3,1,1
CUST-13060,Female,0,Yes,No,3,Yes,No,No,No internet service,No internet service,No internet service,No internet service,No internet service,No internet service,Month-to-month,Yes,Mailed check,23.48,83.66,1,3,0
CUST-13061,Female,1,No,Yes,1,Yes,Yes,DSL,No,No,No,No,No,No,Two year,Yes,Bank transfer (automatic),48.09,60.67,2,3,0
CUST-13062,Female,0,Yes,No,19,Yes,No,Fiber optic,No,No,No,Yes,No,Yes,Month-to-month,Yes,Mailed check,89.27,1700.54,0,5,0
CUST-13063,Female,0,Yes,Yes,39,Yes,No,DSL,No,No,No,No,Yes,Yes,Month-to-month,No,Mailed check,63.0,2461.18,2,4,0
CUST-13064,Female,1,Yes,Yes,23,Yes,No,Fiber optic,No,No,No,No,Yes,No,Month-to-month,Yes,Electronic check,83.31,1941.69,1,1,1
CUST-13065,Female,0,No,Yes,21,Yes,No,DSL,No,Yes,No,No,Yes,No,Month-to-month,No,Mailed check,64.5,1347.17,1,5,0
CUST-13066,Male,0,No,No,28,Yes,No,DSL,No,Yes,No,No,No,No,Month-to-month,Yes,Electronic check,48.96,1362.01,0,3,0
CUST-13067,Male,0,Yes,No,10,Yes,Yes,DSL,Yes,No,No,Yes,No,No,Month-to-month,Yes,Mailed check,59.63,593.25,2,5,0
CUST-13068,Female,0,No,Yes,11,Yes,No,DSL,No,Yes,Yes,No,No,No,Month-to-month,Yes,Mailed check,58.55,624.29,0,1,1
CUST-13069,Female,1,No,No,9,Yes,No,DSL,Yes,Yes,No,No,No,No,One year,No,Bank transfer (automatic),61.21,563.32,0,4,0
CUST-13070,Male,1,No,No,31,Yes,Yes,Fiber optic,No,No,No,Yes,No,No,One year,Yes,Mailed check,83.53,2564.81,1,3,0
CUST-13071,Female,0,No,No,4,Yes,Yes,Fiber optic,No,Yes,Yes,Yes,Yes,No,Month-to-month,Yes,Bank transfer (automatic),104.97,416.33,2,1,1
CUST-13072,Male,0,Yes,No,1,Yes,No,Fiber optic,Yes,No,Yes,No,No,Yes,Month-to-month,Yes,Electronic check,104.21,122.41,1,1,1
CUST-13073,Male,0,Yes,Yes,22,Yes,Yes,Fiber optic,No,No,No,Yes,Yes,No,Month-to-month,No,Electronic check,86.52,1898.31,1,2,1
CUST-13074,Male,0,No,Yes,71,Yes,Yes,Fiber optic,No,No,No,No,No,Yes,Two year,No,Mailed check,79.9,5651.97,0,1,0
CUST-13075,Female,0,No,No,23,Yes,Yes,DSL,No,No,Yes,Yes,Yes,No,One year,Yes,Mailed check,70.4,1625.93,2,3,0
CUST-13076,Female,0,No,No,38,Yes,Yes,Fiber optic,No,No,No,No,No,Yes,One year,Yes,Bank transfer (automatic),83.63,3192.47,6,2,0
CUST-13077,Male,1,No,No,27,Yes,Yes,DSL,No,Yes,Yes,Yes,No,No,Month-to-month,No,Electronic check,64.92,1762.26,4,5,0
CUST-13078,Male,1,Yes,No,17,Yes,No,DSL,No,Yes,No,Yes,No,No,Month-to-month,No,Electronic check,63.91,1096.77,0,3,1
CUST-13079,Male,0,No,No,31,No,No phone service,Fiber optic,No,Yes,No,No,Yes,Yes,Month-to-month,No,Bank transfer (automatic),97.63,3012.45,2,4,0
CUST-13080,Male,0,Yes,No,43,Yes,No,DSL,No,No,Yes,No,No,Yes,Month-to-month,Yes,Credit card (automatic),60.18,2631.57,2,3,0
CUST-13081,Male,0,No,No,6,Yes,Yes,No,No internet service,No internet service,No internet service,No internet service,No internet service,No internet service,One year,No,Mailed check,18.25,130.15,2,2,0
CUST-13082,Female,0,Yes,Yes,10,Yes,Yes,Fiber optic,Yes,No,Yes,Yes,No,No,One year,Yes,Bank transfer (automatic),98.83,974.84,0,4,0
CUST-13083,Male,0,No,No,6,Yes,Yes,No,No internet service,No internet service,No internet service,No internet service,No internet service,No internet service,One year,Yes,Mailed check,18.25,113.96,1,3,0
CUST-13084,Female,0,No,Yes,15,Yes,No,DSL,No,No,Yes,No,Yes,Yes,Two year,No,Bank transfer (automatic),65.11,981.08,1,5,0
CUST-13085,Male,0,Yes,Yes,54,No,No phone service,DSL,No,No,No,No,Yes,No,Month-to-month,Yes,Credit card (automatic),55.13,2980.26,3,3,0
CUST-13086,Female,0,Yes,Yes,10,Yes,Yes,Fiber optic,No,Yes,Yes,Yes,Yes,Yes,Two year,No,Bank transfer (automatic),104.63,1055.0,1,4,0
CUST-13087,Female,0,No,No,11,Yes,No,DSL,No,No,Yes,No,No,No,One year,Yes,Bank transfer (automatic),50.7,557.7,1,2,0
CUST-13088,Female,1,No,Yes,49,Yes,Yes,DSL,Yes,No,Yes,No,Yes,Yes,Month-to-month,Yes,Electronic check,76.7,3770.19,2,3,0
CUST-13089,Female,0,Yes,Yes,18,Yes,No,DSL,Yes,Yes,Yes,No,No,No,One year,Yes,Electronic check,71.84,1310.62,3,2,0
CUST-13090,Female,0,No,No,19,No,No phone service,No,No internet service,No internet service,No internet service,No internet service,No internet service,No internet service,Month-to-month,No,Bank transfer (automatic),20.47,396.97,2,4,0
CUST-13091,Female,0,No,No,49,Yes,Yes,DSL,Yes,Yes,No,Yes,No,No,Month-to-month,Yes,Mailed check,69.96,3415.68,2,4,0
CUST-13092,Male,0,Yes,No,16,Yes,Yes,Fiber optic,Yes,No,No,No,No,Yes,Month-to-month,Yes,Bank transfer (automatic),91.88,1493.55,1,3,1
CUST-13093,Female,1,Yes,No,28,Yes,Yes,Fiber optic,No,No,No,No,Yes,Yes,Month-to-month,Yes,Electronic check,87.9,2460.2,2,4,1
CUST-13094,Male,0,No,Yes,2,Yes,No,Fiber optic,No,Yes,No,No,Yes,Yes,Month-to-month,Yes,Bank transfer (automatic),96.32,196.75,2,3,1
CUST-13095,Female,0,No,Yes,4,Yes,Yes,No,No internet service,No internet service,No internet service,No internet service,No internet service,No internet service,Month-to-month,Yes,Mailed check,20.29,72.86,0,4,0
CUST-13096,Female,0,No,Yes,12,Yes,Yes,Fiber optic,Yes,No,No,No,No,Yes,Two year,Yes,Credit card (automatic),95.95,1177.33,2,5,0
CUST-13097,Male,0,No,No,17,Yes,No,Fiber optic,No,No,Yes,No,No,No,One year,Yes,Electronic check,83.65,1410.5,2,4,0
CUST-13098,Female,0,Yes,No,72,Yes,Yes,Fiber optic,No,Yes,No,Yes,Yes,Yes,Month-to-month,Yes,Mailed check,104.6,7529.03,0,3,0
CUST-13099,Male,0,Yes,Yes,72,Yes,Yes,No,No internet service,No internet service,No internet service,No internet service,No internet service,No internet service,Month-to-month,No,Electronic check,18.25,1364.28,3,4,0
CUST-13100,Male,0,Yes,No,47,Yes,No,DSL,Yes,No,No,No,No,No,Two year,Yes,Mailed check,51.3,2375.12,1,5,0
CUST-13101,Male,0,Yes,No,9,Yes,No,No,No internet service,No internet service,No internet service,No internet service,No internet service,No internet service,Month-to-month,Yes,Credit card (automatic),18.85,152.55,1,3,0
CUST-13102,Male,0,No,No,72,Yes,No,DSL,No,No,No,No,Yes,Yes,Month-to-month,Yes,Bank transfer (automatic),61.98,4484.3,1,4,0
CUST-13103,Female,0,No,No,29,Yes,Yes,No,No internet service,No internet service,No internet service,No internet service,No internet service,No internet service,One year,No,Bank transfer (automatic),18.25,531.6,2,4,0
CUST-13104,Female,0,Yes,Yes,12,Yes,Yes,Fiber optic,No,No,No,No,Yes,Yes,Month-to-month,Yes,Electronic check,90.26,1094.69,1,4,1
CUST-13105,Male,0,Yes,Yes,30,Yes,Yes,Fiber optic,No,No,No,No,No,No,One year,No,Mailed check,75.56,2240.46,1,2,0
CUST-13106,Female,1,No,No,1,No,No phone service,Fiber optic,No,No,Yes,No,Yes,No,Month-to-month,No,Credit card (automatic),90.58,86.81,1,3,1
CUST-13107,Female,1,No,No,3,Yes,No,DSL,No,No,Yes,No,Yes,Yes,Month-to-month,No,Credit card (automatic),65.57,194.32,0,3,1
CUST-13108,Male,0,No,No,44,Yes,No,DSL,No,No,Yes,No,No,Yes,Two year,No,Credit card (automatic),58.4,2569.88,0,3,0
CUST-13109,Female,0,No,No,25,Yes,No,Fiber optic,Yes,No,No,No,Yes,Yes,Two year,Yes,Mailed check,98.46,2463.22,3,4,0
CUST-13110,Male,0,No,No,11,Yes,Yes,Fiber optic,Yes,Yes,Yes,No,Yes,Yes,Two year,Yes,Electronic check,110.7,1175.31,1,2,0
CUST-13111,Male,0,No,No,17,Yes,No,DSL,Yes,No,Yes,Yes,Yes,No,Month-to-month,Yes,Credit card (automatic),69.83,1184.35,1,2,1
CUST-13112,Female,0,Yes,Yes,58,Yes,Yes,Fiber optic,No,No,Yes,No,No,Yes,Month-to-month,No,Credit card (automatic),90.57,5282.98,1,1,0
CUST-13113,Female,0,Yes,No,24,Yes,No,DSL,No,No,No,No,Yes,No,Month-to-month,Yes,Credit card (automatic),46.63,1113.64,1,1,0
CUST-13114,Female,0,Yes,No,12,Yes,No,Fiber optic,No,No,Yes,No,No,No,One year,No,Bank transfer (automatic),82.02,965.78,4,3,0
CUST-13115,Male,0,No,No,3,Yes,Yes,DSL,No,No,No,No,No,No,Month-to-month,Yes,Electronic check,41.79,113.47,1,1,1
CUST-13116,Male,1,No,No,8,Yes,Yes,DSL,No,Yes,No,Yes,Yes,No,Two year,No,Electronic check,66.64,556.96,2,2,0
CUST-13117,Female,0,No,No,72,Yes,Yes,DSL,No,Yes,Yes,Yes,No,No,Month-to-month,No,Bank transfer (automatic),72.62,5178.18,2,3,0
CUST-13118,Female,0,Yes,No,14,Yes,No,Fiber optic,No,Yes,Yes,No,Yes,No,Month-to-month,Yes,Electronic check,99.33,1403.38,1,4,1
CUST-13119,Female,0,Yes,No,15,Yes,Yes,Fiber optic,No,No,No,Yes,No,Yes,Month-to-month,No,Credit card (automatic),88.25,1331.26,1,3,1
CUST-13120,Female,0,Yes,No,17,Yes,Yes,No,No internet service,No internet service,No internet service,No internet service,No internet service,No internet service,One year,Yes,Mailed check,18.25,294.16,3,3,0
CUST-13121,Male,1,Yes,No,53,Yes,No,DSL,Yes,No,Yes,No,No,Yes,Month-to-month,No,Electronic check,61.81,3336.3,1,2,0
CUST-13122,Female,0,No,No,23,Yes,Yes,DSL,Yes,Yes,Yes,Yes,No,Yes,Month-to-month,No,Electronic check,78.41,1822.42,1,1,1
CUST-13123,Male,0,No,No,29,Yes,Yes,DSL,Yes,Yes,No,No,No,Yes,One year,No,Electronic check,64.73,1880.87,2,1,0
CUST-13124,Male,0,No,No,12,Yes,No,Fiber optic,Yes,Yes,Yes,No,No,Yes,Month-to-month,Yes,Bank transfer (automatic),101.3,1239.05,0,5,1
CUST-13125,Female,1,No,No,1,Yes,No,No,No internet service,No internet service,No internet service,No internet service,No internet service,No internet service,Month-to-month,Yes,Bank transfer (automatic),21.21,33.33,2,5,0
CUST-13126,Female,0,No,No,66,Yes,Yes,DSL,No,No,No,Yes,Yes,Yes,Month-to-month,No,Electronic check,67.18,4441.59,0,2,0
CUST-13127,Female,0,No,No,72,Yes,No,DSL,No,No,No,Yes,No,No,Two year,No,Bank transfer (automatic),57.2,4122.39,0,2,0
CUST-13128,Male,0,Yes,No,72,Yes,Yes,No,No internet service,No internet service,No internet service,No internet service,No internet service,No internet service,Two year,Yes,Electronic check,18.25,1303.49,1,4,0
CUST-13129,Female,0,No,Yes,71,Yes,No,Fiber optic,Yes,Yes,No,No,No,No,Month-to-month,No,Electronic check,88.89,6332.16,1,1,0
CUST-13130,Female,0,No,No,42,Yes,Yes,DSL,No,No,Yes,No,No,Yes,Month-to-month,Yes,Mailed check,54.71,2295.69,4,2,0
CUST-13131,Male,0,No,No,28,Yes,Yes,No,No internet service,No internet service,No internet service,No internet service,No internet service,No internet service,One year,No,Bank transfer (automatic),20.12,586.59,0,1,0
CUST-13132,Female,0,Yes,No,46,Yes,No,Fiber optic,Yes,No,No,Yes,No,No,One year,No,Credit card (automatic),84.24,3897.8,1,4,0
CUST-13133,Male,0,Yes,No,22,Yes,No,Fiber optic,No,No,No,Yes,Yes,Yes,Month-to-month,No,Mailed check,94.05,2088.37,2,1,1
CUST-13134,Female,0,Yes,No,3,Yes,No,DSL,Yes,Yes,Yes,No,Yes,No,One year,Yes,Electronic check,74.74,215.88,3,1,1
CUST-13135,Male,0,No,Yes,12,No,No phone service,Fiber optic,Yes,Yes,Yes,Yes,Yes,Yes,One year,No,Credit card (automatic),110.88,1313.58,1,4,0
CUST-13136,Female,0,Yes,No,72,Yes,No,No,No internet service,No internet service,No internet service,No internet service,No internet service,No internet service,Two year,Yes,Mailed check,18.25,1313.27,0,3,0
CUST-13137,Female,1,No,Yes,10,No,No phone service,Fiber optic,No,Yes,Yes,Yes,No,Yes,One year,Yes,Mailed check,103.41,1034.19,3,3,0
CUST-13138,Male,0,No,No,50,Yes,No,DSL,Yes,Yes,No,No,Yes,No,Month-to-month,Yes,Credit card (automatic),69.98,3491.31,4,5,0
CUST-13139,Male,0,Yes,No,2,Yes,Yes,Fiber optic,No,Yes,Yes,No,Yes,Yes,One year,Yes,Bank transfer (automatic),106.57,233.59,0,3,0
CUST-13140,Female,0,No,No,10,Yes,Yes,Fiber optic,Yes,No,Yes,Yes,Yes,Yes,Month-to-month,Yes,Electronic check,112.3,1141.39,0,3,1
CUST-13141,Male,0,No,No,10,Yes,No,No,No internet service,No internet service,No internet service,No internet service,No internet service,No internet service,Month-to-month,No,Mailed check,18.25,197.76,2,3,0
CUST-13142,Male,0,Yes,No,1,Yes,No,DSL,No,Yes,No,Yes,No,Yes,Month-to-month,No,Bank transfer (automatic),66.6,95.34,1,4,0
CUST-13143,Male,0,No,Yes,3,Yes,No,Fiber optic,No,Yes,No,No,Yes,No,One year,Yes,Credit card (automatic),91.98,280.7,2,2,1
CUST-13144,Male,0,Yes,Yes,5,Yes,Yes,Fiber optic,No,No,No,No,Yes,Yes,Month-to-month,No,Electronic check,90.83,432.68,0,4,1
CUST-13145,Female,0,Yes,No,45,No,No phone service,DSL,No,Yes,No,Yes,No,No,Two year,No,Mailed check,64.08,2911.55,6,4,0
CUST-13146,Female,0,No,No,1,No,No phone service,No,No internet service,No internet service,No internet service,No internet service,No internet service,No internet service,One year,Yes,Credit card (automatic),19.85,29.51,1,2,0
CUST-13147,Male,0,No,No,8,Yes,Yes,DSL,No,No,Yes,No,Yes,Yes,Month-to-month,Yes,Electronic check,68.04,566.77,0,3,1
CUST-13148,Male,0,No,Yes,1,Yes,Yes,DSL,No,No,No,No,No,No,Month-to-month,No,Electronic check,41.47,50.76,3,4,1
CUST-13149,Male,0,No,Yes,29,Yes,Yes,Fiber optic,No,No,Yes,No,Yes,Yes,Month-to-month,No,Mailed check,96.63,2790.7,4,5,1
CUST-13150,Male,0,No,Yes,24,Yes,Yes,No,No internet service,No internet service,No internet service,No internet service,No internet service,No internet service,One year,Yes,Bank transfer (automatic),20.38,465.42,2,5,0
CUST-13151,Female,0,No,Yes,25,Yes,Yes,DSL,No,No,No,No,Yes,No,Month-to-month,No,Credit card (automatic),52.14,1322.89,1,2,0
CUST-13152,Female,0,No,No,11,Yes,No,DSL,No,No,No,No,No,No,Month-to-month,No,Electronic check,50.19,544.31,2,3,1
CUST-13153,Male,0,No,Yes,5,Yes,Yes,DSL,Yes,No,Yes,Yes,No,No,Month-to-month,No,Electronic check,63.51,338.66,0,3,0
CUST-13154,Male,0,Yes,No,31,Yes,Yes,DSL,No,Yes,No,No,No,Yes,One year,Yes,Credit card (automatic),58.85,1784.48,2,2,0
CUST-13155,Male,0,No,Yes,41,Yes,No,No,No internet service,No internet service,No internet service,No internet service,No internet service,No internet service,Month-to-month,No,Electronic check,24.72,1026.93,3,2,0
CUST-13156,Female,0,Yes,No,3,No,No phone service,DSL,No,No,No,Yes,Yes,Yes,Month-to-month,No,Electronic check,69.58,220.44,3,5,1
CUST-13157,Male,1,No,No,16,Yes,No,No,No internet service,No internet service,No internet service,No internet service,No internet service,No internet service,Two year,Yes,Bank transfer (automatic),20.51,360.51,2,1,0
CUST-13158,Female,1,Yes,Yes,7,Yes,No,DSL,No,No,No,No,Yes,Yes,Two year,No,Electronic check,56.13,384.97,2,4,0
CUST-13159,Male,0,No,No,4,Yes,No,DSL,No,Yes,No,No,No,Yes,Month-to-month,Yes,Credit card (automatic),60.52,241.59,2,3,0
CUST-13160,Female,0,Yes,No,33,Yes,No,No,No internet service,No internet service,No internet service,No internet service,No internet service,No internet service,Month-to-month,Yes,Mailed check,19.28,668.12,1,3,0
CUST-13161,Male,0,Yes,Yes,19,Yes,No,Fiber optic,No,No,Yes,No,Yes,Yes,Month-to-month,No,Mailed check,100.74,1941.99,1,4,1
CUST-13162,Female,0,No,No,6,Yes,No,DSL,No,No,No,Yes,Yes,Yes,One year,Yes,Electronic check,67.78,396.01,2,3,0
CUST-13163,Male,0,Yes,No,9,Yes,No,DSL,Yes,No,No,No,No,No,Month-to-month,Yes,Bank transfer (automatic),57.19,494.44,1,5,0
CUST-13164,Male,0,No,No,72,No,No phone service,No,No internet service,No internet service,No internet service,No internet service,No internet service,No internet service,Month-to-month,Yes,Credit card (automatic),25.92,1868.91,2,4,0
CUST-13165,Male,0,Yes,No,47,Yes,Yes,Fiber optic,No,Yes,No,Yes,No,No,Month-to-month,Yes,Bank transfer (automatic),90.93,4294.29,0,2,0
CUST-13166,Female,0,Yes,No,52,Yes,Yes,Fiber optic,No,Yes,No,Yes,No,No,One year,Yes,Electronic check,91.19,4755.93,3,4,0
CUST-13167,Male,0,Yes,Yes,15,Yes,No,Fiber optic,No,Yes,No,No,Yes,No,One year,Yes,Bank transfer (automatic),89.56,1341.31,4,3,0
CUST-13168,Female,0,No,No,24,Yes,No,Fiber optic,No,Yes,Yes,Yes,Yes,Yes,Two year,Yes,Mailed check,107.69,2628.59,2,3,0
CUST-13169,Female,0,Yes,Yes,11,Yes,No,Fiber optic,Yes,Yes,Yes,No,No,Yes,Month-to-month,Yes,Credit card (automatic),100.3,1097.62,0,3,1
CUST-13170,Male,1,No,No,2,Yes,Yes,DSL,No,Yes,No,No,Yes,No,Two year,Yes,Mailed check,62.76,134.13,3,2,0
CUST-13171,Male,0,Yes,No,12,Yes,No,No,No internet service,No internet service,No internet service,No internet service,No internet service,No internet service,Two year,No,Electronic check,24.2,267.52,0,3,0
CUST-13172,Male,0,Yes,Yes,22,Yes,No,DSL,No,Yes,No,No,No,Yes,Two year,No,Electronic check,58.34,1270.43,1,3,0
CUST-13173,Female,0,Yes,No,8,Yes,No,Fiber optic,No,No,No,Yes,Yes,Yes,Month-to-month,Yes,Electronic check,96.6,773.54,2,4,1
CUST-13174,Male,1,Yes,No,47,Yes,No,No,No internet service,No internet service,No internet service,No internet service,No internet service,No internet service,Month-to-month,Yes,Bank transfer (automatic),19.15,911.13,1,2,0
CUST-13175,Female,0,No,No,4,Yes,No,DSL,No,Yes,Yes,No,No,No,Two year,Yes,Electronic check,57.59,187.36,2,4,0
CUST-13176,Female,0,No,No,11,Yes,Yes,Fiber optic,No,No,Yes,No,No,Yes,Two year,Yes,Electronic check,96.7,1048.3,2,3,0
CUST-13177,Male,0,No,No,3,Yes,Yes,Fiber optic,Yes,Yes,No,Yes,No,Yes,Month-to-month,No,Mailed check,103.89,268.36,1,2,1
CUST-13178,Male,0,Yes,No,12,Yes,No,No,No internet service,No internet service,No internet service,No internet service,No internet service,No internet service,Month-to-month,No,Mailed check,23.38,247.78,3,4,0
CUST-13179,Male,0,Yes,No,1,No,No phone service,DSL,No,No,No,No,Yes,No,Month-to-month,Yes,Mailed check,45.73,76.78,1,3,0
CUST-13180,Male,0,Yes,No,7,Yes,Yes,DSL,No,No,No,Yes,No,Yes,Month-to-month,Yes,Mailed check,63.64,432.44,4,5,0
CUST-13181,Male,0,No,Yes,12,Yes,No,Fiber optic,Yes,No,No,No,No,No,Month-to-month,No,Bank transfer (automatic),88.76,1110.28,1,2,1
CUST-13182,Male,1,Yes,Yes,16,Yes,Yes,No,No internet service,No internet service,No internet service,No internet service,No internet service,No internet service,Month-to-month,Yes,Credit card (automatic),20.98,310.67,3,5,0
CUST-13183,Female,0,No,No,19,Yes,Yes,Fiber optic,No,No,No,No,No,Yes,One year,Yes,Electronic check,84.68,1625.46,3,3,0
CUST-13184,Female,0,Yes,No,8,Yes,Yes,DSL,No,No,No,No,No,Yes,Month-to-month,No,Credit card (automatic),55.47,448.89,1,3,0
CUST-13185,Female,0,Yes,No,18,Yes,Yes,DSL,No,No,Yes,No,No,Yes,Two year,Yes,Electronic check,61.68,1111.33,2,4,0
CUST-13186,Male,0,Yes,No,17,Yes,Yes,Fiber optic,No,No,Yes,No,Yes,No,Month-to-month,No,Bank transfer (automatic),89.52,1494.13,2,2,1
CUST-13187,Female,1,Yes,Yes,9,Yes,Yes,Fiber optic,No,Yes,No,No,No,Yes,Month-to-month,No,Bank transfer (automatic),87.62,780.9,1,3,1
CUST-13188,Female,0,No,Yes,44,Yes,No,Fiber optic,No,Yes,No,Yes,No,Yes,Two year,Yes,Electronic check,99.8,4391.37,1,1,0
CUST-13189,Female,0,Yes,No,19,Yes,No,Fiber optic,No,Yes,No,No,Yes,No,One year,Yes,Bank transfer (automatic),86.38,1634.74,3,3,0
CUST-13190,Female,0,No,Yes,10,Yes,No,Fiber optic,Yes,No,No,No,Yes,Yes,Month-to-month,No,Credit card (automatic),99.55,1004.44,3,1,1
CUST-13191,Female,0,Yes,No,72,Yes,No,DSL,Yes,No,No,No,No,No,Month-to-month,Yes,Credit card (automatic),49.45,3550.96,3,5,0
CUST-13192,Male,0,No,No,46,No,No phone service,DSL,No,Yes,No,Yes,No,No,Month-to-month,Yes,Bank transfer (automatic),56.66,2596.99,2,1,0
CUST-13193,Male,0,Yes,Yes,72,Yes,Yes,DSL,No,Yes,Yes,No,No,No,One year,No,Credit card (automatic),53.83,3875.74,2,5,0
CUST-13194,Female,0,No,Yes,29,Yes,No,DSL,No,Yes,Yes,No,Yes,Yes,One year,Yes,Electronic check,73.47,2149.64,2,3,0
CUST-13195,Female,0,No,No,11,Yes,No,No,No internet service,No internet service,No internet service,No internet service,No internet service,No internet service,Month-to-month,Yes,Electronic check,23.2,296.28,1,4,0
CUST-13196,Female,0,No,No,8,Yes,No,No,No internet service,No internet service,No internet service,No internet service,No internet service,No internet service,Month-to-month,Yes,Electronic check,21.96,161.52,0,3,0
CUST-13197,Male,0,Yes,No,27,Yes,No,Fiber optic,Yes,No,Yes,Yes,No,Yes,Month-to-month,No,Mailed check,103.64,2753.58,3,2,1
CUST-13198,Male,1,No,No,72,Yes,Yes,DSL,Yes,Yes,No,No,No,Yes,Month-to-month,No,Mailed check,64.92,4690.81,1,2,0
CUST-13199,Female,0,Yes,No,24,Yes,No,Fiber optic,No,Yes,Yes,No,No,Yes,Month-to-month,Yes,Bank transfer (automatic),102.48,2485.86,2,3,1
CUST-13200,Male,0,Yes,Yes,53,Yes,Yes,Fiber optic,No,Yes,Yes,Yes,No,Yes,Two year,Yes,Mailed check,98.46,5193.86,3,2,0
CUST-13201,Male,0,Yes,Yes,9,Yes,Yes,DSL,No,Yes,No,No,Yes,No,One year,Yes,Bank transfer (automatic),59.94,565.48,1,4,0
CUST-13202,Female,0,Yes,No,13,Yes,Yes,DSL,No,Yes,No,No,No,No,Month-to-month,No,Bank transfer (automatic),49.17,651.71,2,1,1
CUST-13203,Male,0,No,Yes,59,Yes,Yes,DSL,Yes,No,Yes,Yes,No,Yes,One year,No,Bank transfer (automatic),75.47,4429.23,1,1,0
CUST-13204,Male,1,Yes,Yes,35,Yes,No,Fiber optic,Yes,Yes,No,Yes,Yes,Yes,Month-to-month,Yes,Credit card (automatic),112.91,3898.82,2,2,1
CUST-13205,Female,0,No,No,72,Yes,No,Fiber optic,No,No,No,No,No,Yes,Month-to-month,No,Credit card (automatic),85.43,6137.35,1,1,0
CUST-13206,Male,1,No,No,37,Yes,Yes,No,No internet service,No internet service,No internet service,No internet service,No internet service,No internet service,One year,No,Bank transfer (automatic),23.63,896.23,0,4,0
CUST-13207,Male,0,No,Yes,14,Yes,Yes,Fiber optic,No,No,No,No,No,No,Month-to-month,No,Electronic check,69.18,957.84,5,1,1
CUST-13208,Female,0,No,No,18,Yes,Yes,Fiber optic,No,No,Yes,No,Yes,Yes,Month-to-month,No,Bank transfer (automatic),95.22,1715.76,1,4,0
CUST-13209,Male,1,Yes,No,57,Yes,No,Fiber optic,No,Yes,Yes,No,Yes,Yes,Month-to-month,Yes,Electronic check,105.26,5966.08,3,3,1
CUST-13210,Male,0,No,Yes,20,Yes,Yes,No,No internet service,No internet service,No internet service,No internet service,No internet service,No internet service,One year,No,Bank transfer (automatic),23.28,482.44,5,4,0
CUST-13211,Female,1,Yes,No,7,Yes,No,Fiber optic,No,Yes,No,No,No,Yes,One year,Yes,Electronic check,91.76,635.38,5,3,0
CUST-13212,Female,0,No,Yes,14,Yes,No,DSL,No,Yes,No,No,No,No,One year,No,Credit card (automatic),48.84,703.21,0,3,0
CUST-13213,Female,1,No,No,18,Yes,No,DSL,No,No,Yes,No,Yes,Yes,Month-to-month,No,Bank transfer (automatic),68.14,1203.86,1,3,0
CUST-13214,Male,0,No,Yes,2,Yes,No,DSL,No,Yes,Yes,No,No,Yes,One year,Yes,Electronic check,69.96,105.27,3,3,0
CUST-13215,Female,0,Yes,No,34,Yes,No,No,No internet service,No internet service,No internet service,No internet service,No internet service,No internet service,One year,No,Mailed check,18.25,638.42,1,1,0
CUST-13216,Male,0,Yes,Yes,2,Yes,No,DSL,Yes,No,No,Yes,No,No,One year,Yes,Credit card (automatic),57.81,131.1,2,3,0
CUST-13217,Female,0,Yes,No,12,Yes,No,No,No internet service,No internet service,No internet service,No internet service,No internet service,No internet service,One year,No,Electronic check,18.31,207.22,0,4,0
CUST-13218,Male,0,Yes,No,40,Yes,No,No,No internet service,No internet service,No internet service,No internet service,No internet service,No internet service,Two year,Yes,Mailed check,18.25,778.72,4,4,0
CUST-13219,Female,0,Yes,No,15,Yes,No,Fiber optic,Yes,Yes,No,Yes,No,No,Month-to-month,Yes,Electronic check,96.85,1457.34,2,3,1
CUST-13220,Female,0,No,No,46,Yes,No,Fiber optic,Yes,Yes,No,No,Yes,No,Month-to-month,No,Credit card (automatic),97.46,4481.14,1,4,0
CUST-13221,Female,0,Yes,Yes,10,Yes,No,No,No internet service,No internet service,No internet service,No internet service,No internet service,No internet service,One year,Yes,Electronic check,19.96,208.77,3,3,0
CUST-13222,Female,0,No,No,72,Yes,No,DSL,No,Yes,No,Yes,Yes,No,Month-to-month,Yes,Mailed check,68.88,4969.26,1,2,0
CUST-13223,Male,0,No,Yes,5,No,No phone service,DSL,No,Yes,No,No,No,No,Two year,Yes,Mailed check,51.48,279.82,0,4,0
CUST-13224,Female,0,No,No,1,Yes,No,DSL,No,No,Yes,No,Yes,No,Month-to-month,No,Electronic check,56.87,44.87,1,3,1
CUST-13225,Female,0,Yes,Yes,51,Yes,Yes,DSL,No,No,No,No,Yes,No,Month-to-month,No,Credit card (automatic),49.67,2535.69,2,3,0
CUST-13226,Male,0,Yes,No,34,Yes,Yes,Fiber optic,Yes,No,No,No,Yes,Yes,Two year,Yes,Mailed check,99.0,3363.52,2,2,0
CUST-13227,Female,0,Yes,No,6,Yes,No,Fiber optic,No,Yes,Yes,Yes,No,No,Month-to-month,No,Electronic check,95.21,575.04,3,4,1
CUST-13228,Male,0,Yes,No,72,Yes,Yes,DSL,No,Yes,Yes,Yes,No,No,Month-to-month,No,Bank transfer (automatic),68.66,4976.31,5,3,0
CUST-13229,Female,1,No,Yes,17,Yes,Yes,Fiber optic,Yes,Yes,Yes,No,No,No,Month-to-month,No,Credit card (automatic),98.93,1678.32,4,2,1
CUST-13230,Female,0,Yes,No,72,Yes,Yes,Fiber optic,No,Yes,No,Yes,Yes,Yes,Two year,No,Credit card (automatic),108.13,7781.85,0,2,0
CUST-13231,Female,0,No,No,17,Yes,No,DSL,No,Yes,No,Yes,No,No,Month-to-month,Yes,Mailed check,57.24,973.24,4,3,1
CUST-13232,Male,0,No,No,15,Yes,No,Fiber optic,No,Yes,No,No,Yes,No,Month-to-month,No,Mailed check,87.49,1309.95,2,3,1
CUST-13233,Female,0,No,No,14,Yes,Yes,Fiber optic,No,No,No,Yes,Yes,Yes,Two year,No,Credit card (automatic),100.1,1397.83,1,4,0
CUST-13234,Female,0,Yes,No,10,Yes,Yes,No,No internet service,No internet service,No internet service,No internet service,No internet service,No internet service,Month-to-month,No,Electronic check,18.25,190.12,0,2,1
CUST-13235,Female,0,Yes,No,19,Yes,No,DSL,Yes,No,No,No,Yes,Yes,One year,Yes,Bank transfer (automatic),69.35,1319.25,2,4,0
CUST-13236,Male,0,No,Yes,15,Yes,No,Fiber optic,No,Yes,Yes,No,No,No,Month-to-month,Yes,Electronic check,93.17,1401.98,3,5,1
CUST-13237,Male,0,No,No,1,Yes,Yes,No,No internet service,No internet service,No internet service,No internet service,No internet service,No internet service,Month-to-month,No,Mailed check,18.25,30.61,1,3,0
CUST-13238,Female,0,Yes,No,7,Yes,Yes,DSL,No,No,No,Yes,No,Yes,Two year,Yes,Credit card (automatic),60.41,440.4,3,3,0
CUST-13239,Male,0,Yes,No,5,Yes,No,Fiber optic,No,No,Yes,No,Yes,No,Month-to-month,Yes,Bank transfer (automatic),88.51,462.54,3,3,1
CUST-13240,Female,1,Yes,No,50,Yes,No,Fiber optic,No,No,No,Yes,Yes,No,Month-to-month,No,Mailed check,94.48,4743.33,1,4,0
CUST-13241,Female,0,No,No,22,Yes,No,Fiber optic,No,No,No,No,No,No,Two year,Yes,Electronic check,80.12,1774.21,1,1,0
CUST-13242,Female,0,Yes,No,36,Yes,No,No,No internet service,No internet service,No internet service,No internet service,No internet service,No internet service,Month-to-month,Yes,Electronic check,27.29,959.39,2,3,0
CUST-13243,Female,1,No,No,72,Yes,No,DSL,No,Yes,No,Yes,Yes,Yes,One year,No,Electronic check,79.47,5708.61,1,1,0
CUST-13244,Female,0,Yes,No,25,Yes,Yes,DSL,No,No,No,No,Yes,Yes,Month-to-month,No,Credit card (automatic),64.39,1601.42,1,3,0
CUST-13245,Female,0,No,No,72,Yes,Yes,No,No internet service,No internet service,No internet service,No internet service,No internet service,No internet service,One year,Yes,Bank transfer (automatic),27.95,2009.59,1,5,0
CUST-13246,Female,0,No,No,9,Yes,No,Fiber optic,Yes,No,Yes,No,Yes,Yes,Month-to-month,Yes,Electronic check,105.44,935.14,1,2,1
CUST-13247,Male,1,No,Yes,5,Yes,No,Fiber optic,No,No,No,No,No,Yes,Two year,No,Mailed check,84.39,405.74,2,2,0
CUST-13248,Male,1,Yes,Yes,12,No,No phone service,Fiber optic,No,No,Yes,No,Yes,Yes,One year,No,Credit card (automatic),102.25,1199.52,1,4,0
CUST-13249,Male,0,Yes,Yes,15,Yes,No,Fiber optic,Yes,No,No,Yes,No,No,One year,No,Electronic check,89.73,1338.99,1,4,0
CUST-13250,Male,0,Yes,No,56,Yes,No,DSL,No,No,Yes,No,Yes,No,Month-to-month,Yes,Electronic check,57.74,3235.43,1,3,0
CUST-13251,Male,0,No,No,20,Yes,No,DSL,No,Yes,No,No,No,Yes,Month-to-month,No,Mailed check,58.18,1158.2,3,2,1
CUST-13252,Male,0,No,No,8,No,No phone service,Fiber optic,No,Yes,Yes,No,Yes,No,Two year,Yes,Electronic check,96.58,766.39,0,1,0
CUST-13253,Male,0,No,No,33,Yes,No,Fiber optic,Yes,No,No,Yes,No,Yes,Two year,No,Mailed check,97.38,3218.0,1,2,0
CUST-13254,Female,1,Yes,No,17,Yes,Yes,Fiber optic,No,Yes,Yes,No,Yes,No,Month-to-month,No,Credit card (automatic),95.55,1635.68,1,3,1
CUST-13255,Female,0,No,No,4,Yes,Yes,No,No internet service,No internet service,No internet service,No internet service,No internet service,No internet service,Two year,Yes,Mailed check,18.25,77.48,1,2,0
CUST-13256,Female,0,Yes,No,21,Yes,No,DSL,Yes,No,Yes,Yes,Yes,Yes,Month-to-month,Yes,Bank transfer (automatic),86.28,1819.12,0,4,0
CUST-13257,Female,0,No,Yes,60,Yes,Yes,DSL,No,No,No,Yes,Yes,No,Month-to-month,No,Bank transfer (automatic),66.89,4027.97,1,3,0
CUST-13258,Male,0,Yes,Yes,46,Yes,Yes,Fiber optic,No,No,Yes,No,Yes,No,Two year,No,Electronic check,85.68,3931.14,1,1,0
CUST-13259,Male,0,No,Yes,22,Yes,No,Fiber optic,No,No,Yes,No,No,Yes,Two year,Yes,Credit card (automatic),86.34,1921.58,1,1,0
CUST-13260,Female,0,Yes,Yes,11,Yes,No,Fiber optic,No,No,Yes,Yes,Yes,No,Month-to-month,Yes,Electronic check,95.52,1040.45,5,2,1
CUST-13261,Female,1,Yes,Yes,2,Yes,Yes,No,No internet service,No internet service,No internet service,No internet service,No internet service,No internet service,Month-to-month,Yes,Credit card (automatic),18.25,29.53,3,3,0
CUST-13262,Male,1,No,No,15,Yes,No,DSL,No,No,Yes,No,Yes,No,Month-to-month,Yes,Electronic check,58.69,835.2,2,5,0
CUST-13263,Female,0,Yes,Yes,34,Yes,Yes,DSL,No,No,Yes,Yes,No,No,Month-to-month,Yes,Credit card (automatic),59.99,2028.95,0,1,0
CUST-13264,Female,1,No,Yes,11,Yes,Yes,DSL,No,Yes,No,No,No,No,Month-to-month,No,Credit card (automatic),54.07,568.3,1,4,0
CUST-13265,Female,0,No,Yes,6,Yes,No,DSL,Yes,No,Yes,Yes,Yes,Yes,Month-to-month,No,Electronic check,81.47,512.23,0,3,1
CUST-13266,Female,0,No,No,66,Yes,No,Fiber optic,No,No,No,No,No,No,Month-to-month,No,Electronic check,79.46,5261.52,1,3,0
CUST-13267,Male,0,Yes,No,43,No,No phone service,Fiber optic,No,Yes,Yes,No,Yes,Yes,Month-to-month,No,Electronic check,102.07,4376.83,3,3,1
CUST-13268,Female,0,No,No,25,Yes,Yes,DSL,Yes,No,No,No,No,Yes,Two year,No,Electronic check,58.27,1447.76,2,4,0
CUST-13269,Female,1,No,Yes,3,Yes,Yes,Fiber optic,Yes,No,No,Yes,No,Yes,Month-to-month,Yes,Bank transfer (automatic),104.52,284.14,2,3,1
CUST-13270,Male,0,Yes,No,3,Yes,Yes,Fiber optic,Yes,No,No,No,Yes,No,Month-to-month,No,Mailed check,90.74,255.42,4,5,1
CUST-13271,Male,0,No,Yes,2,Yes,No,DSL,Yes,Yes,Yes,No,Yes,Yes,One year,Yes,Bank transfer (automatic),83.9,178.21,1,3,0
CUST-13272,Female,0,Yes,Yes,23,Yes,No,No,No internet service,No internet service,No internet service,No internet service,No internet service,No internet service,Two year,Yes,Electronic check,18.25,444.26,0,2,0
CUST-13273,Male,0,Yes,No,3,Yes,Yes,No,No internet service,No internet service,No internet service,No internet service,No internet service,No internet service,Month-to-month,Yes,Electronic check,20.57,59.4,2,3,0
CUST-13274,Female,0,Yes,No,46,Yes,Yes,Fiber optic,No,No,No,No,No,Yes,One year,Yes,Bank transfer (automatic),82.69,3805.13,2,4,0
CUST-13275,Female,0,Yes,No,72,Yes,No,Fiber optic,No,No,Yes,No,No,Yes,Two year,Yes,Credit card (automatic),90.33,6505.73,2,3,0
CUST-13276,Male,0,Yes,No,11,Yes,No,DSL,No,No,No,No,Yes,No,Month-to-month,Yes,Mailed check,53.56,578.49,1,3,0
CUST-13277,Female,0,No,No,15,Yes,No,No,No internet service,No internet service,No internet service,No internet service,No internet service,No internet service,One year,Yes,Electronic check,23.88,363.34,1,1,0
CUST-13278,Female,0,No,Yes,31,Yes,Yes,No,No internet service,No internet service,No internet service,No internet service,No internet service,No internet service,Month-to-month,Yes,Electronic check,18.25,559.72,1,3,0
CUST-13279,Female,0,Yes,No,69,Yes,No,No,No internet service,No internet service,No internet service,No internet service,No internet service,No internet service,Two year,No,Mailed check,21.77,1514.49,4,3,0
CUST-13280,Female,0,No,Yes,56,Yes,Yes,DSL,No,No,No,No,No,Yes,Month-to-month,Yes,Bank transfer (automatic),53.26,2981.28,3,1,0
CUST-13281,Male,0,No,No,1,Yes,Yes,Fiber optic,No,No,No,No,Yes,Yes,Two year,Yes,Mailed check,92.08,62.47,1,4,0
CUST-13282,Male,0,No,Yes,4,Yes,Yes,Fiber optic,No,No,Yes,No,No,Yes,Month-to-month,Yes,Credit card (automatic),92.92,381.4,2,2,1
CUST-13283,Female,0,No,No,35,No,No phone service,Fiber optic,No,Yes,Yes,Yes,No,No,One year,Yes,Mailed check,96.87,3392.89,1,2,0
CUST-13284,Male,0,No,No,29,Yes,No,DSL,No,Yes,Yes,No,Yes,No,Month-to-month,No,Electronic check,66.88,1930.08,3,3,1
CUST-13285,Female,1,Yes,No,3,Yes,No,Fiber optic,Yes,Yes,Yes,No,Yes,Yes,Two year,No,Electronic check,114.43,342.35,0,3,0
CUST-13286,Female,0,Yes,Yes,17,Yes,No,DSL,No,No,No,Yes,Yes,No,One year,Yes,Mailed check,57.57,959.72,1,4,0
CUST-13287,Female,0,Yes,No,37,Yes,No,DSL,Yes,No,Yes,No,Yes,No,Month-to-month,Yes,Credit card (automatic),67.04,2459.01,2,4,0
CUST-13288,Female,1,No,No,6,Yes,Yes,Fiber optic,No,No,No,No,No,Yes,Month-to-month,Yes,Credit card (automatic),82.83,489.06,0,2,1
CUST-13289,Female,0,Yes,No,51,Yes,Yes,No,No internet service,No internet service,No internet service,No internet service,No internet service,No internet service,One year,Yes,Electronic check,23.13,1185.59,2,2,0
CUST-13290,Male,0,No,No,1,Yes,No,DSL,No,No,Yes,No,No,No,Month-to-month,Yes,Electronic check,52.89,60.98,3,2,1
CUST-13291,Female,0,Yes,No,38,Yes,No,No,No internet service,No internet service,No internet service,No internet service,No internet service,No internet service,One year,Yes,Credit card (automatic),20.57,758.64,2,3,0
CUST-13292,Male,1,No,Yes,23,Yes,No,No,No internet service,No internet service,No internet service,No internet service,No internet service,No internet service,Month-to-month,Yes,Electronic check,19.33,444.32,4,1,1
CUST-13293,Male,1,Yes,No,9,Yes,Yes,Fiber optic,No,Yes,Yes,No,No,Yes,Month-to-month,No,Credit card (automatic),98.4,863.59,2,4,1
CUST-13294,Female,0,Yes,Yes,31,Yes,Yes,Fiber optic,Yes,Yes,No,Yes,Yes,No,Month-to-month,No,Mailed check,105.54,3273.16,2,1,1
CUST-13295,Female,0,Yes,Yes,38,Yes,Yes,Fiber optic,Yes,Yes,No,No,Yes,No,Month-to-month,No,Mailed check,95.55,3627.0,2,5,0
CUST-13296,Female,0,Yes,No,67,Yes,No,DSL,Yes,No,Yes,No,Yes,Yes,Month-to-month,No,Electronic check,76.88,5154.05,0,4,0
CUST-13297,Female,1,Yes,No,11,Yes,No,DSL,No,No,No,No,Yes,No,One year,Yes,Bank transfer (automatic),48.53,519.35,3,5,0
CUST-13298,Female,1,No,Yes,28,Yes,Yes,No,No internet service,No internet service,No internet service,No internet service,No internet service,No internet service,Month-to-month,Yes,Credit card (automatic),20.29,593.45,2,1,0
CUST-13299,Male,0,Yes,Yes,23,Yes,Yes,Fiber optic,No,Yes,No,No,No,No,Month-to-month,Yes,Mailed check,87.84,2058.91,0,2,1
CUST-13300,Female,0,Yes,No,18,Yes,Yes,DSL,No,No,Yes,No,Yes,Yes,Month-to-month,No,Mailed check,63.17,1131.98,3,5,0
CUST-13301,Female,0,No,Yes,55,Yes,No,No,No internet service,No internet service,No internet service,No internet service,No internet service,No internet service,Two year,No,Bank transfer (automatic),18.25,989.03,3,5,0
CUST-13302,Male,0,Yes,No,1,Yes,No,DSL,Yes,No,Yes,Yes,No,Yes,One year,Yes,Mailed check,78.6,56.38,2,2,0
CUST-13303,Male,0,No,No,8,Yes,No,Fiber optic,No,Yes,Yes,Yes,No,Yes,Month-to-month,Yes,Credit card (automatic),107.44,833.66,4,3,1
CUST-13304,Female,0,No,No,19,Yes,No,DSL,Yes,No,No,Yes,No,Yes,Two year,No,Electronic check,64.54,1246.22,1,2,0
CUST-13305,Male,0,Yes,Yes,4,Yes,Yes,Fiber optic,Yes,Yes,No,No,No,No,One year,Yes,Credit card (automatic),86.4,335.35,2,4,0
CUST-13306,Female,0,Yes,Yes,59,No,No phone service,Fiber optic,No,Yes,No,No,No,Yes,Two year,No,Electronic check,83.28,4886.39,3,1,0
CUST-13307,Male,1,Yes,No,26,Yes,No,Fiber optic,No,No,No,No,No,No,One year,Yes,Electronic check,69.61,1786.44,1,4,0
CUST-13308,Male,0,No,No,16,Yes,No,Fiber optic,No,No,No,No,No,Yes,Month-to-month,Yes,Electronic check,81.85,1284.44,2,2,1
CUST-13309,Female,0,No,Yes,42,Yes,Yes,No,No internet service,No internet service,No internet service,No internet service,No internet service,No internet service,One year,No,Credit card (automatic),23.55,1014.47,0,3,0
CUST-13310,Male,0,No,Yes,14,Yes,No,Fiber optic,Yes,No,Yes,No,Yes,Yes,Month-to-month,Yes,Electronic check,108.18,1542.92,2,3,1
CUST-13311,Male,1,No,Yes,20,Yes,No,DSL,No,No,Yes,No,No,No,Month-to-month,Yes,Credit card (automatic),54.87,1092.75,0,3,0
CUST-13312,Male,0,Yes,No,1,Yes,No,Fiber optic,Yes,No,No,No,No,No,Month-to-month,No,Bank transfer (automatic),78.24,71.01,2,3,1
CUST-13313,Male,0,No,No,11,Yes,No,Fiber optic,No,No,No,Yes,Yes,Yes,Month-to-month,Yes,Bank transfer (automatic),101.68,1076.17,1,4,1
CUST-13314,Male,0,No,No,3,Yes,No,Fiber optic,Yes,No,Yes,No,No,Yes,Month-to-month,Yes,Bank transfer (automatic),99.39,269.28,1,2,1
CUST-13315,Male,0,No,No,29,Yes,No,Fiber optic,No,Yes,No,No,Yes,Yes,Month-to-month,Yes,Electronic check,93.1,2681.63,1,4,0
CUST-13316,Female,0,No,No,16,Yes,Yes,Fiber optic,No,No,No,No,No,Yes,Two year,Yes,Credit card (automatic),78.79,1272.26,0,3,0
CUST-13317,Female,0,No,No,8,Yes,Yes,DSL,No,No,No,No,Yes,Yes,Month-to-month,Yes,Credit card (automatic),62.43,546.92,3,1,1
CUST-13318,Male,1,Yes,Yes,15,Yes,Yes,No,No internet service,No internet service,No internet service,No internet service,No internet service,No internet service,Month-to-month,Yes,Mailed check,22.62,353.97,2,4,0
CUST-13319,Female,0,Yes,Yes,5,Yes,No,Fiber optic,No,Yes,No,No,Yes,Yes,Two year,Yes,Credit card (automatic),96.32,478.16,1,2,0
CUST-13320,Female,1,No,Yes,64,Yes,Yes,Fiber optic,No,Yes,No,No,No,No,Month-to-month,Yes,Bank transfer (automatic),81.01,5187.46,4,4,0
CUST-13321,Female,0,Yes,No,1,Yes,No,Fiber optic,No,Yes,No,No,No,Yes,Two year,No,Bank transfer (automatic),91.46,93.48,1,4,0
CUST-13322,Male,0,No,No,50,Yes,No,No,No internet service,No internet service,No internet service,No internet service,No internet service,No internet service,Month-to-month,Yes,Mailed check,20.54,1020.08,2,3,0
CUST-13323,Female,0,Yes,No,17,Yes,Yes,DSL,Yes,No,No,No,No,No,Two year,No,Mailed check,54.33,920.11,4,4,0
CUST-13324,Male,0,No,Yes,24,Yes,No,No,No internet service,No internet service,No internet service,No internet service,No internet service,No internet service,Month-to-month,Yes,Electronic check,18.25,403.18,0,5,0
CUST-13325,Female,0,No,Yes,9,Yes,Yes,Fiber optic,Yes,Yes,Yes,No,No,Yes,Month-to-month,Yes,Mailed check,104.95,929.47,1,2,1
CUST-13326,Male,0,Yes,Yes,72,Yes,Yes,Fiber optic,No,Yes,No,No,Yes,No,Two year,Yes,Credit card (automatic),91.07,6548.58,1,3,0
CUST-13327,Male,0,No,No,8,Yes,Yes,Fiber optic,No,Yes,Yes,Yes,No,No,Two year,No,Mailed check,98.09,762.17,2,1,0
CUST-13328,Female,0,No,Yes,22,Yes,No,No,No internet service,No internet service,No internet service,No internet service,No internet service,No internet service,One year,Yes,Bank transfer (automatic),20.11,446.2,1,4,0
CUST-13329,Female,0,No,Yes,72,Yes,No,Fiber optic,Yes,No,Yes,Yes,Yes,No,One year,Yes,Electronic check,102.77,7409.87,3,3,0
CUST-13330,Male,1,Yes,No,53,Yes,Yes,DSL,Yes,No,Yes,No,No,Yes,Month-to-month,Yes,Mailed check,68.51,3656.67,0,1,0
CUST-13331,Female,0,Yes,Yes,19,Yes,No,DSL,No,Yes,Yes,Yes,Yes,Yes,One year,No,Electronic check,77.2,1458.1,1,3,0
CUST-13332,Female,0,Yes,No,72,No,No phone service,DSL,No,Yes,Yes,No,No,Yes,Month-to-month,No,Bank transfer (automatic),68.2,4872.21,1,3,0
CUST-13333,Female,0,Yes,Yes,30,Yes,No,Fiber optic,No,No,Yes,No,No,No,Month-to-month,Yes,Bank transfer (automatic),86.91,2638.99,2,2,1
CUST-13334,Male,0,No,No,5,Yes,Yes,DSL,No,No,No,No,No,No,Month-to-month,Yes,Mailed check,45.64,208.22,0,1,1
CUST-13335,Male,0,No,No,13,Yes,Yes,Fiber optic,Yes,No,No,Yes,Yes,No,Month-to-month,Yes,Mailed check,94.74,1272.37,0,2,1
CUST-13336,Female,1,No,No,10,Yes,Yes,No,No internet service,No internet service,No internet service,No internet service,No internet service,No internet service,One year,No,Credit card (automatic),19.02,220.59,2,2,0
CUST-13337,Female,0,No,No,10,Yes,No,Fiber optic,No,No,Yes,No,Yes,No,Month-to-month,No,Electronic check,87.54,868.32,2,4,1
CUST-13338,Female,0,No,No,35,Yes,No,Fiber optic,No,No,No,Yes,Yes,No,One year,Yes,Credit card (automatic),90.61,3164.95,2,2,0
CUST-13339,Male,0,Yes,No,21,Yes,Yes,Fiber optic,No,No,No,No,No,Yes,Month-to-month,Yes,Mailed check,82.57,1709.09,2,5,0
CUST-13340,Male,0,No,No,1,Yes,Yes,No,No internet service,No internet service,No internet service,No internet service,No internet service,No internet service,One year,Yes,Credit card (automatic),18.25,18.25,0,2,0
CUST-13341,Female,0,Yes,No,52,Yes,Yes,Fiber optic,No,No,Yes,No,Yes,No,Month-to-month,No,Credit card (automatic),93.24,4858.71,0,4,0
CUST-13342,Female,0,No,No,8,No,No phone service,DSL,No,No,Yes,No,Yes,Yes,Month-to-month,Yes,Electronic check,66.56,528.88,1,3,1
CUST-13343,Female,0,Yes,No,72,Yes,Yes,Fiber optic,Yes,Yes,No,No,Yes,No,Month-to-month,No,Credit card (automatic),98.8,7135.84,5,5,0
CUST-13344,Female,1,Yes,Yes,72,Yes,No,Fiber optic,Yes,Yes,Yes,No,No,Yes,Month-to-month,Yes,Bank transfer (automatic),109.67,7921.4,1,4,0
CUST-13345,Female,0,No,No,70,Yes,Yes,DSL,Yes,No,No,No,Yes,No,Month-to-month,Yes,Electronic check,56.32,3906.27,2,3,0
CUST-13346,Female,0,No,No,41,Yes,No,Fiber optic,No,No,Yes,Yes,No,No,Month-to-month,Yes,Credit card (automatic),94.7,3883.52,0,4,0
CUST-13347,Male,0,No,No,6,Yes,No,DSL,Yes,No,No,Yes,Yes,Yes,Month-to-month,No,Bank transfer (automatic),73.17,481.45,1,4,1
CUST-13348,Female,0,No,Yes,19,No,No phone service,No,No internet service,No internet service,No internet service,No internet service,No internet service,No internet service,Month-to-month,Yes,Electronic check,23.98,435.13,2,5,0
CUST-13349,Male,0,Yes,No,6,Yes,Yes,No,No internet service,No internet service,No internet service,No internet service,No internet service,No internet service,Two year,No,Electronic check,23.59,164.36,2,2,0
CUST-13350,Female,0,No,Yes,7,Yes,Yes,Fiber optic,No,Yes,No,Yes,No,Yes,Month-to-month,Yes,Bank transfer (automatic),95.62,676.09,3,3,1
CUST-13351,Female,1,Yes,No,23,Yes,Yes,DSL,Yes,No,No,No,Yes,No,One year,Yes,Electronic check,59.66,1377.76,2,3,0
CUST-13352,Male,1,No,Yes,1,Yes,No,No,No internet service,No internet service,No internet service,No internet service,No internet service,No internet service,Month-to-month,No,Electronic check,18.25,18.25,0,3,1
CUST-13353,Male,1,No,No,72,Yes,No,DSL,No,No,Yes,No,No,No,One year,No,Credit card (automatic),51.48,3680.88,0,3,0
CUST-13354,Male,0,Yes,Yes,62,Yes,No,Fiber optic,No,No,No,No,Yes,Yes,Month-to-month,No,Bank transfer (automatic),87.02,5362.58,1,3,0
CUST-13355,Male,0,No,Yes,11,Yes,No,DSL,No,No,No,Yes,No,Yes,Month-to-month,Yes,Bank transfer (automatic),57.78,622.31,3,4,0
CUST-13356,Female,0,No,No,18,Yes,Yes,No,No internet service,No internet service,No internet service,No internet service,No internet service,No internet service,One year,Yes,Electronic check,20.19,340.43,2,2,0
CUST-13357,Male,0,Yes,No,15,Yes,Yes,DSL,No,Yes,Yes,Yes,No,No,Month-to-month,Yes,Electronic check,68.78,1041.52,0,3,1
CUST-13358,Female,0,No,Yes,53,No,No phone service,No,No internet service,No internet service,No internet service,No internet service,No internet service,No internet service,Month-to-month,Yes,Mailed check,18.25,1008.75,1,5,0
CUST-13359,Male,0,No,No,29,Yes,Yes,DSL,Yes,No,No,No,No,Yes,Month-to-month,No,Bank transfer (automatic),60.1,1772.74,1,1,0
CUST-13360,Female,0,No,Yes,8,Yes,No,Fiber optic,Yes,Yes,No,No,Yes,No,Month-to-month,Yes,Electronic check,96.04,757.96,1,2,1
CUST-13361,Female,0,Yes,No,14,Yes,Yes,Fiber optic,No,No,No,No,No,No,Two year,Yes,Electronic check,76.35,1091.88,0,1,0
CUST-13362,Female,0,Yes,No,14,No,No phone service,Fiber optic,Yes,No,Yes,No,No,Yes,One year,Yes,Credit card (automatic),96.8,1371.84,1,1,1
CUST-13363,Female,0,No,Yes,72,Yes,No,Fiber optic,Yes,Yes,Yes,No,No,Yes,Month-to-month,No,Credit card (automatic),101.71,7327.32,1,1,0
CUST-13364,Female,0,Yes,No,4,Yes,No,No,No internet service,No internet service,No internet service,No internet service,No internet service,No internet service,Two year,Yes,Bank transfer (automatic),18.25,106.65,3,3,0
CUST-13365,Female,0,No,Yes,2,Yes,Yes,DSL,Yes,No,Yes,Yes,No,No,Month-to-month,Yes,Mailed check,66.68,96.65,1,4,1
CUST-13366,Male,0,Yes,No,53,Yes,No,DSL,No,Yes,Yes,No,Yes,No,One year,No,Electronic check,69.41,3665.04,0,2,0
CUST-13367,Female,0,No,No,56,Yes,No,DSL,No,Yes,Yes,No,No,No,Two year,Yes,Electronic check,64.54,3629.95,5,2,0
CUST-13368,Male,0,No,No,51,Yes,Yes,Fiber optic,No,No,Yes,No,No,Yes,Month-to-month,Yes,Credit card (automatic),88.08,4498.23,1,4,0
CUST-13369,Male,0,Yes,No,17,No,No phone service,Fiber optic,Yes,No,No,No,No,No,One year,Yes,Mailed check,77.24,1299.66,1,2,0
CUST-13370,Female,0,Yes,No,26,Yes,Yes,No,No internet service,No internet service,No internet service,No internet service,No internet service,No internet service,One year,No,Bank transfer (automatic),23.76,590.14,1,2,0
CUST-13371,Male,0,No,Yes,20,Yes,Yes,DSL,No,No,Yes,Yes,No,No,Month-to-month,No,Mailed check,61.69,1203.59,5,4,0
CUST-13372,Female,0,No,No,1,No,No phone service,DSL,No,No,No,Yes,Yes,Yes,Two year,Yes,Bank transfer (automatic),68.37,65.37,3,4,0
CUST-13373,Male,0,Yes,No,22,Yes,No,No,No internet service,No internet service,No internet service,No internet service,No internet service,No internet service,Month-to-month,Yes,Electronic check,18.25,415.5,6,3,0
CUST-13374,Female,0,No,No,1,Yes,Yes,Fiber optic,No,Yes,Yes,No,Yes,No,One year,Yes,Mailed check,97.27,123.19,3,1,1
CUST-13375,Male,0,Yes,No,9,Yes,No,No,No internet service,No internet service,No internet service,No internet service,No internet service,No internet service,Month-to-month,Yes,Mailed check,22.11,177.89,1,3,0
CUST-13376,Female,1,Yes,Yes,67,Yes,No,No,No internet service,No internet service,No internet service,No internet service,No internet service,No internet service,Month-to-month,Yes,Electronic check,18.25,1217.01,2,4,0
CUST-13377,Female,0,No,Yes,9,Yes,No,Fiber optic,No,No,Yes,Yes,No,Yes,One year,Yes,Bank transfer (automatic),100.25,883.23,4,4,0
CUST-13378,Female,0,Yes,Yes,70,Yes,Yes,Fiber optic,No,Yes,No,Yes,Yes,No,Month-to-month,No,Mailed check,98.74,6920.45,0,3,0
CUST-13379,Female,0,No,Yes,7,Yes,No,No,No internet service,No internet service,No internet service,No internet service,No internet service,No internet service,Month-to-month,Yes,Mailed check,23.68,177.39,2,2,0
CUST-13380,Male,0,Yes,Yes,9,Yes,Yes,Fiber optic,No,No,Yes,No,No,Yes,Two year,Yes,Bank transfer (automatic),92.39,813.76,3,4,0
CUST-13381,Female,0,Yes,No,24,Yes,Yes,Fiber optic,Yes,Yes,Yes,No,Yes,Yes,Month-to-month,No,Electronic check,105.87,2513.94,0,5,1
CUST-13382,Male,0,Yes,No,35,Yes,No,DSL,No,No,Yes,Yes,Yes,No,One year,No,Mailed check,64.49,2292.26,1,4,0
CUST-13383,Male,1,No,Yes,17,Yes,Yes,DSL,No,No,No,No,No,No,Month-to-month,Yes,Electronic check,47.04,800.45,1,2,1
CUST-13384,Male,0,No,No,53,Yes,No,DSL,No,Yes,No,No,No,Yes,Month-to-month,No,Bank transfer (automatic),56.33,2987.39,0,5,0
CUST-13385,Female,0,No,Yes,1,Yes,No,No,No internet service,No internet service,No internet service,No internet service,No internet service,No internet service,One year,Yes,Electronic check,18.25,18.25,1,3,0
CUST-13386,Male,0,Yes,No,63,Yes,No,No,No internet service,No internet service,No internet service,No internet service,No internet service,No internet service,Month-to-month,Yes,Electronic check,19.51,1225.76,3,1,0
CUST-13387,Male,1,Yes,No,5,Yes,No,No,No internet service,No internet service,No internet service,No internet service,No internet service,No internet service,Month-to-month,Yes,Credit card (automatic),18.5,78.43,0,2,0
CUST-13388,Male,0,No,No,53,Yes,No,Fiber optic,No,No,No,Yes,No,No,Month-to-month,No,Electronic check,76.5,4042.61,4,4,0
CUST-13389,Female,0,Yes,No,12,Yes,Yes,DSL,No,Yes,No,No,No,Yes,Month-to-month,No,Electronic check,61.33,716.73,3,4,1
CUST-13390,Female,0,No,Yes,44,No,No phone service,Fiber optic,No,Yes,No,No,No,No,Two year,No,Bank transfer (automatic),81.83,3623.32,1,3,0
CUST-13391,Male,0,Yes,No,27,Yes,No,Fiber optic,No,Yes,Yes,No,No,Yes,Month-to-month,Yes,Electronic check,98.23,2637.99,1,1,1
CUST-13392,Female,0,No,No,4,Yes,No,No,No internet service,No internet service,No internet service,No internet service,No internet service,No internet service,Month-to-month,No,Mailed check,19.39,94.64,2,1,0
CUST-13393,Female,0,Yes,No,62,Yes,No,Fiber optic,Yes,No,No,No,Yes,No,Month-to-month,Yes,Credit card (automatic),83.18,5132.66,1,2,0
CUST-13394,Male,0,No,Yes,7,Yes,Yes,No,No internet service,No internet service,No internet service,No internet service,No internet service,No internet service,Two year,No,Credit card (automatic),18.25,155.61,3,1,0
CUST-13395,Male,0,Yes,No,6,No,No phone service,Fiber optic,No,Yes,No,No,No,No,One year,Yes,Electronic check,79.74,481.49,4,3,1
CUST-13396,Female,1,Yes,No,42,Yes,Yes,No,No internet service,No internet service,No internet service,No internet service,No internet service,No internet service,Two year,Yes,Electronic check,20.09,856.96,5,4,0
CUST-13397,Male,0,Yes,No,2,Yes,Yes,Fiber optic,No,Yes,Yes,Yes,No,Yes,Two year,No,Bank transfer (automatic),106.99,180.13,1,3,0
CUST-13398,Female,1,Yes,Yes,6,Yes,Yes,Fiber optic,No,No,No,No,Yes,Yes,Two year,Yes,Electronic check,88.82,545.52,1,4,0
CUST-13399,Female,0,Yes,Yes,17,Yes,Yes,DSL,No,No,Yes,Yes,No,No,Month-to-month,Yes,Electronic check,61.89,1095.78,1,4,0
CUST-13400,Female,0,No,No,44,Yes,No,Fiber optic,Yes,No,No,No,Yes,No,Month-to-month,Yes,Mailed check,94.12,4144.6,2,2,1
CUST-13401,Female,0,No,Yes,3,Yes,Yes,DSL,Yes,No,Yes,Yes,Yes,Yes,Two year,No,Electronic check,84.26,303.82,2,2,0
CUST-13402,Female,0,No,Yes,19,Yes,Yes,No,No internet service,No internet service,No internet service,No internet service,No internet service,No internet service,Month-to-month,Yes,Credit card (automatic),25.62,450.66,0,2,0
CUST-13403,Female,0,No,Yes,31,Yes,No,DSL,No,Yes,No,No,No,No,Month-to-month,Yes,Electronic check,48.97,1498.62,2,3,0
CUST-13404,Male,0,No,Yes,49,Yes,Yes,Fiber optic,No,No,No,No,No,No,Month-to-month,Yes,Electronic check,78.2,3840.19,4,4,0
CUST-13405,Male,0,Yes,Yes,68,Yes,No,Fiber optic,No,Yes,Yes,No,Yes,No,One year,Yes,Credit card (automatic),96.06,6512.67,2,2,0
CUST-13406,Female,0,Yes,No,38,Yes,No,Fiber optic,Yes,No,No,No,Yes,Yes,Month-to-month,No,Mailed check,98.45,3784.2,1,2,1
CUST-13407,Female,0,Yes,Yes,26,Yes,No,DSL,No,No,No,Yes,Yes,No,Two year,No,Bank transfer (automatic),55.46,1420.59,0,1,0
CUST-13408,Female,0,No,Yes,14,Yes,No,DSL,Yes,Yes,Yes,No,Yes,No,Two year,No,Electronic check,80.74,1145.25,0,1,0
CUST-13409,Male,0,Yes,Yes,2,Yes,No,Fiber optic,Yes,No,Yes,Yes,No,Yes,Month-to-month,Yes,Mailed check,102.84,191.62,1,4,1
CUST-13410,Female,0,Yes,No,30,Yes,Yes,DSL,No,No,Yes,Yes,No,No,Month-to-month,No,Bank transfer (automatic),62.53,1836.63,0,1,0
CUST-13411,Male,1,No,No,72,Yes,No,Fiber optic,No,No,No,Yes,Yes,No,Month-to-month,Yes,Mailed check,95.41,6866.58,3,3,0
CUST-13412,Female,0,Yes,No,33,Yes,No,DSL,No,No,No,No,No,No,Month-to-month,Yes,Electronic check,44.88,1474.01,0,3,0
CUST-13413,Female,0,No,Yes,1,Yes,Yes,DSL,No,Yes,No,No,No,No,Month-to-month,No,Bank transfer (automatic),56.29,64.27,0,5,0
CUST-13414,Male,0,No,No,17,No,No phone service,Fiber optic,Yes,No,No,No,No,No,Month-to-month,No,Mailed check,78.76,1355.74,3,4,0
CUST-13415,Male,0,Yes,No,23,Yes,Yes,No,No internet service,No internet service,No internet service,No internet service,No internet service,No internet service,Two year,Yes,Electronic check,22.67,506.8,3,4,0
CUST-13416,Female,1,Yes,Yes,29,Yes,No,DSL,No,No,Yes,No,No,No,Month-to-month,No,Credit card (automatic),52.95,1552.73,0,1,0
CUST-13417,Female,0,No,No,31,Yes,No,DSL,No,No,Yes,No,No,No,One year,No,Credit card (automatic),51.85,1608.23,0,4,0
CUST-13418,Female,0,No,No,20,No,No phone service,DSL,Yes,No,Yes,No,No,Yes,Month-to-month,No,Electronic check,65.6,1295.02,0,2,1
CUST-13419,Male,0,Yes,No,6,Yes,Yes,No,No internet service,No internet service,No internet service,No internet service,No internet service,No internet service,One year,No,Bank transfer (automatic),18.25,95.64,0,2,0
CUST-13420,Male,0,No,No,71,Yes,No,DSL,No,No,No,No,No,Yes,Month-to-month,Yes,Mailed check,52.91,3757.07,0,3,0
CUST-13421,Male,1,No,No,29,No,No phone service,Fiber optic,Yes,No,No,Yes,Yes,No,Month-to-month,No,Electronic check,96.26,2800.48,0,4,0
CUST-13422,Male,0,Yes,Yes,6,Yes,No,Fiber optic,No,Yes,No,Yes,Yes,Yes,Month-to-month,Yes,Electronic check,106.89,638.93,0,2,1
CUST-13423,Male,0,Yes,No,9,Yes,No,Fiber optic,No,No,No,Yes,No,No,Month-to-month,Yes,Bank transfer (automatic),83.38,745.69,1,4,1
CUST-13424,Male,0,No,Yes,63,Yes,No,Fiber optic,No,No,Yes,No,Yes,No,Month-to-month,Yes,Electronic check,90.98,5716.17,3,2,1
CUST-13425,Female,0,Yes,No,54,Yes,No,No,No internet service,No internet service,No internet service,No internet service,No internet service,No internet service,Month-to-month,No,Bank transfer (automatic),21.87,1182.2,0,1,0
CUST-13426,Female,0,No,Yes,12,Yes,No,Fiber optic,Yes,Yes,No,Yes,Yes,Yes,Month-to-month,No,Mailed check,109.35,1316.72,1,4,1
CUST-13427,Male,0,Yes,No,1,Yes,No,No,No internet service,No internet service,No internet service,No internet service,No internet service,No internet service,Two year,No,Bank transfer (automatic),18.25,56.92,0,5,0
CUST-13428,Female,0,No,No,1,Yes,No,Fiber optic,No,No,No,No,No,Yes,Two year,Yes,Credit card (automatic),79.63,60.3,0,5,0
CUST-13429,Female,1,No,No,8,No,No phone service,Fiber optic,Yes,No,Yes,No,No,No,One year,Yes,Bank transfer (automatic),89.08,738.25,2,1,0
CUST-13430,Male,0,No,Yes,24,Yes,No,No,No internet service,No internet service,No internet service,No internet service,No internet service,No internet service,Month-to-month,No,Mailed check,18.25,452.61,3,3,0
CUST-13431,Female,0,Yes,No,21,Yes,Yes,Fiber optic,Yes,No,Yes,No,Yes,Yes,One year,No,Credit card (automatic),101.26,2123.73,1,2,0
CUST-13432,Male,0,Yes,No,25,Yes,Yes,DSL,Yes,No,Yes,No,Yes,Yes,Month-to-month,No,Electronic check,70.42,1798.13,0,3,0
CUST-13433,Male,1,No,Yes,31,Yes,Yes,No,No internet service,No internet service,No internet service,No internet service,No internet service,No internet service,One year,Yes,Mailed check,19.5,602.23,2,1,0
CUST-13434,Female,0,Yes,No,1,Yes,No,No,No internet service,No internet service,No internet service,No internet service,No internet service,No internet service,Month-to-month,No,Mailed check,19.24,24.29,4,3,0
CUST-13435,Male,0,Yes,Yes,2,Yes,No,No,No internet service,No internet service,No internet service,No internet service,No internet service,No internet service,Month-to-month,Yes,Mailed check,19.95,32.34,3,5,0
CUST-13436,Male,0,No,No,11,Yes,No,No,No internet service,No internet service,No internet service,No internet service,No internet service,No internet service,Month-to-month,No,Electronic check,22.35,259.08,0,3,0
CUST-13437,Male,0,Yes,Yes,4,Yes,No,DSL,No,No,No,No,Yes,Yes,Month-to-month,Yes,Mailed check,60.0,239.92,3,2,1
CUST-13438,Male,0,Yes,Yes,1,Yes,No,Fiber optic,No,No,No,No,Yes,Yes,One year,Yes,Electronic check,91.6,73.48,2,4,0
CUST-13439,Male,0,Yes,No,25,Yes,Yes,DSL,Yes,No,Yes,No,No,Yes,Month-to-month,No,Credit card (automatic),69.35,1741.66,1,3,0
CUST-13440,Male,0,No,No,42,Yes,Yes,No,No internet service,No internet service,No internet service,No internet service,No internet service,No internet service,Month-to-month,Yes,Bank transfer (automatic),18.25,798.21,2,1,0
CUST-13441,Male,0,No,Yes,34,Yes,No,DSL,No,No,No,No,Yes,Yes,Month-to-month,Yes,Electronic check,66.08,2234.55,0,3,0
CUST-13442,Male,0,Yes,No,42,No,No phone service,Fiber optic,No,Yes,No,No,Yes,No,One year,Yes,Bank transfer (automatic),87.46,3690.67,1,4,0
CUST-13443,Female,1,Yes,Yes,27,Yes,No,DSL,No,No,Yes,No,Yes,No,Month-to-month,Yes,Credit card (automatic),59.67,1599.0,1,2,1
CUST-13444,Female,1,Yes,Yes,33,Yes,No,DSL,Yes,No,Yes,No,No,Yes,Two year,Yes,Credit card (automatic),65.7,2175.97,0,2,0
CUST-13445,Female,0,No,No,7,Yes,Yes,Fiber optic,No,No,Yes,No,No,No,One year,Yes,Electronic check,82.13,585.7,3,2,1
CUST-13446,Male,0,Yes,Yes,72,Yes,Yes,DSL,No,Yes,Yes,No,No,Yes,One year,Yes,Credit card (automatic),71.28,5156.98,1,4,0
CUST-13447,Male,0,No,No,5,No,No phone service,DSL,No,No,No,No,Yes,No,Month-to-month,Yes,Credit card (automatic),55.86,263.07,2,2,1
CUST-13448,Female,0,Yes,No,6,Yes,No,DSL,No,No,No,No,Yes,Yes,Month-to-month,Yes,Mailed check,58.61,347.42,3,2,1
CUST-13449,Female,0,No,No,8,Yes,No,Fiber optic,No,No,No,Yes,Yes,No,Month-to-month,Yes,Credit card (automatic),85.75,674.99,4,5,1
CUST-13450,Female,0,Yes,No,72,Yes,No,Fiber optic,No,Yes,No,No,Yes,Yes,Month-to-month,Yes,Credit card (automatic),103.18,7443.25,3,5,0
CUST-13451,Male,0,No,Yes,72,Yes,Yes,DSL,No,Yes,Yes,Yes,No,No,Two year,Yes,Bank transfer (automatic),71.83,5184.63,1,3,0
CUST-13452,Female,0,Yes,No,39,Yes,Yes,DSL,No,No,No,Yes,Yes,Yes,One year,No,Credit card (automatic),60.68,2370.36,5,5,0
CUST-13453,Female,0,Yes,No,24,Yes,No,Fiber optic,No,No,No,Yes,No,Yes,Month-to-month,No,Electronic check,90.56,2171.93,1,4,1
CUST-13454,Male,0,No,Yes,18,Yes,Yes,Fiber optic,No,Yes,No,No,No,Yes,Two year,No,Credit card (automatic),85.75,1561.2,0,2,0
CUST-13455,Female,0,No,No,72,Yes,Yes,Fiber optic,No,No,Yes,No,No,Yes,Month-to-month,Yes,Bank transfer (automatic),89.42,6413.16,0,4,0
CUST-13456,Male,0,Yes,No,29,Yes,No,DSL,Yes,Yes,No,Yes,Yes,No,Month-to-month,Yes,Mailed check,75.53,2193.15,6,4,0
CUST-13457,Male,0,No,No,72,Yes,No,No,No internet service,No internet service,No internet service,No internet service,No internet service,No internet service,Month-to-month,Yes,Credit card (automatic),21.64,1578.6,1,4,0
CUST-13458,Male,0,No,No,9,Yes,No,DSL,No,Yes,No,No,Yes,Yes,Month-to-month,No,Credit card (automatic),62.31,533.57,1,3,1
CUST-13459,Female,0,No,Yes,10,Yes,No,No,No internet service,No internet service,No internet service,No internet service,No internet service,No internet service,Two year,Yes,Bank transfer (automatic),24.75,239.25,2,3,0
CUST-13460,Female,0,Yes,No,48,Yes,Yes,DSL,Yes,Yes,No,No,No,Yes,Month-to-month,No,Electronic check,64.5,3087.0,2,4,0
CUST-13461,Male,1,No,No,4,Yes,Yes,DSL,No,Yes,Yes,No,No,Yes,One year,No,Bank transfer (automatic),65.9,255.59,0,4,0
CUST-13462,Female,0,No,No,72,Yes,Yes,Fiber optic,Yes,Yes,No,No,No,No,Month-to-month,No,Credit card (automatic),90.51,6552.25,1,4,0
CUST-13463,Female,0,Yes,Yes,17,Yes,No,DSL,Yes,No,Yes,Yes,No,Yes,Two year,No,Mailed check,73.34,1204.53,3,2,0
CUST-13464,Female,0,No,No,65,Yes,Yes,Fiber optic,No,No,No,Yes,No,No,Two year,No,Credit card (automatic),83.97,5449.01,1,5,0
CUST-13465,Female,1,Yes,No,10,No,No phone service,DSL,No,No,No,No,No,Yes,One year,Yes,Credit card (automatic),53.65,547.35,1,4,0
CUST-13466,Male,1,Yes,No,31,Yes,No,Fiber optic,No,Yes,No,No,No,Yes,One year,No,Mailed check,91.59,2855.43,0,3,0
CUST-13467,Female,0,No,No,16,Yes,Yes,Fiber optic,No,Yes,Yes,No,Yes,Yes,Month-to-month,No,Mailed check,105.9,1715.62,1,3,1
CUST-13468,Male,1,No,No,24,Yes,No,Fiber optic,No,No,No,Yes,No,Yes,Month-to-month,No,Electronic check,85.81,2030.84,4,3,1
CUST-13469,Male,0,Yes,No,17,No,No phone service,No,No internet service,No internet service,No internet service,No internet service,No internet service,No internet service,Month-to-month,Yes,Bank transfer (automatic),21.4,387.75,1,4,0
CUST-13470,Female,0,Yes,No,72,Yes,No,Fiber optic,No,No,No,No,No,No,Month-to-month,Yes,Electronic check,79.3,5731.73,2,4,0
CUST-13471,Male,0,No,Yes,29,Yes,No,Fiber optic,No,No,Yes,Yes,Yes,No,One year,No,Bank transfer (automatic),95.61,2757.14,1,4,0
CUST-13472,Female,0,Yes,No,7,Yes,Yes,No,No internet service,No internet service,No internet service,No internet service,No internet service,No internet service,Month-to-month,Yes,Credit card (automatic),19.83,120.6,1,3,0
CUST-13473,Female,1,No,No,60,Yes,No,DSL,Yes,No,No,No,No,Yes,One year,Yes,Mailed check,62.96,3753.48,1,3,0
CUST-13474,Male,0,No,No,8,Yes,Yes,Fiber optic,No,No,No,No,Yes,Yes,One year,Yes,Electronic check,92.92,698.69,0,2,1
CUST-13475,Male,1,Yes,No,11,No,No phone service,Fiber optic,No,No,Yes,No,Yes,No,Month-to-month,Yes,Credit card (automatic),87.84,1006.05,1,3,1
CUST-13476,Male,0,No,No,2,Yes,No,Fiber optic,No,Yes,No,Yes,Yes,Yes,Two year,Yes,Mailed check,102.39,205.92,3,3,0
CUST-13477,Male,0,No,No,57,No,No phone service,DSL,Yes,Yes,Yes,No,Yes,Yes,Month-to-month,Yes,Electronic check,82.52,4667.86,1,4,0
CUST-13478,Female,0,Yes,Yes,8,Yes,No,DSL,No,No,No,No,No,Yes,Month-to-month,Yes,Bank transfer (automatic),53.45,382.25,1,3,1
CUST-13479,Female,0,No,Yes,7,Yes,Yes,Fiber optic,Yes,No,No,No,No,Yes,Month-to-month,Yes,Bank transfer (automatic),92.36,626.57,0,4,1
CUST-13480,Female,0,No,No,63,Yes,No,No,No internet service,No internet service,No internet service,No internet service,No internet service,No internet service,Month-to-month,Yes,Electronic check,18.25,1140.49,0,2,0
CUST-13481,Male,0,No,No,40,Yes,No,Fiber optic,No,No,No,No,Yes,Yes,Month-to-month,No,Bank transfer (automatic),89.29,3585.73,3,5,0
CUST-13482,Male,1,No,No,3,Yes,No,Fiber optic,No,Yes,No,Yes,No,Yes,One year,Yes,Electronic check,97.64,313.45,0,2,1
CUST-13483,Male,0,Yes,No,36,No,No phone service,No,No internet service,No internet service,No internet service,No internet service,No internet service,No internet service,Two year,Yes,Credit card (automatic),18.25,662.49,1,4,0
CUST-13484,Female,0,Yes,No,61,No,No phone service,Fiber optic,No,Yes,No,No,No,No,Two year,Yes,Credit card (automatic),83.12,5071.52,1,3,0
CUST-13485,Male,0,Yes,No,2,Yes,No,No,No internet service,No internet service,No internet service,No internet service,No internet service,No internet service,Month-to-month,Yes,Electronic check,18.25,42.09,1,4,0
CUST-13486,Female,0,Yes,No,43,Yes,Yes,DSL,Yes,No,No,Yes,Yes,Yes,Two year,Yes,Credit card (automatic),78.01,3379.12,3,3,0
CUST-13487,Male,1,Yes,No,19,Yes,Yes,Fiber optic,No,Yes,No,No,Yes,No,Two year,No,Credit card (automatic),89.0,1692.45,0,4,0
CUST-13488,Female,0,No,No,27,No,No phone service,DSL,No,No,No,No,No,Yes,Month-to-month,Yes,Mailed check,52.2,1419.05,2,4,0
CUST-13489,Female,0,No,No,16,Yes,Yes,DSL,No,No,No,No,No,Yes,Two year,Yes,Electronic check,48.71,756.23,1,2,0
CUST-13490,Male,0,No,No,29,Yes,No,No,No internet service,No internet service,No internet service,No internet service,No internet service,No internet service,Two year,No,Bank transfer (automatic),23.82,694.53,5,2,0
CUST-13491,Male,0,No,No,1,Yes,Yes,Fiber optic,Yes,No,Yes,No,No,No,Two year,No,Mailed check,92.82,82.6,1,4,0
CUST-13492,Female,0,No,No,35,Yes,No,DSL,No,No,Yes,No,No,Yes,Month-to-month,No,Electronic check,60.16,2113.11,1,4,0
CUST-13493,Female,0,No,No,1,Yes,No,Fiber optic,No,Yes,Yes,Yes,Yes,No,One year,Yes,Electronic check,104.25,97.02,0,4,0
CUST-13494,Male,0,No,No,15,Yes,No,DSL,No,Yes,Yes,No,Yes,Yes,Month-to-month,Yes,Electronic check,77.67,1172.37,0,2,1
CUST-13495,Male,0,Yes,Yes,4,Yes,Yes,Fiber optic,No,No,No,No,Yes,No,Two year,No,Electronic check,84.58,322.51,2,2,0
CUST-13496,Female,0,No,No,43,No,No phone service,Fiber optic,No,Yes,No,Yes,Yes,Yes,Month-to-month,No,Credit card (automatic),102.75,4397.88,3,1,1
CUST-13497,Male,0,No,No,9,Yes,Yes,No,No internet service,No internet service,No internet service,No internet service,No internet service,No internet service,Two year,Yes,Credit card (automatic),18.25,147.64,1,5,0
CUST-13498,Female,0,Yes,No,15,Yes,Yes,Fiber optic,No,No,No,Yes,Yes,Yes,Month-to-month,Yes,Mailed check,94.83,1406.95,2,3,1
CUST-13499,Female,0,No,No,13,Yes,Yes,Fiber optic,No,No,Yes,No,No,Yes,Month-to-month,Yes,Mailed check,89.76,1172.8,0,3,1
CUST-13500,Male,0,No,Yes,37,Yes,Yes,DSL,No,Yes,Yes,No,No,Yes,Two year,Yes,Credit card (automatic),66.36,2470.5,3,4,0
CUST-13501,Male,0,Yes,Yes,16,Yes,Yes,No,No internet service,No internet service,No internet service,No internet service,No internet service,No internet service,Two year,Yes,Credit card (automatic),23.52,378.99,1,3,0
CUST-13502,Male,1,No,No,38,Yes,No,Fiber optic,No,No,Yes,Yes,No,No,Month-to-month,Yes,Credit card (automatic),93.27,3546.54,0,3,0
CUST-13503,Male,0,Yes,Yes,1,Yes,Yes,Fiber optic,No,No,Yes,No,No,Yes,Two year,Yes,Mailed check,89.63,91.91,1,3,0
CUST-13504,Male,0,Yes,No,5,Yes,Yes,Fiber optic,No,Yes,Yes,Yes,Yes,Yes,Two year,Yes,Mailed check,114.42,593.75,0,4,0
CUST-13505,Female,1,No,Yes,20,Yes,Yes,Fiber optic,Yes,Yes,Yes,Yes,Yes,Yes,Two year,Yes,Credit card (automatic),118.75,2353.8,1,4,0
CUST-13506,Female,0,No,No,72,Yes,Yes,DSL,No,Yes,Yes,No,No,No,One year,Yes,Credit card (automatic),66.91,4822.3,2,1,0
CUST-13507,Male,0,No,Yes,1,Yes,Yes,DSL,No,Yes,No,No,Yes,No,Two year,No,Credit card (automatic),62.34,65.68,1,1,0
CUST-13508,Male,0,No,No,1,Yes,Yes,DSL,No,Yes,Yes,No,Yes,Yes,Two year,No,Bank transfer (automatic),76.88,94.48,1,2,0
CUST-13509,Male,0,Yes,No,4,Yes,No,DSL,No,Yes,No,No,No,Yes,Two year,Yes,Mailed check,52.87,195.57,0,1,0
CUST-13510,Female,0,No,Yes,25,Yes,Yes,No,No internet service,No internet service,No internet service,No internet service,No internet service,No internet service,Month-to-month,Yes,Electronic check,23.32,614.65,1,3,0
CUST-13511,Male,0,No,No,12,Yes,No,DSL,Yes,No,No,Yes,No,Yes,Month-to-month,Yes,Electronic check,67.86,812.16,0,4,0
CUST-13512,Male,1,No,No,43,Yes,Yes,No,No internet service,No internet service,No internet service,No internet service,No internet service,No internet service,Two year,No,Electronic check,18.25,760.4,1,2,0
CUST-13513,Female,0,Yes,No,1,Yes,No,DSL,No,No,Yes,No,No,Yes,One year,Yes,Bank transfer (automatic),57.65,47.31,1,3,0
CUST-13514,Female,0,No,Yes,5,Yes,No,No,No internet service,No internet service,No internet service,No internet service,No internet service,No internet service,Two year,No,Bank transfer (automatic),21.13,119.78,3,3,0
CUST-13515,Male,0,No,No,8,Yes,No,Fiber optic,No,No,No,Yes,No,No,Two year,No,Mailed check,78.36,622.92,2,5,0
CUST-13516,Male,0,No,No,24,Yes,No,Fiber optic,No,No,No,Yes,Yes,Yes,Two year,No,Electronic check,94.36,2250.35,0,5,0
CUST-13517,Male,0,No,No,28,No,No phone service,No,No internet service,No internet service,No internet service,No internet service,No internet service,No internet service,Month-to-month,Yes,Credit card (automatic),22.34,652.95,1,3,0
CUST-13518,Female,0,Yes,No,3,Yes,Yes,Fiber optic,No,No,No,No,No,Yes,Month-to-month,No,Mailed check,85.7,268.3,0,1,1
CUST-13519,Male,0,No,No,71,Yes,Yes,DSL,No,Yes,Yes,No,Yes,Yes,Month-to-month,Yes,Credit card (automatic),79.42,5634.17,1,2,0
CUST-13520,Male,0,No,No,10,Yes,Yes,DSL,No,No,No,No,No,No,One year,Yes,Bank transfer (automatic),41.71,421.92,1,2,0
CUST-13521,Male,1,Yes,No,31,Yes,Yes,DSL,No,No,Yes,No,Yes,Yes,Month-to-month,No,Electronic check,65.32,2042.91,1,3,0
CUST-13522,Female,1,No,Yes,18,Yes,Yes,DSL,No,No,No,No,No,No,Month-to-month,Yes,Electronic check,45.54,843.31,1,4,0
CUST-13523,Female,0,No,No,6,Yes,No,DSL,Yes,No,Yes,Yes,No,Yes,Month-to-month,Yes,Bank transfer (automatic),77.97,456.33,1,1,1
CUST-13524,Male,0,Yes,No,46,Yes,Yes,Fiber optic,No,No,No,No,No,No,Two year,Yes,Bank transfer (automatic),76.31,3525.27,2,2,0
CUST-13525,Male,0,No,No,42,Yes,Yes,No,No internet service,No internet service,No internet service,No internet service,No internet service,No internet service,Month-to-month,Yes,Electronic check,20.63,904.47,1,3,0
CUST-13526,Female,1,Yes,No,12,Yes,Yes,Fiber optic,Yes,No,No,No,Yes,Yes,Month-to-month,No,Electronic check,95.75,1136.65,0,4,1
CUST-13527,Female,0,Yes,No,22,Yes,No,No,No internet service,No internet service,No internet service,No internet service,No internet service,No internet service,One year,No,Electronic check,18.25,409.56,1,2,0
CUST-13528,Female,0,No,Yes,7,Yes,No,Fiber optic,No,Yes,Yes,No,No,No,Month-to-month,No,Credit card (automatic),85.49,607.91,1,3,1
CUST-13529,Female,0,Yes,No,29,Yes,No,Fiber optic,No,No,Yes,No,Yes,Yes,Month-to-month,No,Electronic check,96.39,2792.22,0,3,1
CUST-13530,Female,0,Yes,No,9,Yes,Yes,Fiber optic,No,Yes,No,No,Yes,Yes,Month-to-month,Yes,Bank transfer (automatic),95.39,840.9,1,5,1
CUST-13531,Female,0,Yes,Yes,46,Yes,Yes,DSL,No,Yes,No,No,No,No,One year,Yes,Credit card (automatic),50.72,2315.47,3,4,0
CUST-13532,Female,0,Yes,No,6,Yes,No,Fiber optic,No,Yes,Yes,Yes,No,Yes,Month-to-month,Yes,Mailed check,105.4,628.27,1,4,1
CUST-13533,Female,0,No,No,1,Yes,Yes,Fiber optic,No,No,No,No,No,Yes,Two year,Yes,Electronic check,83.91,67.54,0,2,0
CUST-13534,Female,0,No,No,7,Yes,No,Fiber optic,Yes,No,No,Yes,No,No,Month-to-month,No,Electronic check,88.25,589.63,1,5,1
CUST-13535,Male,0,No,No,5,Yes,Yes,Fiber optic,Yes,No,Yes,Yes,No,No,Two year,Yes,Electronic check,98.47,467.59,0,3,0
CUST-13536,Male,0,No,No,17,Yes,Yes,Fiber optic,No,No,No,No,Yes,Yes,One year,Yes,Electronic check,91.59,1546.58,0,3,0
CUST-13537,Male,1,Yes,No,5,Yes,No,Fiber optic,Yes,No,No,No,No,Yes,Two year,No,Electronic check,88.43,438.55,1,3,0
CUST-13538,Female,0,No,No,36,Yes,No,DSL,No,No,Yes,No,No,Yes,Month-to-month,No,Mailed check,58.28,2086.36,2,3,0
CUST-13539,Male,1,No,No,6,Yes,No,Fiber optic,No,No,No,No,No,No,One year,Yes,Electronic check,75.26,433.53,1,2,1
CUST-13540,Female,0,No,Yes,30,Yes,Yes,Fiber optic,No,Yes,Yes,No,No,No,Two year,Yes,Electronic check,87.05,2631.33,0,2,0
CUST-13541,Female,0,No,No,21,Yes,No,No,No internet service,No internet service,No internet service,No internet service,No internet service,No internet service,One year,No,Credit card (automatic),27.87,563.34,1,3,0
CUST-13542,Male,0,No,Yes,72,Yes,Yes,DSL,No,No,No,No,Yes,Yes,One year,Yes,Mailed check,60.9,4385.22,2,4,0
CUST-13543,Female,0,No,No,72,Yes,Yes,No,No internet service,No internet service,No internet service,No internet service,No internet service,No internet service,Month-to-month,No,Credit card (automatic),18.25,1337.82,2,4,0
CUST-13544,Male,0,Yes,No,50,Yes,Yes,Fiber optic,No,No,No,Yes,Yes,No,Month-to-month,Yes,Electronic check,91.33,4569.23,3,3,1
CUST-13545,Male,0,No,No,35,Yes,No,Fiber optic,No,No,No,No,Yes,No,Month-to-month,Yes,Electronic check,81.11,2883.86,2,2,1
CUST-13546,Male,0,Yes,No,12,Yes,No,Fiber optic,No,No,Yes,No,No,Yes,Two year,Yes,Bank transfer (automatic),92.85,1124.08,0,1,0
CUST-13547,Female,0,Yes,Yes,34,Yes,Yes,DSL,Yes,Yes,No,No,No,No,One year,Yes,Mailed check,60.91,2066.11,1,2,0
CUST-13548,Male,0,Yes,No,72,Yes,No,DSL,No,Yes,Yes,No,Yes,No,Month-to-month,No,Credit card (automatic),68.79,4943.38,3,2,0
CUST-13549,Female,1,Yes,No,1,Yes,Yes,Fiber optic,No,No,Yes,No,No,Yes,Month-to-month,No,Credit card (automatic),81.87,95.82,1,3,1
CUST-13550,Male,0,Yes,No,19,Yes,Yes,No,No internet service,No internet service,No internet service,No internet service,No internet service,No internet service,One year,No,Mailed check,20.84,408.08,1,5,0
CUST-13551,Male,1,Yes,No,6,Yes,No,DSL,No,Yes,Yes,No,No,Yes,Month-to-month,No,Mailed check,72.21,443.38,2,2,1
CUST-13552,Male,0,No,No,20,Yes,No,Fiber optic,No,No,No,No,Yes,No,One year,Yes,Credit card (automatic),87.18,1730.17,4,4,0
CUST-13553,Female,0,No,No,15,Yes,No,DSL,No,No,No,No,Yes,Yes,Month-to-month,Yes,Credit card (automatic),66.32,988.95,2,2,1
CUST-13554,Female,1,No,No,21,Yes,No,No,No internet service,No internet service,No internet service,No internet service,No internet service,No internet service,Month-to-month,Yes,Electronic check,24.21,480.48,2,5,0
CUST-13555,Female,0,Yes,No,20,Yes,Yes,Fiber optic,Yes,Yes,Yes,Yes,No,Yes,One year,No,Bank transfer (automatic),112.38,2245.65,3,2,1
CUST-13556,Male,0,No,No,72,Yes,No,Fiber optic,No,No,Yes,No,No,Yes,Month-to-month,Yes,Bank transfer (automatic),92.82,6690.11,2,3,0
CUST-13557,Male,0,No,No,20,Yes,No,No,No internet service,No internet service,No internet service,No internet service,No internet service,No internet service,Month-to-month,Yes,Credit card (automatic),19.9,384.57,2,1,0
CUST-13558,Female,1,Yes,No,46,No,No phone service,No,No internet service,No internet service,No internet service,No internet service,No internet service,No internet service,Two year,Yes,Credit card (automatic),21.79,994.71,2,2,0
CUST-13559,Female,0,No,Yes,9,Yes,Yes,Fiber optic,No,Yes,Yes,No,Yes,Yes,Month-to-month,Yes,Electronic check,107.87,964.72,1,1,1
CUST-13560,Female,0,No,No,14,Yes,No,No,No internet service,No internet service,No internet service,No internet service,No internet service,No internet service,One year,Yes,Credit card (automatic),20.26,290.39,0,1,0
CUST-13561,Female,0,Yes,Yes,15,Yes,No,Fiber optic,Yes,Yes,Yes,No,No,No,Two year,No,Credit card (automatic),100.32,1481.43,0,3,0
CUST-13562,Female,0,No,Yes,8,Yes,Yes,No,No internet service,No internet service,No internet service,No internet service,No internet service,No internet service,Month-to-month,Yes,Electronic check,18.35,135.36,0,4,0
CUST-13563,Female,0,No,Yes,11,No,No phone service,DSL,No,No,No,No,Yes,No,Month-to-month,Yes,Bank transfer (automatic),54.55,574.19,2,1,1
CUST-13564,Male,0,Yes,Yes,22,Yes,No,No,No internet service,No internet service,No internet service,No internet service,No internet service,No internet service,Two year,Yes,Mailed check,20.64,448.17,0,2,0
CUST-13565,Female,0,Yes,No,21,Yes,Yes,No,No internet service,No internet service,No internet service,No internet service,No internet service,No internet service,One year,No,Mailed check,18.53,395.5,0,2,0
CUST-13566,Male,0,Yes,Yes,25,No,No phone service,Fiber optic,No,No,No,No,Yes,No,Two year,Yes,Bank transfer (automatic),85.39,2145.0,2,5,0
CUST-13567,Male,0,Yes,Yes,10,Yes,No,Fiber optic,No,No,No,Yes,Yes,Yes,Month-to-month,Yes,Electronic check,93.24,944.55,1,3,1
CUST-13568,Female,0,No,Yes,9,Yes,Yes,DSL,Yes,No,No,No,No,No,Two year,Yes,Credit card (automatic),51.68,455.7,2,1,0
CUST-13569,Female,0,No,Yes,23,Yes,No,Fiber optic,Yes,Yes,No,Yes,Yes,Yes,Month-to-month,Yes,Electronic check,112.53,2608.58,2,3,1
CUST-13570,Male,1,Yes,Yes,3,Yes,No,DSL,No,Yes,No,No,Yes,No,Two year,Yes,Bank transfer (automatic),64.4,230.25,1,4,0
CUST-13571,Female,0,No,No,7,No,No phone service,No,No internet service,No internet service,No internet service,No internet service,No internet service,No internet service,Two year,No,Electronic check,19.64,132.53,3,5,0
CUST-13572,Female,0,Yes,No,1,Yes,Yes,Fiber optic,No,No,No,Yes,No,Yes,One year,Yes,Bank transfer (automatic),89.65,91.48,1,4,0
CUST-13573,Male,0,Yes,No,1,Yes,Yes,DSL,Yes,Yes,No,Yes,Yes,No,One year,No,Mailed check,78.31,73.14,1,2,0
CUST-13574,Male,0,Yes,No,6,No,No phone service,Fiber optic,No,No,Yes,No,No,Yes,Month-to-month,No,Credit card (automatic),90.37,534.95,4,4,1
CUST-13575,Male,0,No,Yes,1,Yes,No,DSL,No,Yes,No,No,No,No,Month-to-month,Yes,Credit card (automatic),50.14,37.11,2,1,1
CUST-13576,Female,0,Yes,Yes,7,Yes,No,Fiber optic,No,Yes,No,No,No,Yes,Month-to-month,Yes,Electronic check,97.22,690.56,3,3,1
CUST-13577,Male,0,Yes,Yes,26,Yes,No,Fiber optic,No,Yes,Yes,No,Yes,No,One year,No,Mailed check,100.26,2629.69,0,2,0
CUST-13578,Female,0,Yes,No,1,Yes,Yes,No,No internet service,No internet service,No internet service,No internet service,No internet service,No internet service,Two year,Yes,Electronic check,19.04,18.25,1,5,0
CUST-13579,Male,0,No,Yes,14,No,No phone service,No,No internet service,No internet service,No internet service,No internet service,No internet service,No internet service,Two year,Yes,Bank transfer (automatic),19.61,286.23,4,1,0
CUST-13580,Male,0,No,No,61,Yes,Yes,No,No internet service,No internet service,No internet service,No internet service,No internet service,No internet service,Month-to-month,Yes,Mailed check,18.25,1096.52,0,2,0
CUST-13581,Male,1,Yes,Yes,39,Yes,No,DSL,Yes,Yes,Yes,Yes,No,No,One year,Yes,Electronic check,75.78,2963.05,2,2,0
CUST-13582,Female,0,Yes,Yes,9,Yes,No,DSL,No,Yes,Yes,No,Yes,No,Month-to-month,No,Bank transfer (automatic),70.3,639.53,0,3,1
CUST-13583,Female,0,No,No,64,Yes,Yes,DSL,No,No,Yes,Yes,Yes,Yes,Month-to-month,Yes,Electronic check,69.6,4464.08,1,5,0
CUST-13584,Male,0,No,No,9,Yes,No,Fiber optic,No,No,Yes,Yes,Yes,No,Month-to-month,Yes,Electronic check,98.13,889.0,2,4,1
CUST-13585,Male,0,Yes,No,1,Yes,Yes,Fiber optic,No,No,No,No,No,No,Two year,Yes,Credit card (automatic),70.68,64.57,0,1,0
CUST-13586,Male,0,No,No,72,Yes,Yes,Fiber optic,No,Yes,Yes,Yes,Yes,Yes,Month-to-month,No,Electronic check,111.54,8027.49,0,4,0
CUST-13587,Female,0,No,No,51,Yes,No,Fiber optic,Yes,No,No,Yes,No,No,Month-to-month,Yes,Mailed check,90.47,4641.15,2,3,0
CUST-13588,Male,0,Yes,No,15,Yes,Yes,Fiber optic,Yes,No,Yes,No,No,No,Month-to-month,No,Credit card (automatic),90.56,1360.64,2,1,1
CUST-13589,Female,0,No,No,27,Yes,Yes,Fiber optic,No,No,Yes,Yes,No,No,One year,Yes,Credit card (automatic),97.15,2635.23,4,5,0
CUST-13590,Male,0,No,Yes,27,Yes,No,DSL,No,No,Yes,No,No,Yes,Month-to-month,No,Mailed check,60.87,1637.87,5,1,1
CUST-13591,Male,0,No,No,5,Yes,No,Fiber optic,No,Yes,No,No,Yes,No,Two year,Yes,Electronic check,88.31,440.89,1,3,0
CUST-13592,Male,0,Yes,No,5,Yes,No,DSL,No,Yes,Yes,Yes,No,Yes,Month-to-month,Yes,Credit card (automatic),72.17,381.74,3,3,1
CUST-13593,Male,0,Yes,No,15,No,No phone service,DSL,No,Yes,No,Yes,No,No,Month-to-month,No,Bank transfer (automatic),58.31,856.09,4,3,0
CUST-13594,Male,0,Yes,No,60,Yes,No,No,No internet service,No internet service,No internet service,No internet service,No internet service,No internet service,One year,Yes,Mailed check,21.12,1267.49,2,4,0
CUST-13595,Male,0,Yes,No,1,Yes,No,Fiber optic,No,Yes,No,No,Yes,Yes,Month-to-month,No,Electronic check,92.22,88.87,0,1,1
CUST-13596,Female,0,No,No,38,Yes,Yes,DSL,Yes,No,No,No,Yes,Yes,One year,No,Electronic check,63.88,2451.53,0,3,0
CUST-13597,Male,1,No,No,1,No,No phone service,DSL,No,No,Yes,No,No,Yes,One year,Yes,Electronic check,60.88,94.02,2,3,0
CUST-13598,Female,0,No,No,16,Yes,Yes,No,No internet service,No internet service,No internet service,No internet service,No internet service,No internet service,One year,No,Bank transfer (automatic),19.45,325.67,3,3,0
CUST-13599,Male,1,No,No,25,Yes,No,Fiber optic,No,No,Yes,Yes,Yes,No,Two year,Yes,Electronic check,98.91,2501.42,3,3,0
CUST-13600,Male,0,Yes,No,29,Yes,Yes,Fiber optic,No,Yes,No,No,Yes,No,Two year,Yes,Electronic check,87.59,2520.11,3,3,0
CUST-13601,Female,0,No,Yes,1,Yes,No,Fiber optic,No,Yes,Yes,No,No,No,One year,Yes,Electronic check,88.22,33.96,1,4,0
CUST-13602,Male,0,No,No,13,Yes,No,Fiber optic,No,No,No,No,Yes,No,Two year,No,Mailed check,85.73,1122.92,2,1,0
CUST-13603,Female,1,Yes,Yes,21,Yes,Yes,DSL,Yes,No,No,No,No,Yes,Month-to-month,Yes,Electronic check,61.97,1317.26,2,1,1
CUST-13604,Female,0,No,No,1,Yes,No,No,No internet service,No internet service,No internet service,No internet service,No internet service,No internet service,Two year,No,Credit card (automatic),18.25,18.25,1,5,0
CUST-13605,Male,0,Yes,No,3,Yes,No,Fiber optic,No,No,Yes,No,No,No,Month-to-month,Yes,Electronic check,77.24,220.11,2,2,1
CUST-13606,Female,0,No,No,27,Yes,Yes,Fiber optic,No,No,Yes,No,Yes,No,Month-to-month,No,Credit card (automatic),86.89,2352.72,3,4,0
CUST-13607,Female,0,No,No,18,Yes,Yes,Fiber optic,Yes,Yes,Yes,No,No,No,Two year,No,Credit card (automatic),95.73,1750.99,3,2,0
CUST-13608,Male,0,Yes,Yes,4,Yes,No,Fiber optic,No,No,Yes,No,No,Yes,Month-to-month,Yes,Bank transfer (automatic),92.81,377.71,0,1,1
CUST-13609,Female,1,No,Yes,19,Yes,Yes,No,No internet service,No internet service,No internet service,No internet service,No internet service,No internet service,Month-to-month,No,Electronic check,18.25,365.58,2,2,0
CUST-13610,Male,1,No,No,60,Yes,Yes,No,No internet service,No internet service,No internet service,No internet service,No internet service,No internet service,Month-to-month,Yes,Electronic check,22.21,1350.23,1,1,0
CUST-13611,Male,0,Yes,Yes,1,No,No phone service,Fiber optic,No,No,No,No,Yes,Yes,Month-to-month,Yes,Electronic check,88.87,99.63,2,4,1
CUST-13612,Male,1,Yes,No,25,Yes,Yes,Fiber optic,No,No,Yes,Yes,No,Yes,Month-to-month,No,Mailed check,97.08,2450.79,0,2,1
CUST-13613,Male,0,Yes,No,1,Yes,No,No,No internet service,No internet service,No internet service,No internet service,No internet service,No internet service,Month-to-month,No,Electronic check,18.68,18.25,1,5,0
CUST-13614,Female,0,No,No,1,Yes,No,Fiber optic,No,Yes,No,No,No,No,One year,Yes,Electronic check,83.5,71.73,2,3,0
CUST-13615,Male,0,No,No,4,Yes,No,DSL,No,No,No,No,Yes,Yes,One year,Yes,Electronic check,62.97,240.6,0,2,0
CUST-13616,Male,0,No,No,13,Yes,No,No,No internet service,No internet service,No internet service,No internet service,No internet service,No internet service,One year,Yes,Electronic check,18.25,242.66,4,3,0
CUST-13617,Female,1,No,No,40,Yes,No,DSL,No,No,No,Yes,No,No,Month-to-month,No,Electronic check,55.82,2259.18,1,5,0
CUST-13618,Male,0,No,Yes,8,Yes,No,Fiber optic,No,Yes,No,No,No,No,Two year,No,Electronic check,85.04,694.12,0,3,0
CUST-13619,Male,0,Yes,Yes,24,Yes,No,Fiber optic,No,No,No,No,No,Yes,Month-to-month,Yes,Electronic check,81.65,1908.94,0,4,1
CUST-13620,Female,0,No,No,13,Yes,Yes,No,No internet service,No internet service,No internet service,No internet service,No internet service,No internet service,Month-to-month,Yes,Bank transfer (automatic),18.25,297.76,4,3,0
CUST-13621,Female,0,Yes,No,6,Yes,No,Fiber optic,No,No,No,No,No,Yes,Two year,No,Electronic check,86.71,529.98,3,3,0
CUST-13622,Female,0,Yes,Yes,18,Yes,Yes,Fiber optic,No,No,No,No,No,Yes,Month-to-month,Yes,Credit card (automatic),81.68,1495.77,2,5,0
CUST-13623,Female,1,No,No,39,Yes,No,No,No internet service,No internet service,No internet service,No internet service,No internet service,No internet service,Two year,Yes,Mailed check,19.4,766.63,0,3,0
CUST-13624,Female,0,Yes,No,44,Yes,Yes,No,No internet service,No internet service,No internet service,No internet service,No internet service,No internet service,Month-to-month,Yes,Bank transfer (automatic),21.26,909.69,1,3,0
CUST-13625,Female,0,No,No,46,Yes,No,DSL,Yes,Yes,No,Yes,No,Yes,One year,No,Mailed check,77.31,3568.36,2,4,0
CUST-13626,Female,0,No,No,10,Yes,No,Fiber optic,No,No,Yes,Yes,No,No,Month-to-month,Yes,Credit card (automatic),94.04,918.05,3,3,1
CUST-13627,Male,0,Yes,No,39,Yes,Yes,DSL,No,Yes,No,No,Yes,Yes,Two year,No,Electronic check,69.07,2702.01,6,3,0
CUST-13628,Female,0,Yes,No,5,Yes,Yes,Fiber optic,No,Yes,No,No,Yes,No,Month-to-month,No,Bank transfer (automatic),90.44,463.38,5,4,1
CUST-13629,Female,0,No,No,33,Yes,Yes,Fiber optic,No,No,No,No,Yes,Yes,Month-to-month,Yes,Electronic check,90.7,3014.49,0,2,1
CUST-13630,Female,0,No,No,72,Yes,No,No,No internet service,No internet service,No internet service,No internet service,No internet service,No internet service,Month-to-month,No,Credit card (automatic),18.25,1307.58,2,1,0
CUST-13631,Male,0,Yes,No,1,Yes,Yes,Fiber optic,No,No,No,No,No,Yes,One year,No,Electronic check,81.59,34.84,2,3,0
CUST-13632,Male,0,Yes,No,14,Yes,No,Fiber optic,No,Yes,Yes,No,Yes,Yes,Month-to-month,Yes,Mailed check,102.06,1425.67,1,2,1
CUST-13633,Female,0,No,Yes,26,Yes,Yes,Fiber optic,Yes,Yes,Yes,No,Yes,Yes,Two year,No,Mailed check,114.98,3004.01,1,3,0
CUST-13634,Female,0,No,Yes,30,Yes,Yes,DSL,Yes,Yes,No,Yes,No,Yes,Two year,Yes,Bank transfer (automatic),73.05,2193.83,1,4,0
CUST-13635,Female,0,Yes,No,4,Yes,No,DSL,Yes,No,No,Yes,Yes,Yes,Two year,Yes,Mailed check,78.42,314.32,1,2,0
CUST-13636,Male,0,Yes,No,72,Yes,No,No,No internet service,No internet service,No internet service,No internet service,No internet service,No internet service,Two year,No,Bank transfer (automatic),18.56,1330.16,3,4,0
CUST-13637,Male,1,No,No,23,Yes,Yes,DSL,No,Yes,Yes,No,Yes,Yes,Two year,Yes,Credit card (automatic),72.99,1695.87,1,2,0
CUST-13638,Female,0,No,No,4,Yes,No,DSL,Yes,Yes,Yes,No,No,Yes,Two year,No,Electronic check,72.78,322.43,2,1,0
CUST-13639,Male,0,No,Yes,1,Yes,No,DSL,No,No,No,No,Yes,Yes,Two year,Yes,Electronic check,55.73,53.93,1,1,0
CUST-13640,Female,0,No,No,38,Yes,Yes,Fiber optic,Yes,No,Yes,No,No,Yes,Two year,No,Credit card (automatic),94.99,3626.93,0,3,0
CUST-13641,Male,0,No,Yes,2,Yes,Yes,Fiber optic,Yes,Yes,No,No,No,Yes,Month-to-month,Yes,Electronic check,95.28,211.14,0,2,1
CUST-13642,Male,0,Yes,No,3,Yes,No,DSL,No,No,No,No,No,Yes,Month-to-month,Yes,Credit card (automatic),55.46,151.98,1,3,0
CUST-13643,Female,1,No,No,21,Yes,Yes,Fiber optic,Yes,No,No,No,No,No,One year,No,Mailed check,81.63,1698.16,5,3,0
CUST-13644,Female,0,Yes,No,23,Yes,Yes,Fiber optic,Yes,No,Yes,Yes,No,No,Month-to-month,Yes,Electronic check,96.92,2252.48,2,5,1
CUST-13645,Female,0,No,Yes,29,Yes,No,Fiber optic,No,No,No,No,No,Yes,Month-to-month,No,Electronic check,81.28,2343.69,1,3,1
CUST-13646,Female,0,Yes,No,12,Yes,Yes,DSL,Yes,No,No,No,Yes,No,One year,No,Bank transfer (automatic),63.11,753.38,1,4,0
CUST-13647,Male,0,Yes,No,37,Yes,Yes,DSL,No,No,No,No,Yes,Yes,One year,Yes,Credit card (automatic),60.52,2248.32,2,4,0
CUST-13648,Male,0,No,No,72,Yes,No,DSL,No,No,No,No,No,Yes,One year,No,Electronic check,49.75,3564.85,0,4,0
CUST-13649,Male,1,No,No,7,Yes,Yes,DSL,No,Yes,Yes,Yes,Yes,No,Two year,Yes,Electronic check,71.07,495.57,2,3,0
CUST-13650,Female,0,Yes,No,30,No,No phone service,No,No internet service,No internet service,No internet service,No internet service,No internet service,No internet service,One year,No,Credit card (automatic),18.45,561.69,0,2,0
CUST-13651,Male,0,No,No,65,Yes,No,Fiber optic,No,No,No,No,No,No,Month-to-month,No,Bank transfer (automatic),78.63,5074.64,2,4,0
CUST-13652,Female,0,Yes,No,28,Yes,Yes,DSL,No,No,No,Yes,Yes,No,Month-to-month,Yes,Electronic check,59.56,1670.73,1,2,0
CUST-13653,Male,0,Yes,Yes,28,Yes,No,Fiber optic,No,Yes,Yes,No,Yes,Yes,Month-to-month,Yes,Mailed check,108.49,3011.36,0,4,0
CUST-13654,Female,0,No,No,6,Yes,No,Fiber optic,Yes,Yes,No,No,Yes,No,Month-to-month,No,Credit card (automatic),102.66,607.66,0,1,1
CUST-13655,Female,0,Yes,No,19,Yes,Yes,No,No internet service,No internet service,No internet service,No internet service,No internet service,No internet service,Month-to-month,No,Bank transfer (automatic),25.86,489.1,3,4,0
CUST-13656,Male,0,No,No,20,Yes,No,Fiber optic,No,No,No,Yes,No,No,Month-to-month,Yes,Mailed check,81.53,1589.39,1,3,0
CUST-13657,Female,0,Yes,Yes,30,Yes,No,Fiber optic,No,Yes,Yes,Yes,Yes,Yes,Two year,Yes,Electronic check,109.96,3292.08,2,3,0
CUST-13658,Female,0,No,Yes,72,No,No phone service,DSL,Yes,Yes,No,No,Yes,No,One year,Yes,Bank transfer (automatic),69.84,5000.21,2,1,0
CUST-13659,Male,0,No,Yes,1,Yes,Yes,Fiber optic,No,Yes,Yes,Yes,No,Yes,One year,No,Electronic check,101.69,73.31,3,5,0
CUST-13660,Female,0,Yes,No,1,Yes,No,DSL,Yes,No,No,Yes,Yes,Yes,Two year,Yes,Bank transfer (automatic),75.04,74.95,2,4,0
CUST-13661,Female,0,Yes,No,2,Yes,Yes,Fiber optic,No,Yes,No,No,Yes,Yes,Month-to-month,No,Bank transfer (automatic),94.81,210.46,1,2,1
CUST-13662,Female,0,No,No,33,Yes,No,Fiber optic,Yes,Yes,Yes,Yes,Yes,Yes,One year,Yes,Mailed check,118.73,3933.87,1,4,0
CUST-13663,Male,0,No,No,3,Yes,No,No,No internet service,No internet service,No internet service,No internet service,No internet service,No internet service,Month-to-month,No,Electronic check,19.7,45.77,0,3,0
CUST-13664,Male,0,Yes,No,24,Yes,Yes,DSL,No,No,Yes,No,No,No,Two year,Yes,Bank transfer (automatic),51.11,1203.92,4,2,0
CUST-13665,Female,0,No,No,9,Yes,Yes,DSL,No,No,No,Yes,Yes,Yes,Month-to-month,No,Bank transfer (automatic),69.72,623.86,1,3,1
CUST-13666,Male,0,Yes,No,15,No,No phone service,DSL,No,No,Yes,Yes,No,Yes,Month-to-month,Yes,Mailed check,68.22,1038.97,2,2,1
CUST-13667,Female,1,Yes,No,6,Yes,No,DSL,No,No,No,Yes,No,Yes,Month-to-month,Yes,Electronic check,57.08,351.91,3,4,1
CUST-13668,Female,0,No,No,50,Yes,No,DSL,No,No,No,No,Yes,No,Two year,Yes,Electronic check,49.84,2472.04,1,1,0
CUST-13669,Female,0,Yes,No,22,Yes,Yes,Fiber optic,Yes,No,Yes,No,No,No,Month-to-month,Yes,Mailed check,88.05,1928.59,0,4,0
CUST-13670,Female,0,No,Yes,72,Yes,No,Fiber optic,No,Yes,No,No,No,No,Two year,No,Credit card (automatic),86.39,6204.92,3,3,0
CUST-13671,Female,0,No,No,21,Yes,Yes,Fiber optic,No,Yes,No,No,Yes,No,Month-to-month,No,Mailed check,92.19,1881.09,0,1,1
CUST-13672,Male,0,No,No,3,Yes,No,Fiber optic,No,No,No,No,No,No,Month-to-month,No,Credit card (automatic),69.04,229.06,1,4,0
CUST-13673,Female,0,No,No,4,Yes,No,Fiber optic,Yes,No,No,No,Yes,No,Month-to-month,No,Bank transfer (automatic),90.9,374.83,2,5,1
CUST-13674,Male,0,No,No,72,Yes,No,Fiber optic,No,Yes,Yes,No,Yes,No,Month-to-month,Yes,Mailed check,105.04,7593.19,1,5,0
CUST-13675,Male,0,No,Yes,32,Yes,No,No,No internet service,No internet service,No internet service,No internet service,No internet service,No internet service,Month-to-month,No,Electronic check,20.95,697.91,2,2,0
CUST-13676,Female,0,No,No,1,Yes,Yes,DSL,Yes,Yes,No,No,Yes,No,One year,Yes,Electronic check,67.26,70.83,2,2,1
CUST-13677,Female,0,No,No,30,Yes,Yes,Fiber optic,No,No,No,Yes,Yes,No,Month-to-month,No,Electronic check,88.1,2663.55,4,5,1
CUST-13678,Male,0,No,No,13,Yes,No,DSL,No,No,Yes,No,Yes,No,Month-to-month,Yes,Mailed check,57.01,736.14,1,2,1
CUST-13679,Male,0,Yes,Yes,9,Yes,Yes,DSL,Yes,Yes,No,No,Yes,Yes,Month-to-month,Yes,Bank transfer (automatic),75.79,688.68,1,2,1
CUST-13680,Male,0,No,No,4,Yes,No,Fiber optic,No,No,No,No,No,No,Month-to-month,Yes,Bank transfer (automatic),68.95,265.3,3,3,1
CUST-13681,Female,0,No,No,45,Yes,No,DSL,Yes,No,No,No,No,No,Month-to-month,No,Electronic check,50.48,2271.96,0,2,0
CUST-13682,Male,0,No,No,1,Yes,No,Fiber optic,No,No,No,Yes,Yes,Yes,One year,No,Mailed check,97.4,109.34,1,3,0
CUST-13683,Female,1,No,Yes,8,Yes,Yes,DSL,No,No,Yes,No,No,No,Month-to-month,Yes,Mailed check,55.82,459.63,2,4,0
CUST-13684,Female,0,No,Yes,9,Yes,Yes,Fiber optic,No,Yes,Yes,Yes,No,No,One year,No,Mailed check,92.93,790.45,3,3,0
CUST-13685,Female,0,No,No,4,Yes,No,Fiber optic,No,No,No,No,No,Yes,One year,No,Electronic check,81.18,341.93,1,4,0
CUST-13686,Male,0,Yes,No,17,Yes,Yes,Fiber optic,Yes,Yes,No,No,Yes,Yes,Month-to-month,Yes,Mailed check,106.87,1792.79,0,4,1
CUST-13687,Female,0,No,No,1,Yes,No,DSL,No,No,No,No,No,Yes,Month-to-month,No,Mailed check,51.92,41.49,3,4,0
CUST-13688,Female,0,Yes,No,8,Yes,No,DSL,Yes,Yes,Yes,No,Yes,Yes,Two year,Yes,Bank transfer (automatic),86.39,656.05,2,2,0
CUST-13689,Female,0,No,No,67,Yes,Yes,Fiber optic,No,Yes,Yes,No,No,Yes,Month-to-month,No,Mailed check,99.14,6629.48,0,2,0
CUST-13690,Female,0,No,No,9,Yes,Yes,Fiber optic,No,No,No,No,No,Yes,Two year,Yes,Credit card (automatic),80.07,748.51,1,2,0
CUST-13691,Female,0,Yes,Yes,11,Yes,No,DSL,No,No,No,Yes,No,Yes,Month-to-month,Yes,Electronic check,60.08,668.44,1,1,1
CUST-13692,Male,0,Yes,No,16,Yes,No,No,No internet service,No internet service,No internet service,No internet service,No internet service,No internet service,One year,No,Credit card (automatic),18.25,294.79,1,4,0
CUST-13693,Female,1,No,No,20,Yes,No,DSL,No,No,Yes,No,No,Yes,One year,Yes,Credit card (automatic),59.76,1233.95,0,1,0
CUST-13694,Female,0,Yes,No,41,Yes,No,No,No internet service,No internet service,No internet service,No internet service,No internet service,No internet service,Month-to-month,Yes,Mailed check,20.53,827.61,0,3,0
CUST-13695,Male,0,Yes,No,5,Yes,No,Fiber optic,No,Yes,No,No,No,Yes,Month-to-month,No,Mailed check,92.02,464.9,0,4,1
CUST-13696,Female,0,No,No,51,Yes,No,Fiber optic,No,Yes,No,Yes,No,No,Two year,No,Credit card (automatic),90.63,4645.98,0,2,0
CUST-13697,Male,1,Yes,Yes,35,Yes,Yes,DSL,Yes,Yes,Yes,No,Yes,No,One year,No,Mailed check,71.45,2519.07,1,5,0
CUST-13698,Female,0,No,No,32,No,No phone service,Fiber optic,Yes,Yes,No,No,No,No,One year,No,Bank transfer (automatic),84.11,2704.61,0,5,0
CUST-13699,Male,0,No,No,2,Yes,No,Fiber optic,No,Yes,Yes,Yes,No,Yes,Month-to-month,Yes,Credit card (automatic),106.56,235.7,0,3,1
CUST-13700,Male,0,Yes,No,1,Yes,Yes,Fiber optic,No,No,No,Yes,Yes,Yes,Month-to-month,Yes,Credit card (automatic),91.18,109.23,0,4,1
CUST-13701,Female,0,Yes,No,22,Yes,No,Fiber optic,No,Yes,Yes,No,No,No,Two year,No,Electronic check,90.49,2003.75,2,2,0
CUST-13702,Female,1,No,Yes,49,Yes,No,Fiber optic,Yes,No,No,No,No,No,Month-to-month,No,Credit card (automatic),79.66,3879.24,1,5,0
CUST-13703,Female,0,No,No,21,Yes,Yes,No,No internet service,No internet service,No internet service,No internet service,No internet service,No internet service,Two year,Yes,Credit card (automatic),19.89,419.12,0,4,0
CUST-13704,Male,0,No,No,5,Yes,Yes,Fiber optic,Yes,No,No,Yes,Yes,Yes,Month-to-month,No,Electronic check,104.5,544.0,1,3,1
CUST-13705,Male,1,No,Yes,2,Yes,No,Fiber optic,No,No,No,No,Yes,No,One year,Yes,Bank transfer (automatic),83.37,153.09,2,3,0
CUST-13706,Male,0,No,No,30,Yes,Yes,Fiber optic,Yes,No,No,No,No,Yes,Month-to-month,Yes,Electronic check,89.97,2685.42,0,3,1
CUST-13707,Female,0,Yes,Yes,31,Yes,No,No,No internet service,No internet service,No internet service,No internet service,No internet service,No internet service,One year,Yes,Electronic check,21.98,682.72,3,2,0
CUST-13708,Male,0,Yes,No,4,Yes,Yes,DSL,Yes,No,Yes,No,Yes,Yes,Month-to-month,No,Bank transfer (automatic),75.71,324.35,1,3,1
CUST-13709,Male,0,Yes,No,1,Yes,No,Fiber optic,No,No,No,Yes,Yes,No,One year,Yes,Bank transfer (automatic),93.29,76.99,1,1,1
CUST-13710,Female,0,Yes,No,13,Yes,Yes,Fiber optic,No,Yes,No,Yes,Yes,No,Two year,No,Mailed check,95.96,1233.11,1,3,0
CUST-13711,Male,0,No,Yes,21,Yes,No,DSL,No,No,Yes,Yes,Yes,Yes,Month-to-month,No,Bank transfer (automatic),71.7,1468.71,0,3,0
CUST-13712,Male,0,No,No,30,Yes,Yes,Fiber optic,No,Yes,No,No,No,No,Month-to-month,No,Credit card (automatic),83.23,2480.99,1,3,1
CUST-13713,Female,0,Yes,No,41,Yes,Yes,No,No internet service,No internet service,No internet service,No internet service,No internet service,No internet service,Month-to-month,Yes,Electronic check,19.67,822.21,2,1,0
CUST-13714,Male,0,No,No,23,Yes,Yes,DSL,No,Yes,Yes,Yes,No,Yes,One year,No,Bank transfer (automatic),76.07,1733.58,3,3,0
CUST-13715,Female,0,Yes,No,2,Yes,No,Fiber optic,No,No,No,Yes,No,No,Month-to-month,Yes,Bank transfer (automatic),82.26,143.48,5,3,1
CUST-13716,Female,0,Yes,Yes,28,Yes,Yes,No,No internet service,No internet service,No internet service,No internet service,No internet service,No internet service,Month-to-month,No,Electronic check,23.03,637.69,0,2,1
CUST-13717,Female,0,No,No,72,Yes,No,Fiber optic,No,No,No,Yes,No,Yes,Month-to-month,No,Electronic check,91.36,6570.36,3,3,0
CUST-13718,Female,0,Yes,No,59,Yes,Yes,Fiber optic,Yes,Yes,No,No,No,No,Month-to-month,No,Mailed check,86.31,5108.38,2,1,0
CUST-13719,Female,0,Yes,No,51,Yes,No,Fiber optic,Yes,Yes,No,No,Yes,Yes,Month-to-month,Yes,Credit card (automatic),103.74,5266.18,0,1,1
CUST-13720,Male,0,Yes,No,8,Yes,No,DSL,No,No,No,Yes,No,Yes,Month-to-month,Yes,Electronic check,60.44,451.81,4,1,1
CUST-13721,Male,0,Yes,No,34,Yes,No,Fiber optic,No,No,No,Yes,No,No,Month-to-month,No,Electronic check,81.24,2784.58,2,3,0
CUST-13722,Female,0,No,No,47,Yes,Yes,Fiber optic,No,No,Yes,No,No,Yes,Month-to-month,No,Bank transfer (automatic),88.11,4151.01,1,2,0
CUST-13723,Female,0,No,No,28,Yes,No,Fiber optic,No,No,No,Yes,Yes,No,Month-to-month,No,Credit card (automatic),93.79,2602.05,2,2,1
CUST-13724,Male,0,Yes,Yes,7,Yes,No,No,No internet service,No internet service,No internet service,No internet service,No internet service,No internet service,Month-to-month,Yes,Mailed check,22.23,178.52,0,3,0
CUST-13725,Female,0,Yes,No,72,Yes,Yes,Fiber optic,No,Yes,No,Yes,Yes,Yes,Month-to-month,Yes,Mailed check,102.74,7357.61,2,3,0
CUST-13726,Female,0,No,Yes,14,Yes,Yes,Fiber optic,No,Yes,No,No,Yes,Yes,One year,Yes,Electronic check,100.15,1420.51,0,2,1
CUST-13727,Female,1,No,No,3,Yes,Yes,DSL,No,No,No,No,Yes,Yes,One year,Yes,Electronic check,62.36,209.55,2,5,0
CUST-13728,Male,0,Yes,Yes,2,Yes,Yes,DSL,No,No,No,No,No,Yes,Month-to-month,Yes,Electronic check,54.24,138.86,0,3,1
CUST-13729,Male,0,Yes,No,26,Yes,Yes,No,No internet service,No internet service,No internet service,No internet service,No internet service,No internet service,One year,No,Electronic check,18.25,450.63,0,2,0
CUST-13730,Female,0,No,Yes,14,Yes,Yes,Fiber optic,No,No,No,No,No,No,Two year,No,Mailed check,75.45,1055.66,2,4,0
CUST-13731,Female,1,No,Yes,2,Yes,No,No,No internet service,No internet service,No internet service,No internet service,No internet service,No internet service,Two year,Yes,Credit card (automatic),18.25,18.25,2,4,0
CUST-13732,Male,0,Yes,No,33,Yes,Yes,DSL,Yes,No,No,No,Yes,No,Month-to-month,No,Credit card (automatic),59.39,1988.25,2,4,0
CUST-13733,Male,0,No,Yes,40,No,No phone service,Fiber optic,Yes,Yes,No,No,Yes,No,Month-to-month,No,Bank transfer (automatic),100.87,4048.19,1,4,0
CUST-13734,Female,0,Yes,No,32,No,No phone service,No,No internet service,No internet service,No internet service,No internet service,No internet service,No internet service,Month-to-month,Yes,Mailed check,18.8,603.3,3,4,0
CUST-13735,Female,1,No,No,5,Yes,Yes,DSL,No,No,Yes,Yes,Yes,Yes,Month-to-month,No,Bank transfer (automatic),74.52,357.0,0,4,0
CUST-13736,Male,0,No,Yes,29,Yes,Yes,DSL,No,No,Yes,Yes,No,No,Month-to-month,No,Mailed check,55.75,1612.39,4,2,1
CUST-13737,Male,0,No,No,1,Yes,No,No,No internet service,No internet service,No internet service,No internet service,No internet service,No internet service,Two year,Yes,Electronic check,20.4,21.02,4,3,0
CUST-13738,Male,1,Yes,No,9,Yes,Yes,DSL,No,No,Yes,No,Yes,No,Month-to-month,Yes,Bank transfer (automatic),64.2,601.85,2,4,0
CUST-13739,Female,1,Yes,No,12,Yes,No,Fiber optic,Yes,No,No,No,Yes,No,One year,Yes,Mailed check,96.22,1168.95,3,2,1
CUST-13740,Male,1,Yes,No,45,Yes,No,No,No internet service,No internet service,No internet service,No internet service,No internet service,No internet service,Month-to-month,Yes,Credit card (automatic),22.74,1016.62,0,5,0
CUST-13741,Female,0,No,No,12,Yes,No,Fiber optic,Yes,No,No,No,Yes,Yes,Month-to-month,No,Bank transfer (automatic),96.23,1139.02,0,4,1
CUST-13742,Male,0,Yes,No,1,Yes,Yes,DSL,No,No,Yes,No,Yes,Yes,Two year,Yes,Bank transfer (automatic),68.9,77.97,1,5,0
CUST-13743,Male,0,Yes,Yes,10,Yes,No,Fiber optic,Yes,Yes,No,No,Yes,Yes,Month-to-month,No,Electronic check,103.6,1052.95,2,2,1
CUST-13744,Male,0,Yes,No,17,Yes,Yes,Fiber optic,Yes,Yes,Yes,Yes,Yes,No,Month-to-month,No,Bank transfer (automatic),112.98,1942.1,1,1,1
CUST-13745,Male,0,No,No,72,Yes,No,DSL,Yes,No,Yes,No,No,No,One year,No,Credit card (automatic),61.55,4414.31,3,1,0
CUST-13746,Female,0,Yes,No,70,Yes,No,Fiber optic,Yes,Yes,No,No,Yes,No,One year,Yes,Bank transfer (automatic),93.37,6529.13,0,4,0
CUST-13747,Female,0,Yes,No,4,Yes,No,DSL,No,No,Yes,No,Yes,No,Month-to-month,No,Bank transfer (automatic),62.3,262.96,0,3,1
CUST-13748,Male,0,Yes,No,5,Yes,No,No,No internet service,No internet service,No internet service,No internet service,No internet service,No internet service,Month-to-month,No,Credit card (automatic),21.28,94.13,1,2,0
CUST-13749,Female,0,No,Yes,4,Yes,No,Fiber optic,Yes,No,No,No,No,Yes,Month-to-month,Yes,Mailed check,87.76,356.6,0,4,1
CUST-13750,Male,0,No,No,38,Yes,Yes,DSL,No,Yes,No,Yes,No,No,Month-to-month,No,Credit card (automatic),54.02,2055.26,0,3,0
CUST-13751,Male,0,No,No,1,Yes,Yes,DSL,No,No,Yes,No,Yes,No,Month-to-month,No,Mailed check,60.62,47.83,0,3,1
CUST-13752,Male,0,No,Yes,3,No,No phone service,DSL,No,No,Yes,Yes,Yes,No,Month-to-month,Yes,Mailed check,69.6,236.43,2,4,1
CUST-13753,Male,0,No,Yes,19,Yes,No,DSL,No,Yes,No,No,Yes,No,Month-to-month,No,Bank transfer (automatic),59.01,1120.51,0,3,0
CUST-13754,Female,0,Yes,Yes,7,Yes,No,Fiber optic,Yes,Yes,No,No,No,Yes,Two year,Yes,Electronic check,96.53,661.37,0,2,0
CUST-13755,Male,0,No,No,2,Yes,No,Fiber optic,No,Yes,No,No,Yes,Yes,One year,Yes,Credit card (automatic),99.18,217.2,3,5,0
CUST-13756,Male,0,Yes,No,11,No,No phone service,Fiber optic,Yes,No,No,No,No,No,Two year,Yes,Electronic check,80.59,919.17,1,4,0
CUST-13757,Female,0,Yes,Yes,8,Yes,No,Fiber optic,No,No,No,No,Yes,Yes,One year,No,Electronic check,92.06,738.05,2,2,1
CUST-13758,Male,0,No,Yes,17,Yes,Yes,DSL,No,Yes,Yes,No,No,Yes,Month-to-month,Yes,Electronic check,66.67,1117.06,0,2,1
CUST-13759,Male,0,Yes,No,72,Yes,No,Fiber optic,No,No,No,No,Yes,Yes,Month-to-month,Yes,Credit card (automatic),90.68,6501.86,1,4,0
CUST-13760,Male,0,Yes,No,3,Yes,No,No,No internet service,No internet service,No internet service,No internet service,No internet service,No internet service,One year,Yes,Electronic check,21.01,61.58,1,5,0
CUST-13761,Female,1,Yes,No,11,Yes,Yes,DSL,Yes,Yes,Yes,No,No,Yes,Month-to-month,No,Bank transfer (automatic),79.69,925.75,1,4,1
CUST-13762,Male,0,No,No,67,Yes,No,Fiber optic,Yes,Yes,Yes,No,No,No,One year,Yes,Credit card (automatic),98.32,6597.87,1,1,0
CUST-13763,Female,1,Yes,No,52,Yes,No,Fiber optic,No,No,No,Yes,Yes,No,Month-to-month,No,Electronic check,87.28,4524.74,2,3,0
CUST-13764,Male,1,No,Yes,12,Yes,No,DSL,No,No,No,No,No,Yes,One year,No,Electronic check,50.91,606.96,2,4,0
CUST-13765,Male,0,No,No,30,Yes,No,DSL,No,Yes,No,Yes,Yes,No,Two year,Yes,Electronic check,65.9,1960.52,2,3,0
CUST-13766,Female,1,No,No,2,Yes,Yes,No,No internet service,No internet service,No internet service,No internet service,No internet service,No internet service,Month-to-month,Yes,Mailed check,21.55,49.01,0,4,0
CUST-13767,Male,0,Yes,No,31,Yes,Yes,Fiber optic,No,No,Yes,No,Yes,No,Two year,Yes,Electronic check,89.82,2753.18,1,1,0
CUST-13768,Male,0,No,No,72,Yes,No,Fiber optic,Yes,No,Yes,Yes,No,No,Month-to-month,Yes,Mailed check,97.47,7025.26,1,2,0
CUST-13769,Female,0,Yes,No,19,Yes,No,No,No internet service,No internet service,No internet service,No internet service,No internet service,No internet service,Month-to-month,No,Credit card (automatic),23.57,448.01,4,4,0
CUST-13770,Female,0,Yes,No,17,Yes,Yes,Fiber optic,Yes,Yes,No,No,No,Yes,Month-to-month,Yes,Bank transfer (automatic),100.14,1734.0,3,2,1
CUST-13771,Female,1,Yes,No,5,Yes,No,DSL,Yes,Yes,No,No,No,No,Month-to-month,No,Bank transfer (automatic),59.14,306.07,1,5,0
CUST-13772,Female,0,No,No,25,Yes,No,Fiber optic,Yes,No,No,No,Yes,No,One year,No,Credit card (automatic),95.17,2398.99,0,3,0
CUST-13773,Female,0,Yes,No,22,Yes,No,DSL,No,No,Yes,No,No,Yes,One year,Yes,Electronic check,66.77,1483.75,1,2,0
CUST-13774,Male,0,Yes,No,26,Yes,No,Fiber optic,No,No,No,No,Yes,No,Month-to-month,No,Bank transfer (automatic),79.97,2083.47,1,2,1
CUST-13775,Female,0,Yes,Yes,1,Yes,Yes,DSL,Yes,Yes,Yes,Yes,No,No,Month-to-month,No,Electronic check,73.4,85.12,2,2,1
CUST-13776,Male,0,Yes,Yes,19,Yes,No,DSL,Yes,No,No,Yes,Yes,No,Month-to-month,Yes,Mailed check,64.26,1225.42,2,2,1
CUST-13777,Male,0,No,No,22,No,No phone service,No,No internet service,No internet service,No internet service,No internet service,No internet service,No internet service,Two year,Yes,Mailed check,24.23,509.69,1,3,0
CUST-13778,Male,1,No,Yes,5,Yes,Yes,Fiber optic,No,Yes,Yes,No,Yes,No,One year,Yes,Electronic check,94.93,485.78,0,4,0
CUST-13779,Female,0,No,No,5,Yes,No,Fiber optic,Yes,No,No,No,Yes,Yes,Two year,No,Credit card (automatic),96.0,475.97,1,5,0
CUST-13780,Female,0,Yes,Yes,8,No,No phone service,Fiber optic,No,Yes,No,No,No,Yes,Month-to-month,Yes,Electronic check,97.18,810.54,0,3,1
CUST-13781,Male,0,Yes,No,31,Yes,Yes,No,No internet service,No internet service,No internet service,No internet service,No internet service,No internet service,Month-to-month,Yes,Mailed check,22.86,692.71,2,3,0
CUST-13782,Female,0,No,No,23,Yes,No,DSL,No,No,Yes,No,Yes,No,One year,No,Mailed check,59.21,1334.63,2,3,0
CUST-13783,Female,0,Yes,No,46,Yes,No,DSL,No,No,No,No,No,No,Month-to-month,Yes,Mailed check,44.91,2082.14,1,2,0
CUST-13784,Female,0,No,Yes,8,Yes,No,Fiber optic,No,No,Yes,Yes,No,No,Month-to-month,Yes,Electronic check,84.69,629.83,3,3,1
CUST-13785,Female,0,Yes,No,60,Yes,No,DSL,Yes,No,No,No,Yes,No,Month-to-month,Yes,Bank transfer (automatic),59.81,3607.4,1,2,0
CUST-13786,Male,1,No,No,34,Yes,Yes,Fiber optic,No,No,No,No,Yes,No,One year,Yes,Electronic check,83.19,2847.8,2,2,0
CUST-13787,Male,0,Yes,No,12,Yes,No,Fiber optic,No,Yes,Yes,No,Yes,Yes,One year,Yes,Credit card (automatic),101.78,1214.7,1,2,1
CUST-13788,Female,1,Yes,Yes,2,Yes,Yes,DSL,Yes,No,No,No,No,Yes,Month-to-month,Yes,Electronic check,60.67,116.07,2,4,1
CUST-13789,Male,0,No,Yes,7,Yes,Yes,Fiber optic,No,Yes,No,Yes,Yes,Yes,Two year,Yes,Electronic check,111.16,756.94,1,2,1
CUST-13790,Female,0,No,No,72,Yes,No,DSL,No,No,Yes,No,No,Yes,One year,Yes,Mailed check,64.41,4622.63,2,4,0
CUST-13791,Female,0,Yes,Yes,9,Yes,No,No,No internet service,No internet service,No internet service,No internet service,No internet service,No internet service,Month-to-month,Yes,Mailed check,24.73,226.97,1,1,0
CUST-13792,Male,1,No,No,10,Yes,No,No,No internet service,No internet service,No internet service,No internet service,No internet service,No internet service,One year,Yes,Electronic check,19.12,203.04,1,4,0
CUST-13793,Male,0,No,No,5,Yes,No,DSL,No,Yes,Yes,No,No,Yes,Month-to-month,Yes,Electronic check,66.33,324.53,3,4,1
CUST-13794,Male,1,Yes,Yes,41,Yes,No,Fiber optic,Yes,No,Yes,No,No,No,Two year,No,Electronic check,91.75,3752.76,2,1,0
CUST-13795,Female,1,Yes,No,8,Yes,No,DSL,No,Yes,No,No,No,No,Month-to-month,Yes,Bank transfer (automatic),50.89,411.13,2,4,0
CUST-13796,Male,0,Yes,Yes,10,Yes,No,Fiber optic,No,Yes,Yes,No,Yes,No,Month-to-month,Yes,Credit card (automatic),99.63,1011.46,1,3,1
CUST-13797,Female,0,Yes,No,13,Yes,No,Fiber optic,No,No,No,No,No,No,Two year,No,Electronic check,77.92,1014.72,1,4,0
CUST-13798,Male,0,No,No,14,Yes,No,DSL,No,No,No,No,No,No,Month-to-month,Yes,Electronic check,51.58,730.55,1,4,0
CUST-13799,Male,0,Yes,No,13,Yes,No,No,No internet service,No internet service,No internet service,No internet service,No internet service,No internet service,Two year,Yes,Electronic check,18.25,233.11,0,2,0
CUST-13800,Female,0,Yes,No,17,Yes,No,Fiber optic,No,No,No,Yes,Yes,No,Month-to-month,No,Credit card (automatic),93.16,1546.5,1,4,1
CUST-13801,Female,0,Yes,No,42,Yes,Yes,Fiber optic,No,Yes,No,Yes,No,No,One year,Yes,Mailed check,88.56,3736.78,2,4,0
CUST-13802,Female,0,No,No,42,Yes,No,DSL,No,Yes,No,No,No,Yes,Month-to-month,Yes,Credit card (automatic),64.56,2665.12,1,3,0
CUST-13803,Female,0,Yes,No,40,Yes,No,Fiber optic,No,Yes,Yes,No,Yes,Yes,One year,Yes,Mailed check,106.11,4224.63,1,3,0
CUST-13804,Female,0,Yes,No,2,Yes,Yes,DSL,No,No,No,Yes,No,Yes,Month-to-month,Yes,Credit card (automatic),60.45,124.31,1,4,0
CUST-13805,Female,0,Yes,No,40,Yes,Yes,Fiber optic,No,Yes,No,No,No,Yes,Two year,Yes,Credit card (automatic),92.88,3701.92,0,4,0
CUST-13806,Female,0,No,Yes,3,Yes,No,Fiber optic,No,No,Yes,No,Yes,Yes,Month-to-month,Yes,Electronic check,100.45,302.64,2,2,1
CUST-13807,Female,0,Yes,Yes,3,No,No phone service,DSL,Yes,Yes,No,Yes,Yes,No,Month-to-month,Yes,Bank transfer (automatic),73.9,248.87,2,3,1
CUST-13808,Male,0,No,No,72,Yes,Yes,No,No internet service,No internet service,No internet service,No internet service,No internet service,No internet service,Month-to-month,No,Bank transfer (automatic),20.32,1431.16,1,3,0
CUST-13809,Female,0,Yes,No,42,Yes,No,DSL,Yes,No,No,No,No,No,Two year,Yes,Electronic check,50.73,2134.92,1,3,0
CUST-13810,Female,0,Yes,No,20,Yes,Yes,No,No internet service,No internet service,No internet service,No internet service,No internet service,No internet service,Two year,Yes,Mailed check,20.46,376.03,3,4,0
CUST-13811,Male,0,No,No,51,Yes,Yes,Fiber optic,No,Yes,Yes,No,Yes,Yes,Month-to-month,Yes,Credit card (automatic),107.83,5493.78,2,4,0
CUST-13812,Female,0,Yes,Yes,72,No,No phone service,No,No internet service,No internet service,No internet service,No internet service,No internet service,No internet service,Two year,Yes,Credit card (automatic),24.65,1760.38,0,3,0
CUST-13813,Male,0,No,Yes,23,Yes,No,Fiber optic,No,Yes,No,No,No,Yes,Two year,Yes,Credit card (automatic),84.52,1914.03,1,4,0
CUST-13814,Male,0,No,Yes,23,Yes,Yes,No,No internet service,No internet service,No internet service,No internet service,No internet service,No internet service,Month-to-month,No,Credit card (automatic),23.46,565.64,3,5,0
CUST-13815,Female,1,No,No,35,No,No phone service,DSL,No,Yes,No,No,No,Yes,Month-to-month,No,Bank transfer (automatic),62.29,2185.85,1,3,0
CUST-13816,Male,0,No,No,6,Yes,No,Fiber optic,No,No,No,No,Yes,No,Month-to-month,Yes,Electronic check,78.99,501.26,2,1,1
CUST-13817,Female,0,Yes,No,4,Yes,No,Fiber optic,No,No,No,No,No,Yes,Month-to-month,Yes,Bank transfer (automatic),77.76,294.85,3,5,1
CUST-13818,Male,0,Yes,Yes,35,Yes,No,DSL,No,No,No,No,Yes,No,Month-to-month,No,Mailed check,52.57,1861.39,1,5,0
CUST-13819,Male,0,No,No,10,Yes,No,Fiber optic,Yes,Yes,Yes,Yes,No,No,Two year,No,Electronic check,104.79,1057.33,2,3,0
CUST-13820,Male,0,No,No,3,Yes,Yes,No,No internet service,No internet service,No internet service,No internet service,No internet service,No internet service,Month-to-month,Yes,Bank transfer (automatic),20.18,34.15,1,3,0
CUST-13821,Female,0,No,No,9,Yes,Yes,Fiber optic,Yes,No,Yes,Yes,No,Yes,Two year,No,Bank transfer (automatic),109.61,965.17,4,1,0
CUST-13822,Female,0,Yes,No,11,Yes,Yes,Fiber optic,No,Yes,No,Yes,Yes,Yes,Two year,No,Credit card (automatic),100.48,1083.4,0,1,0
CUST-13823,Male,0,Yes,No,72,Yes,Yes,Fiber optic,No,Yes,Yes,Yes,Yes,Yes,Two year,Yes,Electronic check,109.15,7864.08,0,1,0
CUST-13824,Male,0,No,No,29,Yes,No,Fiber optic,Yes,No,Yes,No,No,Yes,Month-to-month,No,Credit card (automatic),93.4,2713.26,1,4,0
CUST-13825,Female,0,Yes,Yes,18,Yes,Yes,DSL,No,Yes,No,No,Yes,Yes,One year,No,Electronic check,71.01,1308.15,1,3,0
CUST-13826,Female,1,Yes,Yes,72,Yes,No,DSL,No,No,Yes,No,No,Yes,Two year,No,Bank transfer (automatic),62.12,4453.63,3,4,0
CUST-13827,Male,0,Yes,Yes,58,Yes,Yes,No,No internet service,No internet service,No internet service,No internet service,No internet service,No internet service,Month-to-month,Yes,Electronic check,20.49,1197.95,2,3,0
CUST-13828,Male,0,No,No,17,Yes,No,Fiber optic,No,Yes,No,No,Yes,Yes,One year,No,Mailed check,95.97,1635.81,1,2,0
CUST-13829,Female,0,Yes,No,59,Yes,Yes,No,No internet service,No internet service,No internet service,No internet service,No internet service,No internet service,Month-to-month,Yes,Electronic check,19.4,1129.09,1,4,0
CUST-13830,Female,0,No,Yes,12,Yes,Yes,Fiber optic,No,No,No,No,No,No,Month-to-month,No,Electronic check,73.86,901.38,1,2,1
CUST-13831,Female,0,Yes,No,6,Yes,No,No,No internet service,No internet service,No internet service,No internet service,No internet service,No internet service,One year,Yes,Credit card (automatic),21.88,124.75,1,2,0
CUST-13832,Female,0,No,No,6,Yes,No,Fiber optic,No,Yes,Yes,No,No,No,Month-to-month,Yes,Credit card (automatic),95.76,577.41,0,3,1
CUST-13833,Female,0,No,No,27,Yes,No,DSL,No,Yes,No,No,Yes,Yes,Two year,No,Bank transfer (automatic),64.22,1736.51,4,4,0
CUST-13834,Male,0,Yes,No,17,Yes,No,DSL,No,No,No,No,No,Yes,One year,Yes,Mailed check,51.22,858.36,0,4,0
CUST-13835,Female,0,No,No,26,Yes,No,Fiber optic,No,No,Yes,No,Yes,No,One year,No,Bank transfer (automatic),89.32,2330.23,3,3,0
CUST-13836,Male,0,Yes,No,28,Yes,No,Fiber optic,Yes,No,No,No,No,No,Month-to-month,Yes,Electronic check,74.81,2106.14,3,4,0
CUST-13837,Female,0,Yes,No,1,Yes,Yes,DSL,Yes,Yes,Yes,No,No,Yes,Month-to-month,No,Bank transfer (automatic),77.64,99.65,1,4,0
CUST-13838,Male,0,No,No,1,Yes,Yes,Fiber optic,Yes,Yes,Yes,No,No,Yes,One year,Yes,Mailed check,105.25,98.53,1,2,1
CUST-13839,Female,0,Yes,No,19,Yes,No,DSL,Yes,No,No,Yes,Yes,Yes,One year,No,Electronic check,76.19,1443.51,5,3,0
CUST-13840,Female,0,Yes,Yes,5,Yes,Yes,DSL,Yes,No,Yes,No,No,No,Month-to-month,No,Bank transfer (automatic),58.23,267.53,1,3,1
CUST-13841,Male,0,Yes,No,25,No,No phone service,DSL,No,Yes,Yes,No,Yes,Yes,Month-to-month,No,Electronic check,76.2,1894.43,0,4,1
CUST-13842,Male,0,Yes,No,20,No,No phone service,No,No internet service,No internet service,No internet service,No internet service,No internet service,No internet service,Two year,No,Bank transfer (automatic),19.57,375.92,2,2,0
CUST-13843,Female,0,No,No,22,Yes,Yes,Fiber optic,Yes,Yes,No,No,No,No,One year,Yes,Electronic check,90.21,1989.54,1,3,0
CUST-13844,Female,0,Yes,No,9,Yes,Yes,Fiber optic,Yes,Yes,Yes,Yes,No,No,One year,No,Mailed check,108.3,989.45,0,1,1
CUST-13845,Female,0,No,No,25,Yes,Yes,Fiber optic,No,No,No,No,No,No,Month-to-month,No,Mailed check,76.1,1922.95,1,5,0
CUST-13846,Female,0,No,No,44,Yes,No,DSL,No,Yes,Yes,No,Yes,No,One year,No,Bank transfer (automatic),63.02,2796.12,2,4,0
CUST-13847,Female,1,Yes,Yes,72,No,No phone service,No,No internet service,No internet service,No internet service,No internet service,No internet service,No internet service,Two year,No,Electronic check,19.73,1432.68,0,5,0
CUST-13848,Male,0,Yes,No,45,No,No phone service,No,No internet service,No internet service,No internet service,No internet service,No internet service,No internet service,Month-to-month,No,Electronic check,23.6,1061.25,0,5,0
CUST-13849,Male,0,No,Yes,20,Yes,Yes,No,No internet service,No internet service,No internet service,No internet service,No internet service,No internet service,Month-to-month,No,Electronic check,19.41,357.89,1,4,0
CUST-13850,Female,0,Yes,Yes,5,Yes,Yes,No,No internet service,No internet service,No internet service,No internet service,No internet service,No internet service,Month-to-month,No,Bank transfer (automatic),22.28,120.49,1,2,0
CUST-13851,Male,0,Yes,No,28,Yes,Yes,No,No internet service,No internet service,No internet service,No internet service,No internet service,No internet service,Month-to-month,No,Electronic check,24.63,671.04,1,3,0
CUST-13852,Male,0,Yes,Yes,69,Yes,No,Fiber optic,No,No,Yes,Yes,No,Yes,One year,No,Mailed check,100.14,6904.62,1,2,0
CUST-13853,Male,0,No,No,5,Yes,No,No,No internet service,No internet service,No internet service,No internet service,No internet service,No internet service,Month-to-month,Yes,Mailed check,21.53,105.1,1,1,0
CUST-13854,Female,1,No,No,7,No,No phone service,DSL,Yes,No,No,No,No,Yes,Month-to-month,No,Electronic check,60.66,406.41,1,1,1
CUST-13855,Male,1,Yes,No,4,Yes,Yes,Fiber optic,No,No,No,No,No,No,One year,No,Mailed check,74.33,281.28,2,4,0
CUST-13856,Female,0,Yes,Yes,33,Yes,No,Fiber optic,No,No,Yes,No,Yes,Yes,Month-to-month,Yes,Mailed check,97.19,3208.33,2,4,1
CUST-13857,Male,0,No,No,13,Yes,Yes,Fiber optic,No,No,No,Yes,Yes,No,Month-to-month,Yes,Electronic check,94.17,1220.45,1,4,1
CUST-13858,Female,1,No,No,1,Yes,No,DSL,No,No,No,No,Yes,Yes,One year,Yes,Bank transfer (automatic),62.03,57.42,3,3,0
CUST-13859,Male,0,No,No,51,Yes,No,DSL,No,No,No,Yes,Yes,Yes,One year,Yes,Electronic check,67.04,3404.29,3,1,0
CUST-13860,Female,0,No,No,20,Yes,No,Fiber optic,Yes,No,Yes,No,No,Yes,One year,No,Electronic check,96.66,1952.6,2,2,1
CUST-13861,Female,0,Yes,Yes,10,Yes,Yes,DSL,No,No,No,Yes,No,No,One year,Yes,Bank transfer (automatic),52.75,496.18,3,3,0
CUST-13862,Male,0,No,No,10,Yes,Yes,Fiber optic,No,No,Yes,Yes,No,Yes,One year,No,Bank transfer (automatic),98.49,1025.49,1,3,0
CUST-13863,Female,0,Yes,No,8,Yes,Yes,No,No internet service,No internet service,No internet service,No internet service,No internet service,No internet service,Two year,No,Electronic check,18.93,151.23,2,3,0
CUST-13864,Female,0,Yes,Yes,15,Yes,Yes,No,No internet service,No internet service,No internet service,No internet service,No internet service,No internet service,Two year,No,Bank transfer (automatic),18.25,260.28,2,3,0
CUST-13865,Female,0,No,No,10,Yes,Yes,No,No internet service,No internet service,No internet service,No internet service,No internet service,No internet service,Two year,Yes,Mailed check,21.6,184.83,0,1,0
CUST-13866,Female,0,Yes,No,19,Yes,Yes,Fiber optic,Yes,Yes,No,No,No,No,One year,Yes,Mailed check,88.79,1663.4,1,5,0
CUST-13867,Female,0,No,Yes,37,Yes,Yes,No,No internet service,No internet service,No internet service,No internet service,No internet service,No internet service,Two year,Yes,Electronic check,18.25,678.96,2,3,0
CUST-13868,Female,0,Yes,No,28,Yes,No,Fiber optic,No,No,No,Yes,No,No,Month-to-month,Yes,Credit card (automatic),81.19,2264.37,1,4,0
CUST-13869,Female,0,No,Yes,8,Yes,Yes,Fiber optic,No,Yes,No,No,Yes,No,Month-to-month,Yes,Bank transfer (automatic),88.04,677.28,1,3,1
CUST-13870,Female,0,No,No,18,Yes,No,DSL,Yes,No,No,No,No,No,Two year,Yes,Electronic check,54.71,958.86,2,4,0
CUST-13871,Male,0,Yes,No,45,Yes,No,DSL,Yes,No,Yes,Yes,Yes,No,Two year,Yes,Electronic check,77.84,3489.5,0,4,0
CUST-13872,Male,1,No,No,1,Yes,No,No,No internet service,No internet service,No internet service,No internet service,No internet service,No internet service,Two year,Yes,Bank transfer (automatic),22.18,18.25,1,3,0
CUST-13873,Female,1,Yes,No,2,Yes,No,DSL,No,Yes,Yes,Yes,No,Yes,Two year,Yes,Mailed check,75.69,166.14,0,3,0
CUST-13874,Female,0,No,Yes,20,Yes,No,No,No internet service,No internet service,No internet service,No internet service,No internet service,No internet service,Month-to-month,No,Electronic check,18.25,353.77,2,3,0
CUST-13875,Male,0,Yes,Yes,25,Yes,No,Fiber optic,No,No,No,No,Yes,Yes,Two year,No,Electronic check,91.55,2339.05,0,2,0
CUST-13876,Male,0,No,Yes,5,Yes,Yes,Fiber optic,No,No,No,No,Yes,Yes,Month-to-month,No,Mailed check,95.94,483.77,1,4,1
CUST-13877,Male,0,Yes,No,34,Yes,No,DSL,No,Yes,No,Yes,Yes,No,Two year,No,Mailed check,66.94,2289.32,0,1,0
CUST-13878,Female,1,Yes,No,25,No,No phone service,Fiber optic,Yes,Yes,No,No,No,No,One year,Yes,Bank transfer (automatic),85.19,2152.97,0,3,0
CUST-13879,Male,1,Yes,No,64,Yes,No,No,No internet service,No internet service,No internet service,No internet service,No internet service,No internet service,Month-to-month,No,Bank transfer (automatic),22.18,1391.4,1,3,0
CUST-13880,Female,0,Yes,Yes,4,Yes,Yes,DSL,No,Yes,No,No,No,Yes,One year,Yes,Bank transfer (automatic),54.68,206.53,0,3,0
CUST-13881,Female,0,No,No,34,Yes,Yes,DSL,Yes,Yes,No,Yes,No,No,Month-to-month,Yes,Electronic check,64.65,2192.7,1,3,0
CUST-13882,Male,0,No,No,2,Yes,No,DSL,No,No,Yes,No,No,Yes,Month-to-month,Yes,Bank transfer (automatic),59.24,141.34,2,2,1
CUST-13883,Female,0,No,No,20,Yes,No,DSL,Yes,No,No,No,No,No,Month-to-month,Yes,Credit card (automatic),55.83,1115.66,4,1,1
CUST-13884,Female,0,Yes,No,20,Yes,No,Fiber optic,Yes,No,No,Yes,No,No,Month-to-month,Yes,Electronic check,90.49,1811.68,2,3,1
CUST-13885,Female,0,No,Yes,12,Yes,Yes,DSL,No,No,No,Yes,No,Yes,One year,No,Bank transfer (automatic),58.21,716.07,0,5,0
CUST-13886,Female,0,Yes,Yes,46,Yes,No,DSL,Yes,Yes,No,No,Yes,No,Month-to-month,No,Bank transfer (automatic),65.76,3042.15,1,2,0
CUST-13887,Male,0,No,No,1,Yes,Yes,No,No internet service,No internet service,No internet service,No internet service,No internet service,No internet service,Two year,Yes,Credit card (automatic),18.25,49.23,2,2,0
CUST-13888,Male,0,No,No,18,No,No phone service,Fiber optic,No,No,Yes,Yes,Yes,Yes,Month-to-month,No,Electronic check,103.41,1831.86,3,4,1
CUST-13889,Female,0,Yes,Yes,6,Yes,No,DSL,Yes,No,Yes,No,Yes,No,Two year,No,Mailed check,66.86,389.37,1,2,0
CUST-13890,Female,0,Yes,Yes,34,No,No phone service,Fiber optic,No,No,No,No,No,No,Two year,Yes,Electronic check,75.19,2548.53,4,3,0
CUST-13891,Male,0,Yes,No,1,Yes,Yes,Fiber optic,No,No,No,No,Yes,Yes,Month-to-month,No,Electronic check,91.87,75.45,1,1,1
CUST-13892,Female,0,No,No,44,Yes,No,DSL,No,No,Yes,No,No,No,Month-to-month,No,Credit card (automatic),53.08,2343.64,2,1,0
CUST-13893,Male,0,No,Yes,45,Yes,Yes,Fiber optic,No,No,No,No,No,No,Month-to-month,Yes,Mailed check,71.44,3228.26,2,4,0
CUST-13894,Female,1,No,No,44,Yes,Yes,DSL,Yes,No,Yes,No,Yes,No,Two year,No,Credit card (automatic),61.43,2667.0,1,1,0
CUST-13895,Female,0,Yes,No,4,Yes,Yes,DSL,Yes,No,Yes,No,No,No,Two year,No,Credit card (automatic),58.1,245.22,0,3,0
CUST-13896,Male,0,No,No,24,Yes,Yes,Fiber optic,No,Yes,No,No,No,No,Month-to-month,No,Mailed check,88.62,2113.11,1,3,1
CUST-13897,Male,0,No,No,1,Yes,No,DSL,No,Yes,No,No,Yes,No,Month-to-month,No,Credit card (automatic),59.01,59.49,4,1,1
CUST-13898,Male,0,Yes,Yes,47,Yes,Yes,Fiber optic,No,Yes,No,No,Yes,Yes,Two year,Yes,Credit card (automatic),98.03,4589.16,1,3,0
CUST-13899,Male,1,No,No,32,Yes,Yes,No,No internet service,No internet service,No internet service,No internet service,No internet service,No internet service,One year,No,Mailed check,18.25,599.8,0,2,0
CUST-13900,Female,0,Yes,No,18,Yes,Yes,Fiber optic,Yes,No,Yes,Yes,No,No,Month-to-month,No,Electronic check,95.82,1706.54,2,4,1
CUST-13901,Male,1,Yes,No,32,Yes,No,Fiber optic,No,Yes,Yes,Yes,No,Yes,Two year,Yes,Electronic check,106.9,3419.87,2,2,0
CUST-13902,Female,0,No,No,2,Yes,Yes,DSL,Yes,Yes,No,No,No,Yes,Two year,No,Mailed check,69.09,149.83,1,4,0
CUST-13903,Male,1,Yes,No,18,Yes,Yes,No,No internet service,No internet service,No internet service,No internet service,No internet service,No internet service,Month-to-month,No,Mailed check,20.05,367.1,1,4,0
CUST-13904,Male,0,No,No,8,Yes,No,No,No internet service,No internet service,No internet service,No internet service,No internet service,No internet service,Month-to-month,Yes,Bank transfer (automatic),21.21,152.97,1,2,0
CUST-13905,Female,1,No,No,72,Yes,No,Fiber optic,No,No,No,No,Yes,No,Two year,No,Electronic check,86.4,6219.03,1,3,0
CUST-13906,Male,0,Yes,Yes,48,Yes,No,Fiber optic,No,Yes,Yes,No,Yes,No,One year,Yes,Credit card (automatic),98.01,4702.92,3,4,0
CUST-13907,Male,0,No,Yes,33,Yes,No,DSL,No,Yes,No,Yes,Yes,No,Two year,Yes,Mailed check,72.46,2404.31,0,1,0
CUST-13908,Male,0,No,No,67,Yes,Yes,No,No internet service,No internet service,No internet service,No internet service,No internet service,No internet service,Two year,Yes,Mailed check,21.14,1412.15,3,3,0
CUST-13909,Male,1,Yes,No,10,Yes,No,Fiber optic,No,Yes,No,No,Yes,No,Month-to-month,No,Electronic check,88.08,875.49,2,2,1
CUST-13910,Female,0,Yes,No,57,Yes,No,Fiber optic,Yes,No,Yes,No,Yes,No,One year,No,Credit card (automatic),95.15,5417.9,3,2,0
CUST-13911,Female,0,Yes,No,9,Yes,No,Fiber optic,No,Yes,No,No,Yes,Yes,One year,Yes,Mailed check,96.48,839.98,1,3,0
CUST-13912,Male,1,Yes,No,32,No,No phone service,Fiber optic,Yes,Yes,No,Yes,No,No,Month-to-month,No,Credit card (automatic),97.15,3126.8,4,3,1
CUST-13913,Male,0,Yes,No,33,Yes,Yes,DSL,No,Yes,No,Yes,No,Yes,Month-to-month,Yes,Electronic check,70.43,2347.57,0,4,0
CUST-13914,Male,0,Yes,No,1,Yes,No,Fiber optic,No,No,No,Yes,Yes,Yes,One year,No,Electronic check,101.32,132.28,2,3,1
CUST-13915,Female,0,Yes,No,11,Yes,Yes,Fiber optic,No,Yes,Yes,No,No,No,Month-to-month,Yes,Bank transfer (automatic),89.32,991.2,3,4,1
CUST-13916,Female,0,No,No,1,Yes,No,Fiber optic,No,No,Yes,No,Yes,No,Month-to-month,Yes,Credit card (automatic),91.46,67.26,1,3,1
CUST-13917,Female,1,Yes,No,72,Yes,Yes,DSL,No,No,No,No,No,No,Month-to-month,No,Bank transfer (automatic),45.68,3249.98,2,2,0
CUST-13918,Female,0,No,No,3,Yes,Yes,Fiber optic,Yes,No,Yes,Yes,No,No,One year,Yes,Bank transfer (automatic),96.99,297.11,2,1,1
CUST-13919,Male,0,No,No,19,Yes,No,DSL,Yes,Yes,No,No,Yes,No,Month-to-month,No,Mailed check,68.7,1291.29,1,1,1
CUST-13920,Male,1,No,No,39,Yes,Yes,No,No internet service,No internet service,No internet service,No internet service,No internet service,No internet service,Two year,No,Electronic check,21.76,841.31,2,1,0
CUST-13921,Male,0,Yes,Yes,5,Yes,No,Fiber optic,No,No,No,No,No,No,Month-to-month,Yes,Mailed check,81.26,402.3,0,1,1
CUST-13922,Female,0,No,Yes,16,Yes,No,DSL,No,No,No,No,No,Yes,Two year,No,Electronic check,57.62,927.57,4,3,0
CUST-13923,Male,0,No,No,23,Yes,No,No,No internet service,No internet service,No internet service,No internet service,No internet service,No internet service,Month-to-month,Yes,Electronic check,23.91,539.72,3,1,0
CUST-13924,Female,0,No,No,4,Yes,Yes,Fiber optic,Yes,Yes,Yes,Yes,Yes,No,One year,Yes,Mailed check,111.82,461.88,2,3,0
CUST-13925,Female,0,Yes,No,37,Yes,No,Fiber optic,Yes,No,No,Yes,Yes,Yes,Month-to-month,No,Electronic check,101.74,3749.72,6,4,1
CUST-13926,Male,1,Yes,Yes,8,Yes,No,Fiber optic,Yes,No,No,No,No,Yes,Two year,No,Credit card (automatic),91.38,725.64,0,1,0
CUST-13927,Male,0,No,No,5,No,No phone service,DSL,No,No,No,Yes,Yes,Yes,Two year,No,Electronic check,62.16,324.58,2,4,0
CUST-13928,Male,0,Yes,No,20,Yes,Yes,DSL,Yes,No,Yes,No,No,Yes,Two year,No,Electronic check,67.22,1337.72,1,2,0
CUST-13929,Female,0,Yes,No,13,Yes,No,Fiber optic,Yes,No,No,No,No,Yes,One year,No,Mailed check,91.47,1216.68,2,2,0
CUST-13930,Female,0,Yes,Yes,63,Yes,Yes,No,No internet service,No internet service,No internet service,No internet service,No internet service,No internet service,Month-to-month,Yes,Credit card (automatic),18.25,1135.03,1,2,0
CUST-13931,Male,1,No,No,53,Yes,Yes,DSL,Yes,Yes,No,No,Yes,Yes,One year,Yes,Bank transfer (automatic),75.9,4043.43,2,2,0
CUST-13932,Male,1,No,No,16,Yes,No,Fiber optic,No,No,No,Yes,No,No,Two year,Yes,Electronic check,85.04,1335.81,0,3,0
CUST-13933,Female,0,Yes,Yes,11,Yes,No,DSL,No,Yes,Yes,Yes,No,No,One year,No,Mailed check,67.27,730.58,0,4,0
CUST-13934,Male,0,No,No,9,Yes,Yes,Fiber optic,No,Yes,No,Yes,No,No,Two year,No,Electronic check,90.24,827.76,1,4,0
CUST-13935,Female,0,No,No,7,Yes,Yes,DSL,No,No,Yes,No,Yes,No,Month-to-month,Yes,Electronic check,62.23,470.2,2,1,1
CUST-13936,Female,0,No,No,19,Yes,No,Fiber optic,No,Yes,Yes,Yes,Yes,No,Two year,Yes,Electronic check,110.17,2103.54,1,1,0
CUST-13937,Male,0,No,No,40,Yes,Yes,DSL,No,No,No,No,Yes,Yes,One year,Yes,Mailed check,60.7,2443.26,0,4,0
CUST-13938,Male,0,No,No,9,Yes,Yes,Fiber optic,No,No,No,Yes,Yes,No,Two year,Yes,Electronic check,92.05,839.28,1,4,0
CUST-13939,Male,0,No,No,5,Yes,No,DSL,No,No,No,No,Yes,Yes,One year,Yes,Electronic check,59.13,291.94,0,5,0
CUST-13940,Male,0,Yes,No,16,No,No phone service,Fiber optic,No,Yes,No,No,Yes,Yes,Month-to-month,Yes,Electronic check,99.59,1546.33,3,2,1
CUST-13941,Female,0,No,Yes,1,Yes,Yes,DSL,No,Yes,No,No,Yes,No,One year,No,Mailed check,62.17,46.09,1,2,0
CUST-13942,Female,0,Yes,Yes,30,Yes,No,Fiber optic,No,Yes,No,No,No,No,Two year,No,Electronic check,84.0,2507.79,0,3,0
CUST-13943,Female,0,Yes,No,18,Yes,Yes,Fiber optic,Yes,Yes,Yes,Yes,Yes,Yes,Month-to-month,No,Electronic check,118.75,2118.46,3,1,1
CUST-13944,Male,0,No,Yes,17,No,No phone service,Fiber optic,Yes,Yes,No,Yes,No,No,Two year,No,Bank transfer (automatic),96.72,1613.97,1,4,0
CUST-13945,Female,0,No,No,8,No,No phone service,Fiber optic,No,No,No,No,Yes,Yes,Month-to-month,Yes,Bank transfer (automatic),90.13,753.96,2,3,1
CUST-13946,Male,1,No,No,58,Yes,No,DSL,No,No,No,No,Yes,No,Month-to-month,No,Electronic check,56.81,3282.17,0,4,0
CUST-13947,Male,0,Yes,No,2,Yes,Yes,No,No internet service,No internet service,No internet service,No internet service,No internet service,No internet service,Month-to-month,Yes,Mailed check,19.13,18.25,1,2,0
CUST-13948,Male,0,Yes,No,50,Yes,No,DSL,No,No,No,No,No,No,Two year,Yes,Bank transfer (automatic),47.46,2430.82,1,3,0
CUST-13949,Male,0,No,No,11,No,No phone service,No,No internet service,No internet service,No internet service,No internet service,No internet service,No internet service,Month-to-month,Yes,Bank transfer (automatic),25.56,301.3,1,2,0
CUST-13950,Male,1,Yes,No,53,Yes,Yes,Fiber optic,No,No,No,Yes,Yes,Yes,One year,Yes,Electronic check,99.94,5278.06,2,3,0
CUST-13951,Male,1,No,Yes,32,Yes,No,Fiber optic,No,Yes,No,No,Yes,No,Month-to-month,Yes,Mailed check,91.37,2907.04,1,3,1
CUST-13952,Female,0,Yes,Yes,2,No,No phone service,DSL,Yes,Yes,Yes,No,No,No,Month-to-month,Yes,Bank transfer (automatic),67.06,107.76,1,4,0
CUST-13953,Male,0,Yes,No,44,Yes,No,No,No internet service,No internet service,No internet service,No internet service,No internet service,No internet service,Month-to-month,No,Electronic check,23.52,1005.46,1,4,0
CUST-13954,Female,1,No,Yes,28,Yes,No,DSL,Yes,No,No,No,No,No,Month-to-month,No,Electronic check,49.52,1370.99,0,2,1
CUST-13955,Female,0,Yes,No,1,Yes,Yes,Fiber optic,Yes,Yes,No,No,Yes,Yes,Month-to-month,Yes,Bank transfer (automatic),100.71,110.88,1,3,1
CUST-13956,Male,0,Yes,No,3,Yes,No,Fiber optic,No,No,Yes,No,Yes,No,Month-to-month,Yes,Electronic check,87.35,289.56,1,1,1
CUST-13957,Male,0,Yes,No,25,Yes,Yes,Fiber optic,No,No,Yes,Yes,Yes,Yes,Month-to-month,No,Electronic check,105.14,2652.21,2,2,1
CUST-13958,Male,0,No,Yes,27,Yes,No,Fiber optic,Yes,No,No,Yes,Yes,No,Two year,Yes,Mailed check,94.05,2564.34,2,3,0
CUST-13959,Female,0,No,No,34,Yes,Yes,DSL,No,No,No,No,No,No,Two year,Yes,Bank transfer (automatic),51.72,1755.98,3,3,0
CUST-13960,Male,0,Yes,Yes,31,Yes,Yes,Fiber optic,Yes,No,Yes,No,Yes,Yes,Month-to-month,Yes,Mailed check,102.58,3192.14,1,5,0
CUST-13961,Female,0,Yes,No,26,Yes,Yes,No,No internet service,No internet service,No internet service,No internet service,No internet service,No internet service,Month-to-month,No,Credit card (automatic),22.77,599.59,0,5,0
CUST-13962,Male,1,No,Yes,36,No,No phone service,No,No internet service,No internet service,No internet service,No internet service,No internet service,No internet service,Month-to-month,No,Electronic check,18.25,657.78,1,1,0
CUST-13963,Male,0,Yes,No,21,Yes,No,No,No internet service,No internet service,No internet service,No internet service,No internet service,No internet service,One year,Yes,Bank transfer (automatic),19.99,443.55,2,3,0
CUST-13964,Female,0,No,Yes,7,Yes,No,No,No internet service,No internet service,No internet service,No internet service,No internet service,No internet service,Two year,Yes,Mailed check,20.28,155.91,0,2,0
CUST-13965,Female,0,Yes,Yes,60,Yes,Yes,Fiber optic,No,Yes,Yes,No,Yes,No,Two year,Yes,Credit card (automatic),94.3,5662.05,2,3,0
CUST-13966,Male,0,Yes,No,1,Yes,No,No,No internet service,No internet service,No internet service,No internet service,No internet service,No internet service,Month-to-month,Yes,Electronic check,20.07,18.25,2,4,0
CUST-13967,Female,0,No,Yes,11,No,No phone service,Fiber optic,No,Yes,No,No,No,No,Month-to-month,Yes,Mailed check,86.84,981.49,0,2,1
CUST-13968,Female,1,Yes,No,32,Yes,No,No,No internet service,No internet service,No internet service,No internet service,No internet service,No internet service,Two year,Yes,Credit card (automatic),19.57,600.79,1,4,0
CUST-13969,Female,0,No,Yes,13,Yes,No,Fiber optic,No,No,No,Yes,No,Yes,Month-to-month,Yes,Credit card (automatic),90.77,1151.46,1,5,0
CUST-13970,Female,0,Yes,No,1,Yes,No,DSL,Yes,Yes,No,No,Yes,No,One year,Yes,Mailed check,68.53,23.12,0,4,0
CUST-13971,Female,0,Yes,No,1,Yes,No,Fiber optic,Yes,Yes,No,Yes,Yes,Yes,Month-to-month,Yes,Credit card (automatic),113.69,112.11,1,3,1
CUST-13972,Male,0,No,Yes,26,Yes,No,Fiber optic,Yes,Yes,Yes,No,Yes,No,Two year,No,Bank transfer (automatic),99.75,2601.09,1,1,0
CUST-13973,Male,1,Yes,No,72,Yes,Yes,No,No internet service,No internet service,No internet service,No internet service,No internet service,No internet service,Month-to-month,Yes,Mailed check,22.37,1585.66,1,1,0
CUST-13974,Female,0,No,No,20,Yes,No,No,No internet service,No internet service,No internet service,No internet service,No internet service,No internet service,One year,Yes,Credit card (automatic),21.7,433.56,1,4,0
CUST-13975,Male,1,Yes,Yes,17,Yes,Yes,DSL,No,Yes,No,No,Yes,No,Month-to-month,No,Electronic check,60.22,1045.76,1,1,1
CUST-13976,Male,0,No,Yes,9,Yes,No,DSL,No,Yes,Yes,Yes,No,No,Month-to-month,Yes,Mailed check,71.62,656.96,1,3,1
CUST-13977,Female,0,No,No,7,No,No phone service,DSL,No,Yes,No,No,Yes,Yes,Month-to-month,Yes,Electronic check,70.83,484.7,2,4,1
CUST-13978,Male,0,Yes,No,1,Yes,No,Fiber optic,Yes,Yes,Yes,No,Yes,No,Month-to-month,Yes,Credit card (automatic),106.25,122.45,1,3,1
CUST-13979,Female,0,No,No,7,Yes,Yes,DSL,No,Yes,No,Yes,Yes,No,Month-to-month,Yes,Electronic check,66.13,483.6,4,2,1
CUST-13980,Female,0,No,No,14,No,No phone service,DSL,No,Yes,Yes,Yes,Yes,Yes,Month-to-month,Yes,Bank transfer (automatic),81.87,1167.95,0,2,1
CUST-13981,Male,0,Yes,No,5,Yes,Yes,DSL,Yes,No,No,No,No,Yes,Month-to-month,Yes,Bank transfer (automatic),59.74,312.17,1,3,1
CUST-13982,Female,0,No,Yes,2,Yes,Yes,No,No internet service,No internet service,No internet service,No internet service,No internet service,No internet service,Two year,Yes,Electronic check,21.85,18.25,2,2,0
CUST-13983,Female,0,No,No,31,Yes,Yes,DSL,Yes,No,No,Yes,Yes,No,Month-to-month,No,Electronic check,67.49,2123.47,2,5,0
CUST-13984,Female,0,Yes,No,56,Yes,No,Fiber optic,No,Yes,Yes,No,Yes,Yes,Two year,Yes,Electronic check,105.8,5929.82,1,1,0
CUST-13985,Female,0,Yes,No,69,Yes,No,No,No internet service,No internet service,No internet service,No internet service,No internet service,No internet service,Month-to-month,No,Electronic check,18.25,1250.0,4,5,0
CUST-13986,Female,1,Yes,No,24,No,No phone service,No,No internet service,No internet service,No internet service,No internet service,No internet service,No internet service,Month-to-month,No,Credit card (automatic),22.55,560.77,2,2,0
CUST-13987,Male,0,Yes,No,1,Yes,Yes,No,No internet service,No internet service,No internet service,No internet service,No internet service,No internet service,One year,No,Credit card (automatic),23.68,18.78,1,3,0
CUST-13988,Male,0,No,No,33,Yes,No,DSL,No,No,Yes,No,Yes,No,Month-to-month,Yes,Credit card (automatic),58.92,1887.96,1,2,0
CUST-13989,Female,0,No,No,2,Yes,Yes,Fiber optic,No,Yes,No,No,No,Yes,One year,No,Mailed check,88.69,199.78,2,4,0
CUST-13990,Female,0,No,Yes,27,Yes,No,Fiber optic,No,No,No,No,No,Yes,Month-to-month,No,Bank transfer (automatic),80.59,2164.81,0,4,0
CUST-13991,Male,0,Yes,Yes,37,Yes,Yes,Fiber optic,No,Yes,No,No,No,No,One year,Yes,Credit card (automatic),88.22,3260.68,1,2,0
CUST-13992,Female,0,Yes,No,32,Yes,No,DSL,No,No,No,Yes,No,Yes,Two year,No,Credit card (automatic),62.46,1998.83,0,3,0
CUST-13993,Male,0,No,No,72,Yes,Yes,Fiber optic,No,Yes,Yes,No,Yes,No,Two year,Yes,Electronic check,97.41,7007.43,3,5,0
CUST-13994,Female,1,No,Yes,33,Yes,Yes,DSL,Yes,Yes,No,No,No,Yes,Month-to-month,Yes,Electronic check,65.7,2171.83,1,2,1
CUST-13995,Female,0,No,No,29,Yes,No,No,No internet service,No internet service,No internet service,No internet service,No internet service,No internet service,Month-to-month,Yes,Credit card (automatic),18.25,546.65,0,4,0
CUST-13996,Female,0,Yes,No,7,Yes,No,No,No internet service,No internet service,No internet service,No internet service,No internet service,No internet service,Month-to-month,Yes,Bank transfer (automatic),22.41,167.12,1,4,0
CUST-13997,Female,0,Yes,Yes,64,Yes,No,Fiber optic,No,Yes,No,No,No,No,One year,No,Credit card (automatic),81.72,5209.44,0,3,0
CUST-13998,Female,0,Yes,Yes,4,Yes,No,Fiber optic,No,No,No,Yes,Yes,Yes,Two year,Yes,Mailed check,98.87,368.24,2,1,0
CUST-13999,Female,0,No,No,58,No,No phone service,No,No internet service,No internet service,No internet service,No internet service,No internet service,No internet service,Month-to-month,No,Mailed check,24.19,1395.25,2,2,0
CUST-14000,Female,0,Yes,No,9,Yes,No,DSL,No,No,No,No,No,Yes,Two year,Yes,Bank transfer (automatic),49.47,429.39,2,3,0
CUST-14001,Male,0,No,No,3,Yes,No,No,No internet service,No internet service,No internet service,No internet service,No internet service,No internet service,Two year,Yes,Mailed check,18.25,38.68,2,3,0
CUST-14002,Male,0,No,No,43,Yes,No,No,No internet service,No internet service,No internet service,No internet service,No internet service,No internet service,Two year,No,Mailed check,21.58,911.26,1,1,0
CUST-14003,Male,0,Yes,No,1,Yes,No,DSL,Yes,Yes,Yes,Yes,No,Yes,One year,Yes,Mailed check,81.88,108.3,0,2,1
CUST-14004,Female,0,No,Yes,44,Yes,No,Fiber optic,Yes,No,No,No,Yes,No,Month-to-month,No,Electronic check,89.52,3949.05,1,3,0
CUST-14005,Female,0,No,No,7,Yes,Yes,DSL,No,Yes,No,Yes,No,No,One year,No,Mailed check,62.5,431.07,1,4,0
CUST-14006,Female,0,No,No,54,Yes,No,DSL,Yes,No,No,No,Yes,Yes,Month-to-month,Yes,Mailed check,69.75,3768.76,1,4,0
CUST-14007,Female,1,Yes,No,29,Yes,No,Fiber optic,Yes,Yes,No,No,Yes,Yes,One year,Yes,Bank transfer (automatic),103.98,3023.72,2,3,0
CUST-14008,Female,1,Yes,Yes,27,Yes,No,DSL,No,No,Yes,No,Yes,Yes,Month-to-month,Yes,Electronic check,65.88,1764.69,0,2,1
CUST-14009,Female,0,Yes,Yes,11,Yes,Yes,No,No internet service,No internet service,No internet service,No internet service,No internet service,No internet service,Two year,No,Credit card (automatic),19.81,219.45,0,4,0
CUST-14010,Female,0,Yes,No,1,Yes,No,Fiber optic,No,No,No,No,No,Yes,Two year,No,Bank transfer (automatic),85.89,40.6,0,5,0
CUST-14011,Male,0,No,No,44,Yes,Yes,No,No internet service,No internet service,No internet service,No internet service,No internet service,No internet service,One year,Yes,Electronic check,18.25,803.97,2,1,0
CUST-14012,Female,1,No,No,4,Yes,No,DSL,No,No,No,No,Yes,Yes,Month-to-month,Yes,Electronic check,59.68,251.37,2,2,1
CUST-14013,Male,0,Yes,No,11,Yes,No,No,No internet service,No internet service,No internet service,No internet service,No internet service,No internet service,Two year,Yes,Bank transfer (automatic),21.9,252.19,3,3,0
CUST-14014,Male,0,No,No,22,Yes,Yes,Fiber optic,Yes,No,Yes,No,No,No,Two year,Yes,Mailed check,88.17,1941.44,2,2,0
CUST-14015,Female,0,No,No,16,Yes,No,Fiber optic,No,No,No,No,Yes,Yes,One year,No,Electronic check,85.88,1348.65,2,4,0
CUST-14016,Female,1,Yes,No,5,Yes,No,Fiber optic,No,No,No,No,No,Yes,Two year,Yes,Credit card (automatic),79.29,403.27,1,2,0
CUST-14017,Male,0,Yes,No,3,No,No phone service,Fiber optic,No,No,No,No,No,No,Month-to-month,Yes,Mailed check,76.06,247.9,3,4,1
CUST-14018,Male,1,No,No,3,No,No phone service,Fiber optic,No,Yes,No,No,No,No,One year,No,Bank transfer (automatic),82.25,265.78,0,4,0
CUST-14019,Female,0,No,Yes,49,Yes,No,No,No internet service,No internet service,No internet service,No internet service,No internet service,No internet service,Month-to-month,No,Mailed check,18.25,893.34,2,2,0
CUST-14020,Female,0,No,Yes,1,Yes,Yes,Fiber optic,Yes,No,No,No,No,Yes,Month-to-month,Yes,Electronic check,88.52,94.06,2,1,1
CUST-14021,Male,0,Yes,No,72,Yes,No,No,No internet service,No internet service,No internet service,No internet service,No internet service,No internet service,One year,Yes,Electronic check,23.83,1710.94,2,4,0
CUST-14022,Female,0,Yes,No,5,Yes,No,DSL,No,No,No,No,No,Yes,Two year,No,Credit card (automatic),52.32,273.85,1,3,0
CUST-14023,Female,0,Yes,No,2,Yes,No,Fiber optic,No,No,No,Yes,No,No,Month-to-month,No,Electronic check,84.23,159.41,1,2,1
CUST-14024,Female,0,No,No,21,Yes,Yes,DSL,No,No,No,No,No,No,Two year,Yes,Credit card (automatic),44.72,928.69,1,5,0
CUST-14025,Male,1,No,No,2,Yes,Yes,No,No internet service,No internet service,No internet service,No internet service,No internet service,No internet service,Month-to-month,Yes,Credit card (automatic),22.44,43.11,1,1,0
CUST-14026,Male,0,Yes,No,23,No,No phone service,DSL,No,No,No,No,No,No,One year,No,Electronic check,46.77,1073.65,1,4,0
CUST-14027,Male,0,No,No,47,No,No phone service,Fiber optic,No,No,No,No,No,No,Two year,Yes,Bank transfer (automatic),75.06,3498.63,1,3,0
CUST-14028,Female,0,No,Yes,1,Yes,No,No,No internet service,No internet service,No internet service,No internet service,No internet service,No internet service,Month-to-month,Yes,Bank transfer (automatic),18.25,18.25,1,1,1
CUST-14029,Female,1,No,No,40,Yes,Yes,Fiber optic,Yes,No,No,No,Yes,Yes,One year,No,Mailed check,98.82,3928.75,0,3,0
CUST-14030,Male,0,No,No,12,Yes,No,DSL,No,No,No,No,No,No,Month-to-month,No,Bank transfer (automatic),40.86,489.18,0,3,0
CUST-14031,Male,1,Yes,No,4,Yes,Yes,DSL,Yes,No,No,No,Yes,Yes,One year,No,Electronic check,68.99,323.45,2,2,0
CUST-14032,Male,1,No,No,4,Yes,No,Fiber optic,No,Yes,No,No,Yes,No,Month-to-month,No,Electronic check,92.63,384.58,3,1,1
CUST-14033,Female,0,Yes,Yes,62,Yes,No,Fiber optic,No,Yes,Yes,Yes,Yes,No,Month-to-month,No,Bank transfer (automatic),103.52,6397.07,2,2,0
CUST-14034,Male,0,Yes,No,2,Yes,No,No,No internet service,No internet service,No internet service,No internet service,No internet service,No internet service,Month-to-month,Yes,Bank transfer (automatic),18.25,37.78,3,3,0
CUST-14035,Male,0,No,No,50,Yes,Yes,No,No internet service,No internet service,No internet service,No internet service,No internet service,No internet service,Two year,No,Electronic check,22.97,1159.07,3,4,0
CUST-14036,Female,0,No,No,19,Yes,No,DSL,No,Yes,No,No,No,No,Month-to-month,No,Credit card (automatic),52.53,974.13,1,5,0
CUST-14037,Female,1,No,No,1,No,No phone service,Fiber optic,Yes,Yes,Yes,No,No,No,Month-to-month,Yes,Credit card (automatic),96.98,104.6,2,1,1
CUST-14038,Female,0,No,No,15,Yes,No,Fiber optic,No,No,No,Yes,No,Yes,Month-to-month,No,Electronic check,90.55,1357.16,0,1,1
CUST-14039,Male,0,No,No,42,Yes,No,Fiber optic,Yes,Yes,No,No,Yes,Yes,Month-to-month,No,Credit card (automatic),103.61,4349.69,2,5,0
CUST-14040,Female,0,No,Yes,32,Yes,Yes,DSL,No,Yes,Yes,No,No,No,Month-to-month,Yes,Electronic check,55.34,1757.54,3,1,0
CUST-14041,Female,0,Yes,No,16,Yes,No,Fiber optic,Yes,No,Yes,No,Yes,No,Month-to-month,No,Bank transfer (automatic),95.82,1532.92,4,4,1
CUST-14042,Male,1,No,No,49,No,No phone service,Fiber optic,No,No,Yes,No,No,Yes,Month-to-month,Yes,Credit card (automatic),90.07,4439.31,3,4,0
CUST-14043,Female,0,No,No,3,Yes,No,DSL,Yes,No,No,No,No,No,Month-to-month,Yes,Mailed check,52.58,149.47,4,1,1
CUST-14044,Male,0,Yes,No,60,Yes,Yes,DSL,No,No,Yes,No,Yes,Yes,Month-to-month,Yes,Mailed check,62.23,3753.03,0,4,0
CUST-14045,Male,0,Yes,No,46,Yes,No,No,No internet service,No internet service,No internet service,No internet service,No internet service,No internet service,Month-to-month,Yes,Mailed check,19.21,883.69,1,2,0
CUST-14046,Female,0,No,No,30,No,No phone service,DSL,Yes,No,Yes,No,No,No,Month-to-month,No,Bank transfer (automatic),64.95,1953.89,3,4,0
CUST-14047,Female,0,No,Yes,42,Yes,Yes,DSL,Yes,No,No,Yes,Yes,No,One year,Yes,Mailed check,67.64,2869.29,0,2,0
CUST-14048,Female,0,No,No,19,Yes,No,Fiber optic,No,Yes,No,No,Yes,Yes,One year,No,Bank transfer (automatic),100.12,1900.48,2,4,0
CUST-14049,Female,0,No,Yes,28,Yes,No,DSL,Yes,Yes,No,No,Yes,No,One year,No,Credit card (automatic),69.24,1940.01,1,4,0
CUST-14050,Female,0,Yes,Yes,20,Yes,Yes,DSL,No,Yes,No,Yes,No,No,Month-to-month,Yes,Bank transfer (automatic),58.07,1174.19,0,1,1
CUST-14051,Female,0,No,No,10,Yes,Yes,DSL,No,Yes,Yes,Yes,Yes,No,One year,Yes,Mailed check,73.16,712.54,1,3,0
CUST-14052,Male,0,No,Yes,21,Yes,No,Fiber optic,No,No,Yes,No,Yes,No,Two year,Yes,Mailed check,91.2,1934.54,0,2,0
CUST-14053,Male,0,No,No,7,Yes,Yes,DSL,Yes,No,Yes,Yes,No,No,One year,No,Electronic check,65.87,454.79,0,4,0
CUST-14054,Female,0,No,No,14,Yes,No,No,No internet service,No internet service,No internet service,No internet service,No internet service,No internet service,Month-to-month,Yes,Electronic check,23.45,319.93,2,3,0
CUST-14055,Male,0,No,No,8,Yes,Yes,DSL,No,Yes,Yes,Yes,No,Yes,One year,Yes,Credit card (automatic),74.08,566.63,1,3,0
CUST-14056,Female,0,No,No,3,Yes,No,DSL,No,No,No,No,No,Yes,Month-to-month,Yes,Electronic check,54.99,144.29,0,1,1
CUST-14057,Male,0,No,No,9,Yes,Yes,No,No internet service,No internet service,No internet service,No internet service,No internet service,No internet service,Month-to-month,No,Electronic check,21.15,197.69,0,2,1
CUST-14058,Male,0,Yes,No,47,Yes,Yes,Fiber optic,Yes,Yes,No,Yes,No,Yes,One year,Yes,Bank transfer (automatic),106.43,5024.01,2,5,0
CUST-14059,Male,1,No,No,11,Yes,Yes,DSL,No,No,No,Yes,No,No,One year,No,Credit card (automatic),50.67,541.48,0,4,0
CUST-14060,Female,0,Yes,Yes,34,Yes,No,No,No internet service,No internet service,No internet service,No internet service,No internet service,No internet service,Month-to-month,Yes,Credit card (automatic),23.25,802.26,2,2,0
CUST-14061,Male,0,Yes,No,4,Yes,No,Fiber optic,Yes,No,Yes,Yes,Yes,Yes,Month-to-month,Yes,Credit card (automatic),118.75,470.71,1,3,1
CUST-14062,Female,0,No,No,13,Yes,Yes,Fiber optic,No,Yes,No,No,No,Yes,Two year,Yes,Credit card (automatic),87.2,1106.06,1,5,0
CUST-14063,Male,0,Yes,No,3,Yes,No,DSL,No,Yes,No,No,Yes,Yes,Month-to-month,No,Electronic check,70.32,201.8,1,4,1
CUST-14064,Male,0,No,No,3,Yes,No,Fiber optic,No,Yes,Yes,Yes,Yes,Yes,Month-to-month,No,Mailed check,112.51,350.75,3,2,1
CUST-14065,Male,0,Yes,No,24,Yes,Yes,DSL,No,No,No,No,No,Yes,One year,Yes,Credit card (automatic),50.09,1181.7,1,1,0
CUST-14066,Male,0,Yes,No,23,Yes,No,Fiber optic,Yes,No,No,No,Yes,No,Two year,No,Mailed check,86.82,1970.81,2,4,0
CUST-14067,Male,0,No,No,5,Yes,No,DSL,No,Yes,No,Yes,No,Yes,Two year,Yes,Credit card (automatic),64.92,311.53,0,2,0
CUST-14068,Female,0,Yes,No,16,Yes,Yes,DSL,Yes,No,No,Yes,Yes,Yes,Month-to-month,Yes,Electronic check,72.81,1150.93,2,1,1
CUST-14069,Female,0,No,Yes,49,Yes,Yes,Fiber optic,No,Yes,No,No,No,Yes,Month-to-month,Yes,Mailed check,86.51,4273.59,2,1,1
CUST-14070,Male,0,Yes,No,4,Yes,No,Fiber optic,Yes,Yes,Yes,No,Yes,Yes,One year,Yes,Credit card (automatic),115.81,466.6,3,1,1
CUST-14071,Male,0,Yes,Yes,1,Yes,No,Fiber optic,No,No,Yes,No,No,No,One year,Yes,Electronic check,82.47,106.18,0,1,1
CUST-14072,Male,0,Yes,No,26,Yes,Yes,Fiber optic,No,Yes,No,No,No,Yes,One year,No,Credit card (automatic),91.24,2370.68,1,3,0
CUST-14073,Male,1,Yes,No,1,Yes,No,DSL,Yes,Yes,No,No,Yes,Yes,Month-to-month,Yes,Electronic check,71.54,77.42,2,4,1
CUST-14074,Female,0,No,Yes,72,No,No phone service,Fiber optic,Yes,No,No,No,No,Yes,Two year,No,Electronic check,93.6,6757.0,0,4,0
CUST-14075,Male,0,Yes,No,23,Yes,No,No,No internet service,No internet service,No internet service,No internet service,No internet service,No internet service,Two year,Yes,Mailed check,18.4,396.36,0,4,0
CUST-14076,Female,1,No,No,15,No,No phone service,DSL,No,No,Yes,No,Yes,No,Month-to-month,Yes,Electronic check,63.89,938.2,1,1,1
CUST-14077,Male,0,No,No,14,Yes,Yes,Fiber optic,No,Yes,No,No,No,Yes,Month-to-month,Yes,Electronic check,91.34,1289.46,1,5,1
CUST-14078,Female,0,No,Yes,21,Yes,Yes,Fiber optic,No,Yes,Yes,No,Yes,No,One year,No,Electronic check,94.63,1988.99,1,1,1
CUST-14079,Male,0,No,No,2,Yes,Yes,Fiber optic,Yes,Yes,Yes,No,Yes,No,Month-to-month,Yes,Mailed check,106.1,222.81,2,4,1
CUST-14080,Male,1,Yes,No,66,Yes,No,DSL,No,No,No,No,No,No,One year,No,Mailed check,44.91,2947.31,3,5,0
CUST-14081,Female,1,Yes,No,24,Yes,No,Fiber optic,Yes,No,No,Yes,No,Yes,Month-to-month,Yes,Credit card (automatic),94.59,2267.48,4,4,1
CUST-14082,Male,0,No,No,5,Yes,No,Fiber optic,No,No,Yes,Yes,No,Yes,Month-to-month,Yes,Credit card (automatic),94.3,499.32,3,4,1
CUST-14083,Male,0,No,No,20,Yes,No,Fiber optic,Yes,No,No,Yes,Yes,No,Two year,No,Bank transfer (automatic),99.96,1987.45,0,3,0
CUST-14084,Male,0,No,No,3,Yes,Yes,No,No internet service,No internet service,No internet service,No internet service,No internet service,No internet service,One year,No,Bank transfer (automatic),23.62,88.21,3,5,0
CUST-14085,Female,0,No,No,1,Yes,No,DSL,Yes,No,Yes,No,Yes,No,Month-to-month,No,Electronic check,64.37,72.04,2,3,1
CUST-14086,Male,0,Yes,Yes,24,Yes,Yes,No,No internet service,No internet service,No internet service,No internet service,No internet service,No internet service,One year,No,Bank transfer (automatic),20.33,472.07,3,4,0
CUST-14087,Male,0,Yes,Yes,26,Yes,Yes,Fiber optic,Yes,Yes,Yes,Yes,No,No,One year,No,Electronic check,100.57,2638.25,0,2,1
CUST-14088,Female,0,No,Yes,21,No,No phone service,Fiber optic,No,No,Yes,Yes,Yes,No,Month-to-month,Yes,Mailed check,100.02,2125.31,1,3,1
CUST-14089,Female,0,No,No,5,Yes,No,Fiber optic,Yes,No,No,No,Yes,No,Two year,Yes,Mailed check,90.23,424.39,0,1,0
CUST-14090,Female,0,Yes,No,23,Yes,Yes,No,No internet service,No internet service,No internet service,No internet service,No internet service,No internet service,Month-to-month,No,Bank transfer (automatic),18.25,435.21,3,4,0
CUST-14091,Male,0,No,No,1,Yes,No,Fiber optic,Yes,No,No,Yes,Yes,Yes,Two year,No,Credit card (automatic),103.65,95.67,1,3,0
CUST-14092,Male,0,Yes,No,23,Yes,No,DSL,No,Yes,No,Yes,No,Yes,Month-to-month,No,Electronic check,65.87,1512.37,1,2,1
CUST-14093,Male,1,Yes,No,20,Yes,No,Fiber optic,Yes,No,No,No,No,Yes,One year,Yes,Electronic check,87.42,1707.24,1,2,0
CUST-14094,Female,0,No,No,26,Yes,Yes,DSL,No,Yes,Yes,Yes,Yes,Yes,Month-to-month,No,Electronic check,85.36,2211.98,2,5,1
CUST-14095,Male,0,No,Yes,56,Yes,Yes,Fiber optic,No,No,Yes,Yes,No,No,Two year,Yes,Credit card (automatic),87.48,4881.46,0,4,0
CUST-14096,Male,0,No,Yes,47,Yes,Yes,DSL,Yes,No,Yes,No,No,Yes,Month-to-month,No,Mailed check,72.54,3407.11,0,4,0
CUST-14097,Female,0,Yes,No,72,Yes,No,No,No internet service,No internet service,No internet service,No internet service,No internet service,No internet service,Month-to-month,No,Electronic check,22.59,1606.23,3,3,0
CUST-14098,Female,1,Yes,No,72,No,No phone service,DSL,No,Yes,Yes,No,Yes,No,Two year,Yes,Electronic check,66.51,4770.23,2,3,0
CUST-14099,Female,0,No,No,36,Yes,No,DSL,No,No,No,No,Yes,Yes,Month-to-month,Yes,Mailed check,66.86,2388.21,1,3,0
CUST-14100,Female,0,Yes,No,72,No,No phone service,DSL,No,No,Yes,No,No,No,Two year,No,Electronic check,51.4,3723.65,2,3,0
CUST-14101,Female,0,No,No,50,Yes,No,No,No internet service,No internet service,No internet service,No internet service,No internet service,No internet service,Month-to-month,Yes,Mailed check,18.25,908.98,4,4,0
CUST-14102,Male,0,No,No,32,No,No phone service,Fiber optic,No,No,Yes,No,No,Yes,One year,No,Mailed check,92.99,2984.65,0,5,0
CUST-14103,Female,0,No,No,1,Yes,No,Fiber optic,Yes,Yes,Yes,No,Yes,No,One year,No,Electronic check,102.42,108.54,0,5,0
CUST-14104,Male,0,Yes,Yes,1,Yes,No,DSL,No,No,Yes,No,No,Yes,Month-to-month,Yes,Electronic check,63.75,49.48,1,4,1
CUST-14105,Male,0,No,No,45,Yes,No,Fiber optic,Yes,No,No,No,No,No,Two year,Yes,Electronic check,78.34,3532.52,1,3,0
CUST-14106,Female,0,Yes,No,16,Yes,Yes,No,No internet service,No internet service,No internet service,No internet service,No internet service,No internet service,One year,Yes,Bank transfer (automatic),18.25,293.25,1,4,0
CUST-14107,Female,0,Yes,No,42,Yes,No,DSL,No,No,Yes,Yes,Yes,Yes,Month-to-month,Yes,Electronic check,73.39,3066.72,2,4,0
CUST-14108,Female,1,Yes,Yes,9,Yes,No,DSL,No,Yes,No,No,No,No,Month-to-month,No,Credit card (automatic),54.21,484.77,2,2,1
CUST-14109,Male,0,Yes,No,12,Yes,Yes,Fiber optic,No,No,Yes,No,No,Yes,Month-to-month,No,Bank transfer (automatic),88.55,1097.6,0,4,0
CUST-14110,Female,1,No,No,30,Yes,No,DSL,No,No,No,No,No,Yes,One year,Yes,Mailed check,50.87,1500.73,1,5,0
CUST-14111,Female,0,Yes,No,61,Yes,No,DSL,No,No,No,Yes,Yes,No,Month-to-month,Yes,Mailed check,61.98,3770.91,1,4,0
CUST-14112,Female,0,Yes,Yes,2,Yes,No,DSL,No,Yes,Yes,No,No,No,Month-to-month,Yes,Electronic check,63.52,136.24,2,4,1
CUST-14113,Female,0,No,Yes,49,Yes,No,Fiber optic,Yes,No,No,No,Yes,No,Two year,No,Credit card (automatic),89.12,4337.45,1,2,0
CUST-14114,Female,0,Yes,No,39,Yes,Yes,No,No internet service,No internet service,No internet service,No internet service,No internet service,No internet service,Month-to-month,No,Credit card (automatic),18.25,706.02,2,3,0
CUST-14115,Male,0,No,No,9,Yes,Yes,Fiber optic,Yes,No,No,No,No,Yes,Two year,Yes,Electronic check,94.36,870.6,2,3,0
CUST-14116,Male,0,Yes,Yes,10,Yes,Yes,Fiber optic,No,No,No,No,No,No,Two year,No,Bank transfer (automatic),74.56,735.8,3,3,0
CUST-14117,Male,0,Yes,No,1,Yes,No,No,No internet service,No internet service,No internet service,No internet service,No internet service,No internet service,Two year,No,Electronic check,21.26,41.27,0,1,0
CUST-14118,Female,0,No,Yes,1,Yes,No,DSL,Yes,No,Yes,No,No,Yes,Month-to-month,No,Credit card (automatic),66.08,46.41,0,3,0
CUST-14119,Female,0,Yes,No,16,Yes,Yes,Fiber optic,Yes,No,No,No,Yes,Yes,Two year,Yes,Electronic check,96.35,1568.79,2,5,0
CUST-14120,Female,0,No,No,2,Yes,No,No,No internet service,No internet service,No internet service,No internet service,No internet service,No internet service,Month-to-month,No,Electronic check,18.58,80.7,1,4,0
CUST-14121,Male,0,Yes,No,5,Yes,Yes,Fiber optic,No,No,No,No,No,No,Month-to-month,No,Mailed check,77.5,351.28,0,3,1
CUST-14122,Female,0,Yes,No,46,Yes,Yes,Fiber optic,No,No,Yes,No,Yes,Yes,Two year,Yes,Mailed check,101.07,4678.16,0,2,0
CUST-14123,Female,0,Yes,No,21,Yes,Yes,DSL,No,No,No,Yes,Yes,Yes,Month-to-month,No,Electronic check,65.96,1381.39,1,3,0
CUST-14124,Female,0,Yes,No,25,Yes,Yes,Fiber optic,No,No,No,No,Yes,No,One year,No,Bank transfer (automatic),81.33,2025.39,2,4,0
CUST-14125,Male,0,Yes,No,5,Yes,Yes,No,No internet service,No internet service,No internet service,No internet service,No internet service,No internet service,Month-to-month,Yes,Electronic check,23.69,98.39,1,4,0
CUST-14126,Female,0,No,No,44,Yes,Yes,No,No internet service,No internet service,No internet service,No internet service,No internet service,No internet service,Month-to-month,Yes,Mailed check,25.7,1108.32,2,4,0
CUST-14127,Male,0,No,No,50,Yes,Yes,Fiber optic,No,Yes,No,Yes,No,Yes,One year,Yes,Electronic check,99.21,4974.84,5,2,0
CUST-14128,Female,0,Yes,No,18,Yes,Yes,No,No internet service,No internet service,No internet service,No internet service,No internet service,No internet service,Two year,No,Credit card (automatic),21.04,370.29,0,3,0
CUST-14129,Male,0,Yes,Yes,60,Yes,Yes,Fiber optic,No,Yes,Yes,No,Yes,No,Month-to-month,Yes,Electronic check,103.28,6157.4,1,2,1
CUST-14130,Male,0,No,Yes,46,Yes,No,DSL,No,No,No,No,Yes,No,Month-to-month,Yes,Credit card (automatic),53.24,2466.25,0,4,0
CUST-14131,Male,0,No,No,32,Yes,Yes,No,No internet service,No internet service,No internet service,No internet service,No internet service,No internet service,Month-to-month,Yes,Electronic check,20.75,667.84,6,3,0
CUST-14132,Female,0,No,No,33,Yes,No,No,No internet service,No internet service,No internet service,No internet service,No internet service,No internet service,Month-to-month,Yes,Electronic check,18.6,603.2,2,3,0
CUST-14133,Female,0,No,Yes,2,Yes,Yes,Fiber optic,No,No,No,No,No,Yes,Month-to-month,No,Bank transfer (automatic),84.6,192.13,2,4,0
CUST-14134,Male,0,Yes,No,7,No,No phone service,Fiber optic,No,No,No,Yes,Yes,Yes,Month-to-month,Yes,Mailed check,95.64,681.84,1,4,1
CUST-14135,Male,0,Yes,No,1,No,No phone service,Fiber optic,No,Yes,Yes,No,Yes,Yes,One year,No,Bank transfer (automatic),103.74,113.7,1,3,0
CUST-14136,Female,1,No,No,1,Yes,Yes,DSL,No,No,No,No,Yes,No,Month-to-month,No,Electronic check,51.69,18.25,0,3,1
CUST-14137,Female,0,No,Yes,4,Yes,Yes,DSL,Yes,Yes,Yes,No,No,No,Month-to-month,No,Electronic check,69.25,281.11,3,4,1
CUST-14138,Male,0,No,No,53,Yes,No,Fiber optic,Yes,No,No,No,No,No,Month-to-month,No,Electronic check,81.64,4340.78,3,5,0
CUST-14139,Female,0,Yes,No,6,Yes,Yes,Fiber optic,No,Yes,No,Yes,No,No,Two year,Yes,Credit card (automatic),92.69,542.75,2,3,0
CUST-14140,Female,0,No,No,72,Yes,No,No,No internet service,No internet service,No internet service,No internet service,No internet service,No internet service,Month-to-month,No,Bank transfer (automatic),18.25,1303.35,4,1,0
CUST-14141,Female,0,No,Yes,22,Yes,No,DSL,No,Yes,No,No,Yes,Yes,Month-to-month,Yes,Bank transfer (automatic),66.5,1420.81,1,4,0
CUST-14142,Female,0,Yes,No,6,No,No phone service,Fiber optic,No,Yes,Yes,Yes,No,No,Two year,No,Electronic check,97.86,543.8,2,2,1
CUST-14143,Male,1,No,No,17,Yes,Yes,No,No internet service,No internet service,No internet service,No internet service,No internet service,No internet service,Month-to-month,No,Bank transfer (automatic),20.57,366.19,1,5,0
CUST-14144,Female,0,Yes,No,6,Yes,No,Fiber optic,No,Yes,No,No,No,No,Two year,No,Bank transfer (automatic),84.73,501.19,0,4,0
CUST-14145,Female,0,Yes,No,72,Yes,Yes,No,No internet service,No internet service,No internet service,No internet service,No internet service,No internet service,Month-to-month,Yes,Mailed check,18.25,1296.8,1,4,0
CUST-14146,Male,1,Yes,No,46,Yes,Yes,Fiber optic,No,Yes,Yes,Yes,Yes,No,Month-to-month,Yes,Electronic check,105.17,4827.45,0,4,0
CUST-14147,Male,1,Yes,No,1,Yes,Yes,Fiber optic,No,No,Yes,No,Yes,Yes,Month-to-month,No,Bank transfer (automatic),94.62,114.92,3,2,1
CUST-14148,Female,0,Yes,Yes,72,Yes,Yes,DSL,No,No,No,Yes,No,No,One year,Yes,Bank transfer (automatic),54.44,3953.5,4,4,0
CUST-14149,Female,1,No,No,31,Yes,Yes,DSL,No,No,Yes,No,No,Yes,Month-to-month,No,Bank transfer (automatic),58.64,1835.1,0,3,0
CUST-14150,Female,0,Yes,Yes,2,Yes,No,DSL,No,Yes,Yes,Yes,No,Yes,Month-to-month,No,Electronic check,77.48,153.15,3,2,1
CUST-14151,Female,1,No,Yes,27,Yes,Yes,Fiber optic,Yes,No,No,No,No,Yes,One year,No,Electronic check,90.07,2466.82,2,2,0
CUST-14152,Male,0,Yes,No,26,Yes,No,DSL,No,No,Yes,No,Yes,Yes,Month-to-month,Yes,Bank transfer (automatic),67.87,1748.09,1,4,0
CUST-14153,Male,0,Yes,No,6,Yes,Yes,DSL,Yes,Yes,No,Yes,No,No,One year,Yes,Bank transfer (automatic),75.47,428.22,0,4,0
CUST-14154,Male,0,No,No,35,Yes,No,Fiber optic,No,No,No,No,No,Yes,One year,Yes,Mailed check,85.53,3008.08,1,4,0
CUST-14155,Female,0,No,No,2,Yes,Yes,No,No internet service,No internet service,No internet service,No internet service,No internet service,No internet service,One year,No,Bank transfer (automatic),22.07,59.24,1,2,0
CUST-14156,Female,0,No,No,16,Yes,No,No,No internet service,No internet service,No internet service,No internet service,No internet service,No internet service,Month-to-month,Yes,Credit card (automatic),20.05,326.37,1,5,0
CUST-14157,Female,0,No,Yes,1,Yes,No,No,No internet service,No internet service,No internet service,No internet service,No internet service,No internet service,Month-to-month,No,Electronic check,18.96,26.1,2,3,1
CUST-14158,Female,0,Yes,Yes,72,Yes,Yes,DSL,No,Yes,No,No,Yes,No,One year,Yes,Electronic check,58.6,4194.56,2,5,0
CUST-14159,Male,0,Yes,Yes,34,Yes,Yes,Fiber optic,No,No,No,No,Yes,Yes,Two year,Yes,Electronic check,94.19,3204.28,0,3,0
CUST-14160,Male,0,No,No,4,No,No phone service,DSL,Yes,Yes,Yes,No,Yes,Yes,One year,No,Electronic check,80.72,295.46,3,2,1
CUST-14161,Female,0,No,Yes,10,Yes,Yes,No,No internet service,No internet service,No internet service,No internet service,No internet service,No internet service,Month-to-month,Yes,Credit card (automatic),21.73,221.33,3,1,0
CUST-14162,Male,0,No,No,4,Yes,Yes,Fiber optic,No,Yes,Yes,No,Yes,No,One year,Yes,Electronic check,95.85,408.24,1,4,0
CUST-14163,Female,0,No,No,36,Yes,Yes,DSL,No,No,Yes,No,No,No,One year,Yes,Credit card (automatic),49.95,1805.83,2,1,0
CUST-14164,Female,1,No,Yes,1,Yes,No,Fiber optic,No,No,Yes,No,Yes,Yes,Two year,Yes,Electronic check,96.34,82.2,0,4,0
CUST-14165,Male,0,Yes,Yes,45,Yes,Yes,Fiber optic,No,Yes,No,No,Yes,Yes,Month-to-month,Yes,Mailed check,99.69,4487.09,2,2,1
CUST-14166,Female,0,No,No,71,Yes,No,Fiber optic,Yes,Yes,No,No,No,No,Month-to-month,Yes,Electronic check,93.25,6615.9,2,4,0
CUST-14167,Female,0,No,No,28,Yes,Yes,No,No internet service,No internet service,No internet service,No internet service,No internet service,No internet service,Two year,Yes,Electronic check,20.75,573.26,0,3,0
CUST-14168,Male,0,No,No,5,Yes,No,DSL,Yes,No,No,Yes,No,No,Month-to-month,No,Electronic check,59.7,291.85,1,4,1
CUST-14169,Female,0,Yes,No,11,Yes,Yes,Fiber optic,No,Yes,No,No,Yes,No,One year,Yes,Mailed check,91.78,985.48,2,1,0
CUST-14170,Female,0,Yes,No,16,Yes,Yes,DSL,No,No,No,Yes,Yes,No,One year,Yes,Mailed check,59.57,958.57,3,2,0
CUST-14171,Male,0,Yes,No,23,Yes,Yes,Fiber optic,Yes,No,Yes,No,No,Yes,One year,Yes,Electronic check,96.46,2215.66,2,4,0
CUST-14172,Female,0,Yes,No,27,No,No phone service,DSL,Yes,No,No,No,No,Yes,One year,No,Credit card (automatic),57.41,1575.33,3,3,0
CUST-14173,Male,0,No,No,20,Yes,Yes,No,No internet service,No internet service,No internet service,No internet service,No internet service,No internet service,Month-to-month,Yes,Bank transfer (automatic),23.37,476.54,2,3,0
CUST-14174,Female,0,Yes,No,10,No,No phone service,DSL,No,Yes,No,No,No,Yes,One year,No,Credit card (automatic),58.52,617.52,2,3,0
CUST-14175,Male,1,Yes,No,55,Yes,No,DSL,No,Yes,No,No,No,No,One year,Yes,Electronic check,49.73,2764.48,0,5,0
CUST-14176,Male,0,Yes,No,2,Yes,No,DSL,No,No,Yes,Yes,No,No,Two year,No,Electronic check,59.46,91.65,3,2,1
CUST-14177,Male,0,No,No,15,Yes,No,DSL,No,No,No,No,No,No,Month-to-month,Yes,Credit card (automatic),47.75,704.02,2,4,0
CUST-14178,Female,0,No,Yes,37,Yes,No,DSL,Yes,Yes,Yes,No,Yes,No,Month-to-month,No,Bank transfer (automatic),77.28,2832.97,3,1,0
CUST-14179,Male,0,Yes,No,1,Yes,No,No,No internet service,No internet service,No internet service,No internet service,No internet service,No internet service,Month-to-month,No,Credit card (automatic),19.54,18.25,2,4,0
CUST-14180,Male,0,Yes,No,30,Yes,No,DSL,No,No,No,Yes,Yes,Yes,One year,Yes,Electronic check,66.26,1973.67,2,5,0
CUST-14181,Male,0,Yes,No,42,Yes,Yes,No,No internet service,No internet service,No internet service,No internet service,No internet service,No internet service,Month-to-month,Yes,Electronic check,26.75,1158.38,3,4,0
CUST-14182,Male,1,No,Yes,27,Yes,Yes,No,No internet service,No internet service,No internet service,No internet service,No internet service,No internet service,Month-to-month,Yes,Credit card (automatic),18.25,523.11,2,2,0
CUST-14183,Male,0,Yes,No,1,Yes,Yes,DSL,No,No,Yes,No,Yes,No,Month-to-month,Yes,Bank transfer (automatic),60.15,65.77,1,1,1
CUST-14184,Female,0,No,Yes,4,Yes,No,No,No internet service,No internet service,No internet service,No internet service,No internet service,No internet service,Two year,No,Credit card (automatic),18.25,62.52,0,3,0
CUST-14185,Female,0,Yes,Yes,10,Yes,Yes,Fiber optic,No,No,No,No,Yes,Yes,Month-to-month,Yes,Electronic check,92.72,895.15,1,4,1
CUST-14186,Female,0,Yes,Yes,6,No,No phone service,Fiber optic,No,No,No,No,No,No,Month-to-month,No,Electronic check,77.79,453.31,1,4,1
CUST-14187,Female,0,No,No,72,Yes,No,DSL,No,No,Yes,Yes,Yes,Yes,Month-to-month,Yes,Mailed check,72.02,5186.03,1,3,0
CUST-14188,Female,0,Yes,No,26,Yes,Yes,DSL,No,No,No,Yes,No,No,Month-to-month,Yes,Credit card (automatic),53.26,1368.27,1,3,0
CUST-14189,Female,0,No,No,8,Yes,No,No,No internet service,No internet service,No internet service,No internet service,No internet service,No internet service,Month-to-month,Yes,Credit card (automatic),18.25,166.79,1,5,0
CUST-14190,Female,0,Yes,No,66,Yes,No,Fiber optic,No,No,No,No,Yes,Yes,One year,Yes,Electronic check,90.48,6007.68,1,1,0
CUST-14191,Male,0,No,No,33,Yes,Yes,Fiber optic,No,No,No,Yes,No,Yes,One year,Yes,Electronic check,81.85,2684.88,1,2,0
CUST-14192,Female,0,No,No,8,Yes,No,No,No internet service,No internet service,No internet service,No internet service,No internet service,No internet service,One year,No,Electronic check,21.11,165.89,0,3,0
CUST-14193,Male,0,No,Yes,11,Yes,No,Fiber optic,No,No,No,No,Yes,Yes,Month-to-month,No,Credit card (automatic),89.2,974.39,0,3,1
CUST-14194,Male,0,Yes,No,5,Yes,No,Fiber optic,No,No,No,Yes,No,Yes,Month-to-month,Yes,Credit card (automatic),85.88,421.84,3,1,1
CUST-14195,Female,0,Yes,No,72,Yes,Yes,Fiber optic,Yes,No,No,Yes,Yes,No,Two year,Yes,Electronic check,99.2,7126.66,1,4,0
CUST-14196,Male,0,Yes,No,18,Yes,No,DSL,Yes,Yes,No,Yes,No,No,Month-to-month,Yes,Mailed check,67.73,1205.64,1,2,1
CUST-14197,Male,0,No,No,56,Yes,Yes,DSL,Yes,No,Yes,Yes,No,No,One year,No,Mailed check,64.84,3606.53,1,2,0
CUST-14198,Male,0,No,No,10,Yes,No,No,No internet service,No internet service,No internet service,No internet service,No internet service,No internet service,Two year,No,Mailed check,22.26,232.43,2,3,0
CUST-14199,Male,0,Yes,Yes,49,Yes,No,Fiber optic,No,Yes,No,No,No,No,Month-to-month,No,Mailed check,82.33,4044.81,2,1,0
CUST-14200,Female,0,Yes,No,1,Yes,No,No,No internet service,No internet service,No internet service,No internet service,No internet service,No internet service,Month-to-month,Yes,Electronic check,21.28,47.86,2,2,0
CUST-14201,Female,0,No,Yes,72,Yes,Yes,Fiber optic,No,No,No,No,No,No,Month-to-month,Yes,Mailed check,74.1,5310.37,1,4,0
CUST-14202,Female,0,Yes,Yes,60,Yes,No,Fiber optic,No,No,No,Yes,Yes,Yes,Month-to-month,Yes,Bank transfer (automatic),97.08,5797.15,1,4,0
CUST-14203,Female,0,Yes,No,11,Yes,Yes,DSL,No,No,Yes,Yes,No,No,Two year,No,Electronic check,64.73,681.16,0,2,0
CUST-14204,Female,0,Yes,No,37,Yes,Yes,Fiber optic,Yes,No,No,No,No,Yes,Month-to-month,No,Credit card (automatic),88.33,3247.75,0,3,0
CUST-14205,Female,0,No,Yes,34,Yes,No,Fiber optic,No,No,No,Yes,No,No,Month-to-month,Yes,Electronic check,83.4,2866.69,2,3,1
CUST-14206,Female,1,No,No,57,Yes,No,Fiber optic,No,No,Yes,Yes,Yes,Yes,Two year,Yes,Mailed check,105.93,6018.02,0,3,0
CUST-14207,Female,0,No,No,9,Yes,No,Fiber optic,No,Yes,No,No,No,No,Month-to-month,Yes,Mailed check,79.07,714.19,1,2,1
CUST-14208,Female,0,Yes,No,15,Yes,No,No,No internet service,No internet service,No internet service,No internet service,No internet service,No internet service,Two year,No,Electronic check,20.96,347.75,2,3,0
CUST-14209,Female,1,No,No,50,Yes,Yes,Fiber optic,No,Yes,Yes,Yes,No,Yes,Month-to-month,Yes,Mailed check,100.24,5017.35,1,4,0
CUST-14210,Male,0,No,No,37,Yes,Yes,No,No internet service,No internet service,No internet service,No internet service,No internet service,No internet service,Two year,Yes,Credit card (automatic),26.12,958.44,2,4,0
CUST-14211,Female,0,Yes,No,12,No,No phone service,No,No internet service,No internet service,No internet service,No internet service,No internet service,No internet service,Month-to-month,No,Credit card (automatic),24.27,239.53,0,5,0
CUST-14212,Male,0,No,No,46,Yes,Yes,Fiber optic,No,Yes,Yes,Yes,No,No,Month-to-month,Yes,Electronic check,91.63,4210.04,1,2,1
CUST-14213,Male,0,Yes,No,1,Yes,Yes,DSL,Yes,Yes,No,Yes,No,Yes,Month-to-month,No,Mailed check,78.39,86.64,1,4,1
CUST-14214,Male,1,Yes,No,38,Yes,Yes,DSL,No,No,Yes,Yes,No,No,Month-to-month,Yes,Bank transfer (automatic),60.28,2286.53,1,5,0
CUST-14215,Male,0,Yes,No,5,Yes,Yes,No,No internet service,No internet service,No internet service,No internet service,No internet service,No internet service,Month-to-month,Yes,Electronic check,18.25,87.41,3,1,1
CUST-14216,Female,0,Yes,Yes,8,Yes,Yes,No,No internet service,No internet service,No internet service,No internet service,No internet service,No internet service,Month-to-month,Yes,Mailed check,18.25,121.35,0,3,0
CUST-14217,Male,0,No,Yes,16,Yes,No,DSL,No,No,No,Yes,Yes,Yes,One year,No,Mailed check,67.38,1115.33,1,5,0
CUST-14218,Female,0,Yes,Yes,14,Yes,No,Fiber optic,Yes,No,Yes,Yes,Yes,Yes,Two year,Yes,Mailed check,117.48,1636.59,0,1,0
CUST-14219,Female,0,Yes,No,18,Yes,No,DSL,Yes,Yes,No,No,No,No,Two year,Yes,Electronic check,67.1,1222.56,4,3,0
CUST-14220,Male,0,Yes,No,19,No,No phone service,No,No internet service,No internet service,No internet service,No internet service,No internet service,No internet service,One year,Yes,Mailed check,20.87,395.92,2,1,0
CUST-14221,Female,0,No,No,10,No,No phone service,DSL,No,Yes,No,No,Yes,No,Month-to-month,Yes,Electronic check,57.0,562.12,1,3,1
CUST-14222,Male,0,No,No,4,Yes,Yes,No,No internet service,No internet service,No internet service,No internet service,No internet service,No internet service,Month-to-month,Yes,Electronic check,25.54,95.45,0,4,0
CUST-14223,Male,0,No,No,36,Yes,Yes,DSL,Yes,Yes,Yes,No,No,Yes,Month-to-month,No,Electronic check,72.21,2621.7,0,2,1
CUST-14224,Female,0,No,No,12,Yes,Yes,Fiber optic,No,Yes,No,Yes,No,No,Month-to-month,No,Mailed check,88.99,1056.53,0,2,1
CUST-14225,Female,0,Yes,No,17,Yes,Yes,No,No internet service,No internet service,No internet service,No internet service,No internet service,No internet service,One year,No,Credit card (automatic),22.05,382.73,2,3,0
CUST-14226,Male,0,Yes,Yes,25,Yes,No,No,No internet service,No internet service,No internet service,No internet service,No internet service,No internet service,Two year,Yes,Bank transfer (automatic),23.96,604.78,1,3,0
CUST-14227,Female,0,No,Yes,60,Yes,No,Fiber optic,Yes,No,No,Yes,Yes,No,Two year,Yes,Credit card (automatic),94.08,5628.74,1,4,0
CUST-14228,Female,1,Yes,No,30,Yes,No,Fiber optic,No,No,No,No,Yes,No,Two year,Yes,Bank transfer (automatic),82.44,2454.86,2,1,0
CUST-14229,Female,0,Yes,No,1,No,No phone service,DSL,No,No,No,No,Yes,No,One year,No,Credit card (automatic),54.46,62.86,3,5,0
CUST-14230,Male,0,No,No,45,Yes,No,DSL,No,No,Yes,Yes,Yes,No,Two year,Yes,Credit card (automatic),60.27,2748.21,1,4,0
CUST-14231,Male,0,Yes,Yes,72,Yes,No,Fiber optic,No,No,No,Yes,Yes,Yes,Month-to-month,Yes,Bank transfer (automatic),91.94,6591.76,1,1,0
CUST-14232,Female,1,Yes,Yes,15,Yes,Yes,Fiber optic,No,No,No,No,No,No,Two year,No,Bank transfer (automatic),70.08,1040.34,1,2,0
CUST-14233,Female,0,Yes,No,72,Yes,No,DSL,No,Yes,No,No,No,Yes,Month-to-month,Yes,Mailed check,60.79,4377.13,3,5,0
CUST-14234,Female,0,Yes,No,19,Yes,No,Fiber optic,No,No,Yes,No,Yes,Yes,Month-to-month,Yes,Bank transfer (automatic),99.29,1888.53,2,4,1
CUST-14235,Female,0,No,No,15,Yes,No,Fiber optic,Yes,No,Yes,No,Yes,Yes,One year,Yes,Electronic check,108.62,1626.35,1,3,0
CUST-14236,Female,1,No,No,10,No,No phone service,DSL,No,Yes,No,Yes,Yes,No,Month-to-month,Yes,Bank transfer (automatic),68.49,733.63,0,3,1
CUST-14237,Male,0,No,No,26,Yes,No,No,No internet service,No internet service,No internet service,No internet service,No internet service,No internet service,Month-to-month,Yes,Mailed check,27.09,699.21,1,1,0
CUST-14238,Female,0,No,No,6,Yes,Yes,DSL,No,No,No,No,Yes,No,Month-to-month,Yes,Credit card (automatic),54.4,295.68,2,4,0
CUST-14239,Male,1,Yes,No,2,Yes,Yes,DSL,No,Yes,No,Yes,Yes,Yes,Two year,Yes,Credit card (automatic),79.03,186.87,1,1,0
CUST-14240,Female,0,Yes,No,1,Yes,Yes,DSL,No,No,Yes,No,Yes,Yes,Two year,No,Electronic check,70.37,47.77,1,3,0
CUST-14241,Male,0,Yes,No,8,Yes,Yes,DSL,No,No,No,Yes,Yes,Yes,Month-to-month,No,Bank transfer (automatic),68.32,544.58,1,1,1
CUST-14242,Female,0,Yes,No,12,Yes,Yes,Fiber optic,No,Yes,No,No,No,Yes,Two year,No,Credit card (automatic),94.83,1122.84,1,3,0
CUST-14243,Male,1,No,No,20,Yes,Yes,Fiber optic,Yes,No,No,No,No,Yes,Two year,Yes,Credit card (automatic),92.01,1824.14,1,3,0
CUST-14244,Female,0,No,Yes,8,Yes,No,Fiber optic,Yes,Yes,No,No,No,Yes,Month-to-month,Yes,Credit card (automatic),95.74,739.66,1,3,1
CUST-14245,Male,1,Yes,No,72,Yes,No,No,No internet service,No internet service,No internet service,No internet service,No internet service,No internet service,One year,Yes,Electronic check,20.59,1495.91,0,3,0
CUST-14246,Male,0,Yes,No,8,Yes,Yes,No,No internet service,No internet service,No internet service,No internet service,No internet service,No internet service,Two year,No,Electronic check,19.03,171.81,3,1,0
CUST-14247,Male,0,Yes,Yes,14,No,No phone service,DSL,Yes,No,No,No,Yes,Yes,Two year,Yes,Electronic check,65.18,923.05,0,2,0
CUST-14248,Male,1,Yes,No,2,Yes,Yes,No,No internet service,No internet service,No internet service,No internet service,No internet service,No internet service,Month-to-month,Yes,Credit card (automatic),18.25,66.22,1,1,0
CUST-14249,Male,0,Yes,Yes,7,Yes,No,No,No internet service,No internet service,No internet service,No internet service,No internet service,No internet service,Month-to-month,Yes,Bank transfer (automatic),21.88,137.48,2,4,0
CUST-14250,Male,0,No,No,1,Yes,Yes,No,No internet service,No internet service,No internet service,No internet service,No internet service,No internet service,Two year,Yes,Mailed check,18.25,18.25,1,1,0
CUST-14251,Female,0,No,No,20,Yes,No,Fiber optic,No,No,No,No,Yes,Yes,Month-to-month,Yes,Credit card (automatic),90.82,1802.34,1,4,0
CUST-14252,Male,0,No,Yes,34,Yes,No,DSL,Yes,Yes,Yes,Yes,Yes,Yes,Month-to-month,No,Electronic check,88.46,3016.99,1,5,1
CUST-14253,Female,0,Yes,No,5,Yes,No,DSL,Yes,No,No,No,Yes,Yes,Month-to-month,No,Bank transfer (automatic),64.49,326.4,2,4,0
CUST-14254,Female,0,Yes,No,11,Yes,Yes,DSL,No,Yes,Yes,No,Yes,No,One year,Yes,Bank transfer (automatic),67.23,708.58,3,2,0
CUST-14255,Female,0,No,No,1,Yes,No,Fiber optic,No,No,No,Yes,No,Yes,Month-to-month,Yes,Mailed check,90.43,116.69,2,2,1
CUST-14256,Female,0,No,No,45,Yes,Yes,DSL,No,Yes,Yes,No,Yes,Yes,One year,Yes,Mailed check,81.12,3631.94,3,5,0
CUST-14257,Female,0,No,No,37,Yes,Yes,Fiber optic,No,No,No,No,No,No,One year,Yes,Electronic check,71.91,2628.96,1,3,0
CUST-14258,Male,1,No,No,1,Yes,No,No,No internet service,No internet service,No internet service,No internet service,No internet service,No internet service,Month-to-month,Yes,Bank transfer (automatic),20.92,18.25,0,3,0
CUST-14259,Male,0,No,No,11,Yes,No,No,No internet service,No internet service,No internet service,No internet service,No internet service,No internet service,Month-to-month,No,Mailed check,21.39,258.57,0,1,0
CUST-14260,Male,0,No,Yes,72,Yes,Yes,Fiber optic,No,No,Yes,Yes,No,Yes,Two year,No,Electronic check,97.21,7031.18,2,2,0
CUST-14261,Female,0,Yes,No,12,Yes,No,Fiber optic,No,Yes,No,No,Yes,No,One year,Yes,Credit card (automatic),94.32,1128.13,1,4,0
CUST-14262,Male,0,No,Yes,18,Yes,Yes,DSL,No,No,No,No,No,Yes,Two year,Yes,Mailed check,53.26,974.49,2,2,0
CUST-14263,Male,0,Yes,No,10,Yes,Yes,DSL,Yes,Yes,No,Yes,No,Yes,Month-to-month,No,Bank transfer (automatic),77.64,757.25,3,2,1
CUST-14264,Male,0,Yes,No,22,Yes,No,DSL,Yes,No,No,No,Yes,Yes,Month-to-month,No,Electronic check,65.61,1454.19,1,2,1
CUST-14265,Male,1,No,Yes,72,Yes,Yes,DSL,No,Yes,No,Yes,No,No,One year,No,Electronic check,56.27,4059.18,4,5,0
CUST-14266,Male,1,Yes,No,72,Yes,Yes,No,No internet service,No internet service,No internet service,No internet service,No internet service,No internet service,One year,Yes,Credit card (automatic),19.43,1373.5,3,3,0
CUST-14267,Female,0,Yes,Yes,37,Yes,Yes,Fiber optic,No,Yes,No,Yes,Yes,Yes,Month-to-month,Yes,Bank transfer (automatic),104.39,3861.5,2,4,0
CUST-14268,Male,1,Yes,No,12,Yes,Yes,DSL,No,No,No,No,Yes,Yes,Month-to-month,Yes,Mailed check,58.94,707.48,1,4,0
CUST-14269,Female,0,Yes,No,17,Yes,Yes,No,No internet service,No internet service,No internet service,No internet service,No internet service,No internet service,Month-to-month,No,Mailed check,20.85,337.12,0,5,0
CUST-14270,Female,0,Yes,No,11,Yes,No,No,No internet service,No internet service,No internet service,No internet service,No internet service,No internet service,Month-to-month,Yes,Electronic check,18.62,219.46,0,4,0
CUST-14271,Female,1,Yes,No,72,Yes,No,Fiber optic,No,No,No,No,No,Yes,Two year,No,Credit card (automatic),81.19,5821.96,0,1,0
CUST-14272,Female,0,Yes,No,30,No,No phone service,Fiber optic,No,No,No,No,Yes,Yes,Month-to-month,Yes,Electronic check,94.35,2846.49,0,2,1
CUST-14273,Female,0,Yes,No,14,Yes,No,Fiber optic,No,Yes,No,No,No,Yes,Month-to-month,Yes,Electronic check,87.1,1253.75,1,4,1
CUST-14274,Male,0,No,No,1,Yes,No,No,No internet service,No internet service,No internet service,No internet service,No internet service,No internet service,Two year,Yes,Credit card (automatic),24.01,34.22,3,2,0
CUST-14275,Male,0,Yes,No,18,Yes,No,DSL,Yes,Yes,Yes,No,Yes,Yes,One year,Yes,Electronic check,85.06,1548.39,2,4,0
CUST-14276,Male,0,Yes,No,72,Yes,No,Fiber optic,No,Yes,Yes,No,No,No,One year,Yes,Credit card (automatic),93.42,6743.2,0,4,0
CUST-14277,Female,0,No,No,18,Yes,No,Fiber optic,No,No,Yes,No,No,No,One year,No,Bank transfer (automatic),85.92,1564.06,3,3,0
CUST-14278,Male,1,No,No,5,Yes,Yes,Fiber optic,No,No,Yes,Yes,Yes,Yes,Month-to-month,Yes,Mailed check,104.66,515.79,0,3,1
CUST-14279,Male,0,No,No,1,Yes,Yes,DSL,No,Yes,Yes,No,Yes,Yes,Two year,No,Electronic check,72.96,81.8,4,1,1
CUST-14280,Female,0,Yes,No,10,Yes,No,DSL,No,No,Yes,No,Yes,No,Month-to-month,No,Bank transfer (automatic),59.07,598.65,2,5,0
CUST-14281,Female,0,No,No,62,Yes,Yes,DSL,Yes,No,No,No,No,No,Month-to-month,No,Bank transfer (automatic),52.48,3225.06,2,3,0
CUST-14282,Female,0,No,Yes,72,Yes,No,Fiber optic,Yes,No,Yes,No,No,Yes,Month-to-month,Yes,Electronic check,93.99,6757.67,0,4,0
CUST-14283,Female,0,No,No,72,Yes,No,Fiber optic,Yes,No,Yes,No,No,Yes,One year,Yes,Credit card (automatic),98.73,7092.3,1,2,0
CUST-14284,Male,0,No,No,32,Yes,Yes,No,No internet service,No internet service,No internet service,No internet service,No internet service,No internet service,Month-to-month,Yes,Bank transfer (automatic),18.76,589.29,0,3,0
CUST-14285,Female,1,No,No,20,Yes,No,Fiber optic,Yes,No,Yes,No,No,Yes,Month-to-month,Yes,Credit card (automatic),98.04,1981.59,0,4,0
CUST-14286,Female,1,No,No,22,Yes,Yes,No,No internet service,No internet service,No internet service,No internet service,No internet service,No internet service,Month-to-month,Yes,Mailed check,19.42,417.47,1,3,0
CUST-14287,Male,0,No,No,19,Yes,No,Fiber optic,Yes,No,Yes,No,Yes,No,Month-to-month,No,Electronic check,100.28,1895.06,0,3,1
CUST-14288,Male,1,Yes,No,30,Yes,No,Fiber optic,Yes,No,Yes,No,Yes,No,Month-to-month,No,Credit card (automatic),99.11,2974.22,0,3,0
CUST-14289,Female,0,No,No,13,Yes,No,DSL,No,Yes,Yes,Yes,No,Yes,Month-to-month,No,Bank transfer (automatic),73.16,945.39,1,5,0
CUST-14290,Male,0,No,No,27,Yes,Yes,No,No internet service,No internet service,No internet service,No internet service,No internet service,No internet service,Month-to-month,No,Bank transfer (automatic),20.26,529.22,1,4,0
CUST-14291,Female,0,Yes,Yes,3,Yes,Yes,Fiber optic,No,Yes,No,No,No,No,Month-to-month,Yes,Bank transfer (automatic),75.98,230.67,0,3,1
CUST-14292,Female,0,No,No,7,Yes,No,DSL,No,Yes,No,No,Yes,No,Month-to-month,No,Mailed check,58.66,410.35,1,4,0
CUST-14293,Male,0,Yes,No,45,Yes,No,DSL,Yes,No,No,Yes,No,Yes,One year,Yes,Electronic check,68.31,3060.92,2,3,0
CUST-14294,Male,0,Yes,No,58,Yes,Yes,Fiber optic,No,No,No,No,Yes,Yes,Month-to-month,No,Bank transfer (automatic),87.12,5057.1,0,3,0
CUST-14295,Female,0,No,Yes,19,Yes,Yes,Fiber optic,No,No,Yes,No,Yes,Yes,Month-to-month,Yes,Bank transfer (automatic),99.79,1887.56,0,3,1
CUST-14296,Female,1,Yes,Yes,1,Yes,Yes,No,No internet service,No internet service,No internet service,No internet service,No internet service,No internet service,Two year,No,Credit card (automatic),18.25,34.71,3,2,0
CUST-14297,Female,0,Yes,Yes,65,Yes,No,Fiber optic,No,No,No,No,No,Yes,Two year,Yes,Electronic check,83.42,5385.49,3,1,0
CUST-14298,Male,0,Yes,Yes,30,No,No phone service,DSL,Yes,No,Yes,No,Yes,Yes,One year,No,Electronic check,74.54,2225.24,0,3,0
CUST-14299,Female,0,Yes,No,13,Yes,No,No,No internet service,No internet service,No internet service,No internet service,No internet service,No internet service,Month-to-month,Yes,Bank transfer (automatic),23.27,304.98,1,4,0
CUST-14300,Female,0,Yes,No,22,Yes,Yes,Fiber optic,No,No,Yes,Yes,No,No,One year,Yes,Bank transfer (automatic),88.33,1936.42,1,3,0
CUST-14301,Female,0,Yes,No,14,Yes,Yes,Fiber optic,No,Yes,No,Yes,Yes,Yes,Month-to-month,Yes,Electronic check,104.46,1433.79,6,4,1
CUST-14302,Female,0,Yes,No,15,No,No phone service,Fiber optic,Yes,No,No,No,No,Yes,Month-to-month,No,Electronic check,93.99,1448.73,0,2,1
CUST-14303,Female,0,No,No,54,Yes,No,Fiber optic,Yes,Yes,No,No,Yes,No,Month-to-month,Yes,Mailed check,101.53,5482.89,1,2,0
CUST-14304,Male,0,No,No,4,Yes,No,Fiber optic,Yes,Yes,No,No,Yes,Yes,Two year,Yes,Electronic check,99.29,372.49,3,3,0
CUST-14305,Female,0,Yes,No,2,No,No phone service,DSL,No,Yes,No,No,No,No,One year,Yes,Bank transfer (automatic),48.07,111.7,2,4,0
CUST-14306,Female,0,No,No,1,Yes,No,DSL,No,Yes,No,No,No,No,Month-to-month,No,Bank transfer (automatic),56.71,49.19,0,4,0
CUST-14307,Female,0,Yes,No,9,Yes,No,DSL,No,No,No,No,Yes,Yes,Two year,Yes,Credit card (automatic),63.5,592.78,3,3,0
CUST-14308,Female,0,Yes,No,3,Yes,Yes,No,No internet service,No internet service,No internet service,No internet service,No internet service,No internet service,Month-to-month,Yes,Mailed check,22.43,59.28,2,4,0
CUST-14309,Male,0,Yes,Yes,6,Yes,Yes,Fiber optic,No,Yes,No,No,No,No,Month-to-month,No,Bank transfer (automatic),82.18,509.63,0,4,1
CUST-14310,Male,0,No,No,1,Yes,No,Fiber optic,No,No,No,No,No,No,One year,No,Credit card (automatic),74.93,75.4,2,4,0
CUST-14311,Male,0,No,No,6,Yes,No,Fiber optic,Yes,No,Yes,Yes,No,Yes,One year,Yes,Credit card (automatic),100.6,603.98,0,5,0
CUST-14312,Female,0,Yes,No,10,Yes,No,Fiber optic,No,No,No,No,Yes,Yes,Month-to-month,Yes,Electronic check,88.7,873.86,0,3,1
CUST-14313,Female,0,Yes,No,1,Yes,No,Fiber optic,Yes,No,No,Yes,No,Yes,Month-to-month,Yes,Electronic check,100.18,91.55,5,3,1
CUST-14314,Male,0,Yes,No,23,Yes,No,DSL,Yes,Yes,Yes,No,Yes,No,Month-to-month,No,Credit card (automatic),74.66,1723.86,1,4,0
CUST-14315,Male,0,No,Yes,21,Yes,Yes,No,No internet service,No internet service,No internet service,No internet service,No internet service,No internet service,One year,Yes,Mailed check,22.77,472.65,2,5,0
CUST-14316,Male,0,No,No,2,Yes,Yes,No,No internet service,No internet service,No internet service,No internet service,No internet service,No internet service,Month-to-month,Yes,Bank transfer (automatic),23.16,27.13,1,4,0
CUST-14317,Female,1,Yes,Yes,22,Yes,No,Fiber optic,No,No,No,No,No,Yes,One year,Yes,Credit card (automatic),85.38,1863.09,2,1,0
CUST-14318,Female,1,No,No,72,Yes,No,No,No internet service,No internet service,No internet service,No internet service,No internet service,No internet service,Month-to-month,No,Mailed check,21.35,1547.57,3,3,0
CUST-14319,Male,0,Yes,No,72,Yes,No,No,No internet service,No internet service,No internet service,No internet service,No internet service,No internet service,Month-to-month,No,Mailed check,19.19,1395.62,2,4,0
CUST-14320,Male,0,No,Yes,1,Yes,No,Fiber optic,No,Yes,No,No,No,Yes,Month-to-month,No,Electronic check,90.71,110.12,4,1,1
CUST-14321,Male,0,No,No,39,Yes,Yes,Fiber optic,Yes,No,No,No,No,No,Two year,No,Credit card (automatic),79.53,3094.93,1,3,0
CUST-14322,Female,1,Yes,Yes,10,No,No phone service,No,No internet service,No internet service,No internet service,No internet service,No internet service,No internet service,One year,No,Bank transfer (automatic),18.25,217.73,4,5,0
CUST-14323,Female,1,No,Yes,1,Yes,Yes,DSL,No,Yes,No,No,No,Yes,One year,Yes,Electronic check,60.6,80.34,1,2,0
CUST-14324,Female,0,No,No,8,Yes,Yes,No,No internet service,No internet service,No internet service,No internet service,No internet service,No internet service,One year,No,Mailed check,18.25,145.17,2,4,0
CUST-14325,Male,0,Yes,Yes,9,Yes,No,DSL,Yes,No,No,No,Yes,No,Two year,Yes,Electronic check,57.94,522.3,2,2,0
CUST-14326,Male,0,Yes,No,18,Yes,No,Fiber optic,Yes,No,No,No,No,No,Month-to-month,Yes,Electronic check,82.01,1489.22,0,3,1
CUST-14327,Female,0,No,Yes,27,Yes,Yes,Fiber optic,Yes,No,Yes,No,No,No,One year,No,Electronic check,92.64,2485.74,2,5,0
CUST-14328,Male,0,Yes,Yes,34,No,No phone service,No,No internet service,No internet service,No internet service,No internet service,No internet service,No internet service,Two year,Yes,Mailed check,23.51,770.63,3,3,0
CUST-14329,Female,0,Yes,No,7,Yes,No,Fiber optic,No,No,Yes,No,Yes,Yes,One year,Yes,Bank transfer (automatic),94.7,666.06,3,5,0
CUST-14330,Male,1,Yes,No,9,Yes,No,Fiber optic,No,Yes,No,No,No,No,Two year,No,Credit card (automatic),88.39,797.65,2,3,0
CUST-14331,Male,0,No,Yes,9,No,No phone service,DSL,No,Yes,No,Yes,Yes,Yes,One year,Yes,Electronic check,76.22,669.93,0,3,0
CUST-14332,Male,0,No,No,11,Yes,No,Fiber optic,Yes,No,Yes,No,No,No,Two year,No,Credit card (automatic),91.66,994.9,1,4,0
CUST-14333,Male,1,No,No,72,Yes,No,Fiber optic,No,No,Yes,No,Yes,No,Month-to-month,Yes,Mailed check,87.05,6286.3,0,3,0
CUST-14334,Female,1,No,No,37,Yes,Yes,DSL,No,No,Yes,No,Yes,No,Month-to-month,Yes,Electronic check,59.85,2216.66,0,2,0
CUST-14335,Male,0,Yes,Yes,72,Yes,No,Fiber optic,No,No,No,Yes,No,No,Month-to-month,Yes,Mailed check,82.2,5886.09,3,2,0
CUST-14336,Female,0,No,No,29,Yes,No,Fiber optic,No,No,Yes,No,Yes,No,Two year,Yes,Credit card (automatic),84.73,2405.87,2,1,0
CUST-14337,Female,0,No,No,13,Yes,Yes,Fiber optic,No,No,No,No,No,No,Month-to-month,Yes,Mailed check,74.88,928.43,1,4,0
CUST-14338,Female,0,Yes,Yes,12,Yes,No,DSL,No,No,No,No,Yes,No,One year,Yes,Credit card (automatic),54.9,689.89,0,3,0
CUST-14339,Male,1,Yes,No,16,Yes,Yes,Fiber optic,Yes,No,Yes,No,No,No,Month-to-month,Yes,Electronic check,88.41,1401.59,0,4,1
CUST-14340,Female,1,Yes,No,13,Yes,Yes,Fiber optic,No,No,Yes,No,Yes,Yes,Two year,Yes,Credit card (automatic),95.24,1233.0,2,3,0
CUST-14341,Female,0,No,No,44,Yes,Yes,DSL,Yes,No,Yes,No,Yes,Yes,Month-to-month,Yes,Mailed check,78.19,3488.53,0,3,0
CUST-14342,Female,0,No,No,15,No,No phone service,Fiber optic,No,Yes,Yes,No,No,Yes,One year,Yes,Credit card (automatic),98.09,1452.07,3,3,0
CUST-14343,Male,0,No,No,8,Yes,No,Fiber optic,Yes,No,No,No,Yes,Yes,One year,No,Credit card (automatic),97.3,796.25,3,1,1
CUST-14344,Male,1,No,No,37,Yes,No,DSL,No,No,Yes,No,No,Yes,Month-to-month,Yes,Bank transfer (automatic),60.5,2233.41,2,4,0
CUST-14345,Female,0,Yes,No,48,Yes,Yes,Fiber optic,No,No,Yes,No,No,No,One year,No,Bank transfer (automatic),84.22,4059.79,2,3,0
CUST-14346,Male,0,No,No,13,Yes,No,Fiber optic,No,Yes,No,No,Yes,Yes,Month-to-month,Yes,Electronic check,100.11,1311.12,0,1,1
CUST-14347,Female,0,No,No,27,No,No phone service,DSL,No,Yes,No,No,No,No,Two year,No,Bank transfer (automatic),55.5,1458.97,2,3,0
CUST-14348,Female,0,Yes,No,1,Yes,Yes,DSL,Yes,Yes,No,Yes,Yes,No,Month-to-month,Yes,Mailed check,76.29,57.72,1,2,1
CUST-14349,Male,0,No,No,18,Yes,Yes,DSL,No,No,Yes,Yes,No,No,Two year,No,Electronic check,63.89,1131.58,1,1,0
CUST-14350,Female,0,Yes,No,1,Yes,Yes,DSL,No,No,Yes,No,Yes,Yes,Month-to-month,Yes,Mailed check,62.04,66.5,0,5,0
CUST-14351,Male,1,No,Yes,1,Yes,No,DSL,No,Yes,Yes,No,No,Yes,Month-to-month,No,Credit card (automatic),70.78,58.39,2,1,1
CUST-14352,Male,1,No,No,23,Yes,No,No,No internet service,No internet service,No internet service,No internet service,No internet service,No internet service,Month-to-month,No,Electronic check,19.39,451.15,1,4,0
CUST-14353,Female,0,No,No,9,Yes,No,Fiber optic,Yes,No,No,No,Yes,No,Two year,Yes,Mailed check,86.54,790.4,1,4,0
CUST-14354,Male,0,No,No,33,Yes,No,Fiber optic,No,Yes,No,No,Yes,Yes,One year,Yes,Electronic check,100.67,3356.41,1,3,0
CUST-14355,Male,0,Yes,No,56,Yes,Yes,DSL,No,Yes,Yes,No,No,Yes,Month-to-month,Yes,Credit card (automatic),67.65,3799.37,1,1,0
CUST-14356,Female,0,No,No,3,Yes,No,Fiber optic,Yes,No,No,Yes,Yes,Yes,Two year,Yes,Credit card (automatic),107.81,322.01,1,2,0
CUST-14357,Female,0,Yes,Yes,32,Yes,Yes,DSL,No,No,Yes,Yes,No,No,Month-to-month,Yes,Bank transfer (automatic),59.28,1901.01,1,2,0
CUST-14358,Male,1,No,No,18,Yes,No,Fiber optic,Yes,No,Yes,No,Yes,Yes,Month-to-month,Yes,Mailed check,106.1,1875.77,1,5,1
CUST-14359,Male,0,No,Yes,2,Yes,Yes,Fiber optic,No,No,Yes,Yes,No,Yes,Month-to-month,Yes,Credit card (automatic),97.05,183.07,1,1,1
CUST-14360,Female,0,No,No,26,Yes,Yes,No,No internet service,No internet service,No internet service,No internet service,No internet service,No internet service,Month-to-month,Yes,Electronic check,20.09,502.57,0,1,0
CUST-14361,Male,1,Yes,No,23,Yes,No,Fiber optic,Yes,Yes,No,Yes,No,Yes,Month-to-month,No,Bank transfer (automatic),103.31,2397.88,4,2,1
CUST-14362,Male,1,No,Yes,18,Yes,Yes,DSL,No,No,No,No,No,No,Month-to-month,Yes,Electronic check,41.47,761.39,3,4,0
CUST-14363,Male,0,No,No,65,Yes,Yes,Fiber optic,Yes,No,No,Yes,No,No,Month-to-month,Yes,Credit card (automatic),86.93,5613.54,2,4,0
CUST-14364,Male,0,No,No,18,Yes,No,Fiber optic,No,Yes,Yes,No,No,Yes,Two year,Yes,Electronic check,98.2,1780.61,3,4,0
CUST-14365,Male,0,Yes,No,72,Yes,Yes,Fiber optic,No,No,Yes,Yes,No,No,Month-to-month,Yes,Mailed check,88.37,6380.36,2,3,0
CUST-14366,Male,0,Yes,No,17,Yes,Yes,Fiber optic,No,Yes,No,No,No,No,Month-to-month,Yes,Mailed check,84.15,1415.48,2,4,0
CUST-14367,Male,0,Yes,Yes,3,Yes,Yes,No,No internet service,No internet service,No internet service,No internet service,No internet service,No internet service,Month-to-month,Yes,Credit card (automatic),19.61,75.22,2,4,0
CUST-14368,Female,0,No,Yes,15,Yes,No,No,No internet service,No internet service,No internet service,No internet service,No internet service,No internet service,Month-to-month,Yes,Credit card (automatic),18.59,282.3,2,5,0
CUST-14369,Female,1,No,No,5,Yes,Yes,DSL,Yes,Yes,Yes,No,Yes,No,Month-to-month,Yes,Electronic check,80.25,375.62,1,3,1
CUST-14370,Female,0,No,No,22,Yes,Yes,No,No internet service,No internet service,No internet service,No internet service,No internet service,No internet service,One year,No,Bank transfer (automatic),18.25,373.34,2,2,0
CUST-14371,Female,0,Yes,No,29,Yes,No,DSL,Yes,No,No,No,Yes,Yes,One year,No,Mailed check,68.03,2023.8,2,1,0
CUST-14372,Female,0,Yes,Yes,15,Yes,No,Fiber optic,No,Yes,No,No,No,Yes,Month-to-month,No,Electronic check,95.22,1423.68,1,3,1
CUST-14373,Male,0,No,No,2,Yes,No,Fiber optic,No,No,No,No,No,Yes,Month-to-month,Yes,Mailed check,85.3,177.78,0,5,0
CUST-14374,Male,1,No,No,15,Yes,Yes,DSL,Yes,Yes,Yes,No,Yes,Yes,One year,Yes,Credit card (automatic),83.45,1221.66,2,4,0
CUST-14375,Male,0,No,No,2,Yes,Yes,Fiber optic,Yes,No,No,No,No,No,One year,No,Mailed check,80.45,195.13,2,4,0
CUST-14376,Male,0,No,Yes,28,Yes,No,Fiber optic,No,Yes,No,No,No,No,Month-to-month,No,Electronic check,76.4,2155.72,3,3,1
CUST-14377,Female,0,Yes,No,39,Yes,No,No,No internet service,No internet service,No internet service,No internet service,No internet service,No internet service,Month-to-month,Yes,Credit card (automatic),18.25,714.85,3,2,0
CUST-14378,Male,0,No,Yes,72,Yes,No,Fiber optic,No,No,No,No,Yes,Yes,One year,No,Credit card (automatic),88.84,6430.46,3,2,0
CUST-14379,Male,0,No,Yes,4,Yes,Yes,Fiber optic,No,No,Yes,No,No,No,Month-to-month,No,Electronic check,87.67,320.78,2,2,1
CUST-14380,Female,0,No,No,19,Yes,Yes,Fiber optic,No,Yes,No,No,Yes,No,Two year,No,Electronic check,87.69,1652.45,1,4,0
CUST-14381,Male,0,Yes,No,20,Yes,No,DSL,Yes,Yes,Yes,Yes,No,No,Month-to-month,Yes,Bank transfer (automatic),71.96,1439.91,2,4,0
CUST-14382,Male,0,Yes,No,63,Yes,No,Fiber optic,No,No,Yes,No,Yes,No,One year,Yes,Electronic check,89.28,5612.64,1,1,0
CUST-14383,Female,0,Yes,No,24,Yes,Yes,DSL,No,Yes,No,No,Yes,Yes,Month-to-month,Yes,Mailed check,67.9,1645.56,1,1,0
CUST-14384,Male,1,No,No,3,Yes,Yes,Fiber optic,Yes,No,No,No,Yes,No,One year,No,Electronic check,90.84,282.8,0,3,1
CUST-14385,Male,1,Yes,No,14,Yes,No,DSL,Yes,No,No,No,No,Yes,Month-to-month,No,Electronic check,63.48,912.8,3,4,1
CUST-14386,Male,0,Yes,No,26,Yes,Yes,Fiber optic,Yes,Yes,No,No,Yes,Yes,Month-to-month,No,Electronic check,102.37,2665.09,1,5,1
CUST-14387,Male,0,Yes,No,30,Yes,No,No,No internet service,No internet service,No internet service,No internet service,No internet service,No internet service,One year,No,Bank transfer (automatic),23.81,694.28,1,3,0
CUST-14388,Male,0,No,Yes,49,Yes,No,DSL,No,Yes,Yes,Yes,Yes,Yes,Month-to-month,Yes,Electronic check,84.45,4131.91,3,2,0
CUST-14389,Female,0,Yes,Yes,4,Yes,Yes,DSL,No,No,No,No,No,Yes,Month-to-month,Yes,Credit card (automatic),50.72,214.48,1,4,0
CUST-14390,Female,0,No,No,72,Yes,Yes,DSL,Yes,Yes,No,Yes,No,No,One year,Yes,Credit card (automatic),64.75,4655.46,2,2,0
CUST-14391,Female,1,Yes,No,1,No,No phone service,DSL,No,Yes,No,No,Yes,Yes,Month-to-month,No,Electronic check,63.53,65.8,5,4,1
CUST-14392,Female,1,Yes,Yes,72,Yes,Yes,Fiber optic,Yes,No,No,Yes,No,No,One year,Yes,Mailed check,93.5,6722.99,3,4,0
CUST-14393,Female,0,No,No,48,Yes,No,DSL,No,Yes,No,Yes,Yes,No,Month-to-month,No,Electronic check,66.57,3205.6,1,2,0
CUST-14394,Female,0,Yes,No,26,Yes,No,DSL,Yes,No,Yes,No,No,Yes,One year,Yes,Mailed check,66.57,1741.48,2,2,0
CUST-14395,Male,1,Yes,No,33,Yes,No,DSL,No,Yes,Yes,No,No,No,One year,No,Electronic check,60.73,2051.95,0,1,0
CUST-14396,Female,0,Yes,Yes,1,Yes,No,Fiber optic,No,No,No,No,Yes,No,Month-to-month,Yes,Mailed check,79.17,46.57,6,3,1
CUST-14397,Female,0,No,No,1,Yes,No,Fiber optic,No,Yes,No,Yes,Yes,Yes,Month-to-month,No,Electronic check,109.56,115.93,1,5,1
CUST-14398,Male,0,No,No,2,Yes,No,Fiber optic,No,No,No,No,No,No,Month-to-month,No,Electronic check,75.99,193.58,1,3,1
CUST-14399,Male,0,Yes,No,2,Yes,No,Fiber optic,Yes,No,No,No,No,Yes,Month-to-month,Yes,Bank transfer (automatic),90.9,205.73,2,2,1
CUST-14400,Female,0,Yes,Yes,19,Yes,Yes,No,No internet service,No internet service,No internet service,No internet service,No internet service,No internet service,Month-to-month,Yes,Mailed check,19.72,412.7,2,4,0
CUST-14401,Male,0,No,Yes,6,Yes,No,Fiber optic,Yes,No,No,Yes,No,Yes,Two year,No,Electronic check,93.38,539.01,1,4,0
CUST-14402,Female,0,No,No,49,Yes,No,Fiber optic,No,No,No,No,No,No,Two year,Yes,Electronic check,78.18,3831.95,3,1,0
CUST-14403,Male,0,Yes,No,14,Yes,No,DSL,No,Yes,No,No,No,No,Month-to-month,Yes,Mailed check,59.31,802.58,1,2,1
CUST-14404,Female,0,No,No,29,Yes,No,No,No internet service,No internet service,No internet service,No internet service,No internet service,No internet service,Month-to-month,Yes,Bank transfer (automatic),18.25,512.12,1,3,0
CUST-14405,Male,0,No,No,26,Yes,Yes,DSL,No,Yes,Yes,No,Yes,No,Two year,No,Electronic check,64.72,1710.85,1,2,0
CUST-14406,Male,0,No,No,9,Yes,Yes,Fiber optic,No,No,Yes,Yes,No,No,One year,Yes,Mailed check,87.44,763.62,1,4,0
CUST-14407,Female,0,Yes,Yes,6,Yes,No,Fiber optic,No,No,No,No,Yes,Yes,Month-to-month,Yes,Credit card (automatic),87.81,520.68,2,2,1
CUST-14408,Female,1,Yes,No,10,Yes,Yes,Fiber optic,Yes,Yes,No,No,No,No,Month-to-month,Yes,Mailed check,94.38,925.16,3,4,1
CUST-14409,Female,0,Yes,Yes,39,Yes,Yes,Fiber optic,No,No,No,No,No,Yes,One year,No,Mailed check,79.45,3104.32,1,4,0
CUST-14410,Female,0,No,No,22,Yes,No,Fiber optic,Yes,Yes,No,No,No,No,Month-to-month,Yes,Mailed check,97.07,2105.98,0,1,1
CUST-14411,Female,1,No,No,7,Yes,No,Fiber optic,Yes,No,Yes,No,Yes,Yes,Month-to-month,Yes,Mailed check,110.62,774.42,0,2,1
CUST-14412,Male,0,Yes,No,42,Yes,No,No,No internet service,No internet service,No internet service,No internet service,No internet service,No internet service,Month-to-month,Yes,Credit card (automatic),22.42,959.83,2,3,0
CUST-14413,Female,0,No,Yes,1,Yes,No,Fiber optic,No,Yes,No,No,Yes,Yes,Month-to-month,Yes,Electronic check,99.29,92.23,2,2,1
CUST-14414,Female,0,No,Yes,30,Yes,No,DSL,No,Yes,No,No,Yes,Yes,Month-to-month,Yes,Credit card (automatic),70.15,2131.42,0,4,0
CUST-14415,Male,0,No,No,14,Yes,No,No,No internet service,No internet service,No internet service,No internet service,No internet service,No internet service,Month-to-month,No,Electronic check,18.39,267.58,4,1,0
CUST-14416,Male,0,No,No,32,Yes,Yes,DSL,Yes,No,No,Yes,No,Yes,Two year,No,Electronic check,64.08,2043.7,1,2,0
CUST-14417,Female,1,No,No,65,Yes,No,Fiber optic,Yes,Yes,No,Yes,Yes,No,One year,Yes,Bank transfer (automatic),105.4,6836.83,3,3,0
CUST-14418,Male,0,Yes,No,34,Yes,Yes,Fiber optic,No,No,No,No,Yes,Yes,Month-to-month,Yes,Electronic check,85.97,2943.3,0,1,1
CUST-14419,Male,0,No,No,14,Yes,No,No,No internet service,No internet service,No internet service,No internet service,No internet service,No internet service,Month-to-month,Yes,Mailed check,18.25,249.21,1,5,0
CUST-14420,Female,1,No,No,4,Yes,Yes,Fiber optic,No,No,Yes,No,No,Yes,One year,Yes,Bank transfer (automatic),92.36,367.0,3,3,0
CUST-14421,Male,0,Yes,Yes,41,Yes,Yes,DSL,No,Yes,No,No,Yes,No,Month-to-month,No,Mailed check,61.27,2554.15,1,4,0
CUST-14422,Male,0,Yes,No,15,Yes,No,No,No internet service,No internet service,No internet service,No internet service,No internet service,No internet service,Month-to-month,Yes,Electronic check,24.25,384.38,1,2,1
CUST-14423,Female,0,No,No,1,Yes,No,Fiber optic,No,Yes,No,No,Yes,No,One year,Yes,Electronic check,89.16,73.33,0,5,0
CUST-14424,Female,0,Yes,No,31,Yes,Yes,DSL,Yes,Yes,No,No,No,Yes,Month-to-month,Yes,Electronic check,72.84,2259.92,3,2,1
CUST-14425,Male,0,No,No,8,Yes,Yes,No,No internet service,No internet service,No internet service,No internet service,No internet service,No internet service,Month-to-month,Yes,Credit card (automatic),18.25,165.84,0,1,0
CUST-14426,Male,0,Yes,Yes,1,Yes,No,DSL,No,No,No,No,No,Yes,Two year,Yes,Credit card (automatic),55.26,42.21,2,3,0
CUST-14427,Female,0,Yes,Yes,58,Yes,No,Fiber optic,No,Yes,No,Yes,Yes,Yes,Month-to-month,Yes,Credit card (automatic),105.52,6148.69,1,1,0
CUST-14428,Male,0,Yes,Yes,16,Yes,Yes,No,No internet service,No internet service,No internet service,No internet service,No internet service,No internet service,One year,No,Credit card (automatic),23.34,382.36,0,5,0
CUST-14429,Male,0,Yes,No,8,Yes,No,DSL,No,No,No,Yes,Yes,Yes,Month-to-month,Yes,Mailed check,65.34,568.51,3,3,1
CUST-14430,Male,0,No,No,31,Yes,Yes,DSL,No,Yes,No,Yes,No,Yes,Two year,No,Credit card (automatic),70.19,2170.4,1,3,0
CUST-14431,Female,0,No,No,54,Yes,Yes,DSL,No,No,Yes,No,No,Yes,One year,Yes,Bank transfer (automatic),61.46,3330.44,1,3,0
CUST-14432,Male,0,Yes,Yes,1,Yes,No,Fiber optic,No,Yes,No,No,Yes,No,Two year,No,Mailed check,87.47,73.1,0,2,0
CUST-14433,Male,0,Yes,Yes,29,Yes,Yes,Fiber optic,Yes,Yes,No,No,Yes,No,One year,Yes,Mailed check,104.33,3023.79,2,2,0
CUST-14434,Female,1,Yes,Yes,36,Yes,Yes,Fiber optic,Yes,No,No,No,Yes,No,Month-to-month,Yes,Bank transfer (automatic),89.68,3216.69,3,5,0
CUST-14435,Male,0,Yes,No,5,Yes,No,Fiber optic,No,No,No,No,Yes,No,Two year,Yes,Bank transfer (automatic),85.1,446.14,2,2,0
CUST-14436,Male,0,No,Yes,16,Yes,No,Fiber optic,No,Yes,No,No,Yes,No,One year,Yes,Bank transfer (automatic),91.91,1437.82,1,1,0
CUST-14437,Female,0,Yes,Yes,2,Yes,Yes,Fiber optic,No,No,No,Yes,No,No,One year,Yes,Mailed check,78.89,101.25,2,3,0
CUST-14438,Female,0,Yes,No,34,Yes,Yes,Fiber optic,Yes,No,Yes,No,Yes,No,Month-to-month,Yes,Bank transfer (automatic),100.51,3423.09,0,2,1
CUST-14439,Female,0,No,No,47,Yes,No,No,No internet service,No internet service,No internet service,No internet service,No internet service,No internet service,Month-to-month,Yes,Electronic check,18.25,859.16,1,4,0
CUST-14440,Female,0,Yes,No,2,Yes,Yes,DSL,Yes,No,No,Yes,Yes,Yes,Month-to-month,No,Bank transfer (automatic),73.81,132.25,4,3,1
CUST-14441,Male,1,Yes,Yes,42,Yes,No,DSL,No,No,No,Yes,No,No,Month-to-month,Yes,Bank transfer (automatic),53.59,2252.89,2,5,0
CUST-14442,Male,0,Yes,No,36,Yes,No,DSL,No,No,No,No,No,Yes,Two year,Yes,Mailed check,52.73,1859.23,2,3,0
CUST-14443,Female,0,No,No,10,Yes,Yes,Fiber optic,No,No,Yes,No,Yes,Yes,Month-to-month,Yes,Electronic check,99.45,1025.94,1,4,1
CUST-14444,Female,0,No,Yes,29,Yes,No,DSL,Yes,Yes,No,No,Yes,Yes,Month-to-month,Yes,Mailed check,68.08,1958.61,1,4,0
CUST-14445,Male,0,No,Yes,1,Yes,No,DSL,No,Yes,No,No,No,Yes,Two year,No,Electronic check,55.8,76.64,3,4,0
CUST-14446,Female,0,Yes,No,67,Yes,Yes,No,No internet service,No internet service,No internet service,No internet service,No internet service,No internet service,Month-to-month,Yes,Electronic check,22.11,1458.36,0,3,0
CUST-14447,Male,0,Yes,No,19,Yes,No,Fiber optic,No,Yes,Yes,No,No,Yes,Month-to-month,Yes,Mailed check,97.07,1817.37,2,4,1
CUST-14448,Female,1,No,Yes,24,Yes,Yes,DSL,No,No,No,No,No,No,Month-to-month,Yes,Bank transfer (automatic),46.16,1089.05,1,2,0
CUST-14449,Male,0,No,No,27,Yes,No,DSL,No,No,Yes,No,No,Yes,One year,No,Electronic check,61.38,1658.1,3,3,0
CUST-14450,Female,0,No,No,20,Yes,No,DSL,No,No,No,Yes,No,Yes,Month-to-month,Yes,Electronic check,57.15,1161.08,1,1,1
CUST-14451,Female,0,Yes,Yes,48,Yes,No,Fiber optic,Yes,Yes,Yes,Yes,Yes,No,Two year,No,Bank transfer (automatic),108.71,5249.58,4,2,0
CUST-14452,Male,0,Yes,No,23,Yes,Yes,DSL,Yes,No,No,No,Yes,No,One year,No,Bank transfer (automatic),62.44,1457.6,3,2,0
CUST-14453,Female,0,No,No,59,Yes,No,DSL,Yes,Yes,No,No,No,No,One year,No,Electronic check,58.0,3393.79,3,4,0
CUST-14454,Male,0,No,No,21,Yes,Yes,DSL,No,Yes,Yes,No,No,No,Two year,No,Electronic check,60.81,1273.09,0,3,0
CUST-14455,Male,0,No,No,4,Yes,No,DSL,No,No,No,Yes,No,Yes,Month-to-month,No,Electronic check,59.82,229.35,4,4,1
CUST-14456,Male,0,No,Yes,61,Yes,No,Fiber optic,No,No,No,Yes,No,Yes,One year,Yes,Credit card (automatic),86.78,5291.93,2,3,0
CUST-14457,Male,0,No,Yes,28,Yes,No,Fiber optic,Yes,No,No,No,Yes,No,Month-to-month,Yes,Bank transfer (automatic),88.68,2490.66,4,2,1
CUST-14458,Male,0,No,No,30,Yes,No,Fiber optic,No,No,No,No,Yes,Yes,Month-to-month,No,Credit card (automatic),93.24,2781.76,0,5,0
CUST-14459,Female,1,No,No,72,Yes,Yes,Fiber optic,No,Yes,No,Yes,Yes,No,Two year,Yes,Bank transfer (automatic),98.25,7113.44,1,3,0
CUST-14460,Female,0,No,No,1,No,No phone service,Fiber optic,No,Yes,No,No,No,Yes,One year,No,Credit card (automatic),89.2,80.67,3,3,0
CUST-14461,Male,0,No,No,13,Yes,Yes,Fiber optic,No,No,No,No,Yes,No,Two year,Yes,Mailed check,83.91,1105.8,1,3,0
CUST-14462,Female,1,Yes,No,6,Yes,Yes,Fiber optic,No,No,Yes,Yes,No,Yes,Two year,Yes,Bank transfer (automatic),101.85,581.9,2,2,0
CUST-14463,Male,0,Yes,No,24,Yes,No,DSL,Yes,Yes,Yes,No,No,Yes,Month-to-month,No,Bank transfer (automatic),75.16,1843.41,2,4,0
CUST-14464,Female,0,No,No,41,Yes,Yes,No,No internet service,No internet service,No internet service,No internet service,No internet service,No internet service,Two year,Yes,Electronic check,26.58,1103.21,3,4,0
CUST-14465,Female,0,Yes,No,72,Yes,No,Fiber optic,No,Yes,Yes,No,No,No,One year,No,Electronic check,91.21,6561.17,1,3,0
CUST-14466,Female,1,No,No,15,No,No phone service,Fiber optic,Yes,Yes,No,No,No,No,Two year,No,Electronic check,89.35,1347.34,0,5,0
CUST-14467,Female,0,Yes,Yes,38,Yes,No,No,No internet service,No internet service,No internet service,No internet service,No internet service,No internet service,Month-to-month,No,Mailed check,21.35,819.93,1,2,0
CUST-14468,Male,0,Yes,No,62,Yes,Yes,DSL,Yes,No,No,No,Yes,Yes,Month-to-month,Yes,Mailed check,74.53,4624.72,1,1,0
CUST-14469,Male,0,No,No,28,Yes,No,Fiber optic,No,Yes,No,No,Yes,Yes,Month-to-month,No,Mailed check,101.86,2846.6,0,2,1
CUST-14470,Female,0,Yes,Yes,6,Yes,No,DSL,No,Yes,Yes,Yes,Yes,No,Month-to-month,Yes,Credit card (automatic),70.99,400.76,1,3,1
CUST-14471,Female,0,Yes,No,23,Yes,Yes,Fiber optic,No,Yes,No,No,Yes,Yes,Month-to-month,Yes,Credit card (automatic),93.22,2175.63,1,4,0
CUST-14472,Male,0,Yes,No,72,Yes,No,DSL,No,Yes,Yes,Yes,Yes,No,Month-to-month,Yes,Credit card (automatic),74.38,5359.12,1,4,0
CUST-14473,Female,0,No,No,72,Yes,Yes,No,No internet service,No internet service,No internet service,No internet service,No internet service,No internet service,Month-to-month,Yes,Mailed check,26.85,1917.91,1,3,0
CUST-14474,Male,0,Yes,Yes,25,Yes,Yes,Fiber optic,Yes,No,Yes,No,Yes,No,Month-to-month,Yes,Mailed check,98.2,2449.54,1,4,0
CUST-14475,Male,0,No,No,54,Yes,No,No,No internet service,No internet service,No internet service,No internet service,No internet service,No internet service,Month-to-month,Yes,Electronic check,18.25,1008.87,2,2,0
CUST-14476,Male,0,Yes,Yes,5,Yes,No,Fiber optic,Yes,Yes,Yes,No,Yes,No,Month-to-month,No,Mailed check,111.32,581.23,2,4,1
CUST-14477,Female,0,No,No,7,No,No phone service,DSL,Yes,No,No,Yes,Yes,Yes,Month-to-month,No,Electronic check,78.22,541.84,1,1,1
CUST-14478,Male,0,Yes,Yes,72,Yes,Yes,DSL,No,Yes,No,No,No,No,Month-to-month,No,Mailed check,51.74,3714.29,1,3,0
CUST-14479,Female,0,Yes,No,3,Yes,No,No,No internet service,No internet service,No internet service,No internet service,No internet service,No internet service,Month-to-month,Yes,Electronic check,18.37,45.4,1,4,0
CUST-14480,Male,0,Yes,No,5,Yes,Yes,Fiber optic,No,Yes,No,Yes,Yes,No,Month-to-month,Yes,Bank transfer (automatic),100.66,524.08,3,3,1
CUST-14481,Female,0,Yes,No,13,Yes,No,DSL,No,No,No,No,Yes,No,Month-to-month,Yes,Bank transfer (automatic),49.77,672.98,0,4,0
CUST-14482,Female,1,No,No,22,Yes,No,DSL,Yes,No,No,No,No,Yes,Month-to-month,No,Mailed check,58.62,1284.51,5,2,1
CUST-14483,Female,0,Yes,No,23,Yes,Yes,DSL,No,No,Yes,No,Yes,Yes,Two year,No,Electronic check,68.04,1577.69,2,2,0
CUST-14484,Male,1,Yes,Yes,8,Yes,No,Fiber optic,Yes,No,Yes,No,No,Yes,Two year,No,Electronic check,96.16,762.78,1,3,0
CUST-14485,Male,0,No,Yes,63,Yes,Yes,Fiber optic,Yes,No,No,No,Yes,No,Two year,No,Mailed check,87.4,5478.97,2,4,0
CUST-14486,Female,0,Yes,Yes,61,Yes,Yes,DSL,No,Yes,Yes,No,Yes,No,Month-to-month,Yes,Electronic check,68.72,4204.03,3,5,0
CUST-14487,Female,0,Yes,Yes,12,Yes,No,No,No internet service,No internet service,No internet service,No internet service,No internet service,No internet service,Month-to-month,Yes,Bank transfer (automatic),20.58,243.75,1,1,0
CUST-14488,Female,0,No,No,14,Yes,Yes,Fiber optic,No,No,No,Yes,No,Yes,Two year,Yes,Credit card (automatic),90.82,1268.72,0,5,0
CUST-14489,Male,0,No,No,30,Yes,No,DSL,No,No,Yes,No,No,Yes,Month-to-month,Yes,Bank transfer (automatic),54.09,1638.74,4,4,0
CUST-14490,Male,1,Yes,Yes,27,Yes,No,Fiber optic,Yes,No,No,No,No,Yes,Month-to-month,No,Bank transfer (automatic),93.43,2495.88,4,3,1
CUST-14491,Male,0,Yes,No,12,Yes,Yes,Fiber optic,No,Yes,Yes,No,No,No,Two year,No,Mailed check,84.36,969.8,4,2,0
CUST-14492,Male,0,No,No,13,Yes,Yes,Fiber optic,No,Yes,No,No,Yes,No,Month-to-month,Yes,Bank transfer (automatic),90.99,1190.21,1,2,1
CUST-14493,Female,0,Yes,Yes,10,Yes,No,DSL,No,Yes,No,No,No,No,One year,No,Bank transfer (automatic),59.41,627.95,1,4,0
CUST-14494,Female,1,No,No,6,Yes,Yes,No,No internet service,No internet service,No internet service,No internet service,No internet service,No internet service,Month-to-month,Yes,Credit card (automatic),22.79,156.07,1,3,0
CUST-14495,Male,0,Yes,No,15,Yes,Yes,No,No internet service,No internet service,No internet service,No internet service,No internet service,No internet service,Month-to-month,No,Bank transfer (automatic),19.19,272.6,2,1,0
CUST-14496,Male,0,No,No,28,Yes,Yes,Fiber optic,No,No,No,No,No,Yes,Month-to-month,Yes,Bank transfer (automatic),81.02,2274.13,1,5,0
CUST-14497,Female,1,Yes,No,33,Yes,No,DSL,Yes,No,No,No,Yes,Yes,Month-to-month,Yes,Mailed check,67.22,2228.58,3,4,0
CUST-14498,Male,0,No,No,37,Yes,No,Fiber optic,No,No,Yes,No,No,No,Two year,No,Mailed check,86.02,3194.09,1,4,0
CUST-14499,Male,0,Yes,Yes,11,Yes,Yes,Fiber optic,No,No,No,Yes,No,Yes,One year,Yes,Mailed check,91.88,998.8,0,3,0
CUST-14500,Male,0,No,No,36,Yes,Yes,Fiber optic,No,No,Yes,No,Yes,No,Month-to-month,Yes,Mailed check,90.14,3232.98,2,4,0
CUST-14501,Male,0,Yes,No,1,Yes,No,Fiber optic,No,No,Yes,Yes,No,No,One year,No,Electronic check,93.14,46.67,2,1,1
CUST-14502,Male,0,Yes,No,16,No,No phone service,DSL,Yes,No,Yes,Yes,No,Yes,One year,Yes,Electronic check,71.15,1142.86,3,3,0
CUST-14503,Male,0,No,No,39,Yes,No,DSL,Yes,No,No,No,Yes,No,One year,No,Bank transfer (automatic),58.27,2287.81,1,5,0
CUST-14504,Female,0,No,No,24,Yes,Yes,No,No internet service,No internet service,No internet service,No internet service,No internet service,No internet service,Month-to-month,No,Credit card (automatic),18.53,464.16,2,5,0
CUST-14505,Male,0,No,No,16,Yes,No,Fiber optic,No,No,Yes,Yes,No,Yes,Two year,Yes,Credit card (automatic),100.89,1592.1,3,5,0
CUST-14506,Male,0,Yes,No,25,No,No phone service,Fiber optic,No,Yes,Yes,No,No,No,Two year,Yes,Bank transfer (automatic),90.83,2269.46,0,5,0
CUST-14507,Female,0,No,No,59,Yes,No,Fiber optic,Yes,No,No,Yes,No,Yes,Month-to-month,Yes,Electronic check,104.94,6189.62,1,1,1
CUST-14508,Female,0,Yes,No,20,No,No phone service,Fiber optic,No,No,No,No,Yes,Yes,Two year,Yes,Credit card (automatic),92.51,1833.0,3,1,0
CUST-14509,Female,0,No,No,40,Yes,No,No,No internet service,No internet service,No internet service,No internet service,No internet service,No internet service,One year,Yes,Bank transfer (automatic),18.25,750.74,0,5,0
CUST-14510,Male,0,No,No,72,Yes,Yes,Fiber optic,No,Yes,No,No,Yes,No,Two year,Yes,Electronic check,92.92,6690.17,1,1,0
CUST-14511,Female,0,Yes,No,30,Yes,No,No,No internet service,No internet service,No internet service,No internet service,No internet service,No internet service,Month-to-month,No,Credit card (automatic),18.25,537.36,1,4,0
CUST-14512,Male,0,No,No,21,Yes,Yes,Fiber optic,Yes,No,No,No,No,No,One year,Yes,Mailed check,81.27,1729.34,2,4,0
CUST-14513,Male,0,No,Yes,1,Yes,No,Fiber optic,No,No,No,No,Yes,Yes,Month-to-month,Yes,Credit card (automatic),89.76,102.16,1,3,1
CUST-14514,Male,0,Yes,Yes,11,No,No phone service,Fiber optic,Yes,Yes,Yes,No,No,No,One year,No,Electronic check,98.49,1069.82,3,4,0
CUST-14515,Female,1,No,No,20,Yes,No,No,No internet service,No internet service,No internet service,No internet service,No internet service,No internet service,One year,No,Credit card (automatic),20.66,378.3,2,4,0
CUST-14516,Female,0,Yes,No,39,Yes,No,Fiber optic,No,Yes,Yes,No,No,No,Month-to-month,No,Bank transfer (automatic),90.66,3520.23,1,2,1
CUST-14517,Female,0,No,Yes,14,No,No phone service,No,No internet service,No internet service,No internet service,No internet service,No internet service,No internet service,One year,No,Electronic check,18.25,257.56,0,4,0
CUST-14518,Female,0,Yes,No,72,Yes,No,Fiber optic,No,No,No,Yes,Yes,No,One year,Yes,Bank transfer (automatic),89.99,6469.02,3,3,0
CUST-14519,Female,0,Yes,No,7,Yes,No,Fiber optic,Yes,No,Yes,Yes,No,No,One year,No,Bank transfer (automatic),98.44,665.36,1,2,1
CUST-14520,Male,0,Yes,Yes,34,Yes,No,DSL,Yes,No,No,No,No,Yes,Two year,Yes,Electronic check,62.59,2123.02,2,5,0
CUST-14521,Male,0,No,Yes,13,Yes,Yes,Fiber optic,No,No,Yes,No,No,No,Two year,No,Mailed check,81.1,1019.94,2,4,0
CUST-14522,Male,1,No,No,16,Yes,No,Fiber optic,No,Yes,Yes,No,No,No,Month-to-month,Yes,Electronic check,81.75,1319.0,1,2,1
CUST-14523,Male,0,No,Yes,40,Yes,No,No,No internet service,No internet service,No internet service,No internet service,No internet service,No internet service,Two year,Yes,Bank transfer (automatic),23.36,976.16,0,4,0
CUST-14524,Female,0,Yes,No,8,Yes,Yes,Fiber optic,No,Yes,Yes,Yes,Yes,No,One year,No,Mailed check,106.7,865.49,5,4,0
CUST-14525,Female,0,Yes,No,2,No,No phone service,DSL,Yes,No,No,No,Yes,No,Month-to-month,Yes,Bank transfer (automatic),56.0,137.8,0,1,1
CUST-14526,Male,0,No,No,18,Yes,No,Fiber optic,No,No,No,No,No,Yes,Month-to-month,Yes,Electronic check,78.07,1391.98,1,1,1
CUST-14527,Female,1,No,No,18,Yes,No,Fiber optic,No,No,Yes,No,No,No,Two year,No,Electronic check,84.49,1513.55,3,2,0
CUST-14528,Female,0,Yes,No,39,No,No phone service,Fiber optic,Yes,Yes,Yes,Yes,No,Yes,One year,Yes,Mailed check,111.59,4327.98,0,4,0
CUST-14529,Male,0,Yes,No,72,Yes,No,DSL,No,No,Yes,Yes,No,No,Month-to-month,Yes,Electronic check,55.74,4024.93,3,4,0
CUST-14530,Male,0,No,No,1,Yes,No,DSL,Yes,Yes,No,Yes,No,Yes,Month-to-month,Yes,Mailed check,71.81,92.45,1,5,0
CUST-14531,Female,0,Yes,No,22,Yes,No,DSL,No,No,Yes,Yes,Yes,No,Month-to-month,No,Bank transfer (automatic),67.08,1463.08,1,4,0
CUST-14532,Female,0,No,No,28,Yes,No,No,No internet service,No internet service,No internet service,No internet service,No internet service,No internet service,Two year,Yes,Credit card (automatic),18.25,515.04,3,3,0
CUST-14533,Male,0,No,No,72,Yes,No,Fiber optic,Yes,No,Yes,Yes,Yes,No,Month-to-month,Yes,Electronic check,103.5,7422.06,3,1,1
CUST-14534,Male,0,No,No,71,Yes,No,Fiber optic,Yes,No,Yes,Yes,Yes,Yes,Month-to-month,Yes,Bank transfer (automatic),112.73,8000.32,1,4,0
CUST-14535,Male,0,No,No,31,Yes,No,Fiber optic,Yes,No,No,Yes,No,Yes,Two year,Yes,Mailed check,100.64,3102.78,1,3,0
CUST-14536,Female,0,Yes,Yes,18,Yes,No,DSL,Yes,Yes,No,Yes,No,Yes,Month-to-month,Yes,Bank transfer (automatic),76.73,1383.65,1,2,1
CUST-14537,Male,0,No,Yes,4,Yes,Yes,DSL,No,No,Yes,No,Yes,Yes,Month-to-month,No,Electronic check,68.18,284.51,0,5,1
CUST-14538,Male,0,No,No,12,Yes,Yes,Fiber optic,No,Yes,No,Yes,Yes,Yes,One year,Yes,Mailed check,109.24,1291.74,3,4,0
CUST-14539,Female,0,Yes,No,21,No,No phone service,Fiber optic,No,Yes,Yes,No,Yes,No,Two year,Yes,Credit card (automatic),94.68,1961.19,1,4,0
CUST-14540,Female,0,No,No,32,Yes,No,DSL,No,No,No,Yes,Yes,Yes,Month-to-month,Yes,Electronic check,67.32,2152.37,0,4,0
CUST-14541,Female,0,Yes,No,25,Yes,No,No,No internet service,No internet service,No internet service,No internet service,No internet service,No internet service,Two year,No,Credit card (automatic),18.25,454.89,2,1,0
CUST-14542,Female,0,No,Yes,31,Yes,Yes,DSL,Yes,Yes,No,No,Yes,Yes,Month-to-month,No,Mailed check,74.6,2310.09,1,2,0
CUST-14543,Female,0,Yes,No,14,Yes,Yes,Fiber optic,Yes,Yes,No,No,Yes,No,Month-to-month,Yes,Credit card (automatic),97.36,1337.64,0,4,1
CUST-14544,Male,1,No,Yes,32,Yes,Yes,DSL,No,No,Yes,Yes,No,No,Month-to-month,Yes,Credit card (automatic),58.08,1833.43,3,3,0
CUST-14545,Male,0,Yes,No,3,Yes,No,DSL,No,Yes,Yes,No,No,Yes,Month-to-month,No,Electronic check,66.38,203.88,0,1,1
CUST-14546,Female,0,Yes,No,4,Yes,No,Fiber optic,No,No,No,No,No,Yes,Month-to-month,No,Bank transfer (automatic),84.52,301.66,2,3,1
CUST-14547,Female,0,No,No,4,Yes,No,DSL,No,No,No,Yes,No,No,Month-to-month,Yes,Electronic check,52.17,184.05,1,2,1
CUST-14548,Female,0,No,No,55,Yes,Yes,Fiber optic,No,Yes,No,Yes,Yes,Yes,Month-to-month,No,Electronic check,96.3,5330.65,2,4,0
CUST-14549,Female,0,Yes,Yes,1,No,No phone service,Fiber optic,Yes,Yes,No,No,No,No,One year,No,Bank transfer (automatic),92.09,80.76,2,1,1
CUST-14550,Female,1,Yes,No,40,Yes,Yes,No,No internet service,No internet service,No internet service,No internet service,No internet service,No internet service,One year,Yes,Electronic check,21.63,835.87,0,3,0
CUST-14551,Male,0,Yes,Yes,6,Yes,Yes,No,No internet service,No internet service,No internet service,No internet service,No internet service,No internet service,One year,Yes,Mailed check,18.25,83.38,0,1,0
CUST-14552,Male,1,No,Yes,15,Yes,Yes,DSL,No,No,Yes,No,No,No,Month-to-month,Yes,Bank transfer (automatic),57.06,879.78,1,4,0
CUST-14553,Male,0,No,Yes,61,Yes,No,Fiber optic,Yes,Yes,No,Yes,No,No,Month-to-month,No,Mailed check,96.75,5887.21,0,1,0
CUST-14554,Male,0,No,No,22,Yes,Yes,DSL,No,Yes,No,No,Yes,Yes,Month-to-month,No,Bank transfer (automatic),70.54,1547.74,0,1,1
CUST-14555,Female,0,No,Yes,5,Yes,Yes,Fiber optic,No,Yes,No,No,No,Yes,Month-to-month,Yes,Credit card (automatic),90.13,440.83,1,3,1
CUST-14556,Male,0,No,No,8,Yes,Yes,Fiber optic,Yes,No,Yes,No,Yes,No,One year,Yes,Credit card (automatic),96.04,738.25,1,1,0
CUST-14557,Female,0,Yes,No,63,Yes,Yes,Fiber optic,No,Yes,Yes,No,Yes,No,Month-to-month,Yes,Mailed check,98.66,6184.23,0,5,0
CUST-14558,Female,1,Yes,No,13,Yes,Yes,DSL,No,No,No,Yes,No,Yes,Two year,Yes,Electronic check,58.43,767.71,2,2,0
CUST-14559,Female,1,No,Yes,22,Yes,No,Fiber optic,Yes,No,No,No,No,No,Month-to-month,Yes,Mailed check,82.04,1780.3,0,1,1
CUST-14560,Male,1,No,Yes,15,Yes,Yes,DSL,Yes,No,Yes,Yes,No,No,Month-to-month,Yes,Mailed check,62.78,986.03,3,4,0
CUST-14561,Female,0,No,No,11,Yes,No,Fiber optic,No,Yes,No,No,Yes,Yes,Month-to-month,Yes,Electronic check,96.59,1032.03,1,1,1
CUST-14562,Male,0,No,No,6,Yes,Yes,No,No internet service,No internet service,No internet service,No internet service,No internet service,No internet service,Month-to-month,Yes,Mailed check,18.25,85.28,1,4,0
CUST-14563,Male,0,No,Yes,28,Yes,No,No,No internet service,No internet service,No internet service,No internet service,No internet service,No internet service,One year,No,Electronic check,19.98,568.46,1,4,0
CUST-14564,Female,0,No,No,31,Yes,No,DSL,Yes,No,Yes,No,No,No,Month-to-month,No,Bank transfer (automatic),61.51,1909.28,0,1,0
CUST-14565,Female,0,Yes,No,8,Yes,No,DSL,No,No,Yes,No,No,Yes,One year,No,Credit card (automatic),60.16,506.95,2,1,0
CUST-14566,Female,0,Yes,No,38,Yes,No,Fiber optic,Yes,No,Yes,No,Yes,No,Month-to-month,No,Credit card (automatic),100.28,3819.67,0,4,0
CUST-14567,Male,0,No,No,48,Yes,No,DSL,No,Yes,No,No,No,No,Two year,Yes,Credit card (automatic),58.43,2827.32,2,4,0
CUST-14568,Female,0,No,No,63,Yes,Yes,No,No internet service,No internet service,No internet service,No internet service,No internet service,No internet service,Month-to-month,Yes,Electronic check,19.67,1271.21,0,3,0
CUST-14569,Male,0,Yes,No,4,Yes,Yes,Fiber optic,No,Yes,No,Yes,Yes,Yes,Month-to-month,Yes,Electronic check,105.23,414.65,3,4,1
CUST-14570,Female,0,Yes,No,9,Yes,Yes,DSL,No,No,No,No,No,No,Month-to-month,Yes,Electronic check,43.03,349.08,2,2,1
CUST-14571,Female,0,Yes,No,49,Yes,Yes,Fiber optic,No,No,No,No,Yes,No,Month-to-month,No,Mailed check,76.83,3793.79,3,3,0
CUST-14572,Male,0,Yes,No,5,Yes,No,Fiber optic,No,No,No,No,No,No,One year,Yes,Electronic check,75.41,395.73,4,3,0
CUST-14573,Male,0,No,No,1,Yes,Yes,Fiber optic,Yes,No,No,Yes,Yes,Yes,One year,Yes,Credit card (automatic),107.05,117.43,0,2,1
CUST-14574,Male,0,Yes,No,51,Yes,No,No,No internet service,No internet service,No internet service,No internet service,No internet service,No internet service,One year,Yes,Electronic check,20.05,1051.83,0,3,0
CUST-14575,Male,0,No,Yes,9,Yes,Yes,Fiber optic,No,Yes,No,No,Yes,No,Month-to-month,Yes,Mailed check,87.54,786.25,0,2,1
CUST-14576,Male,0,Yes,Yes,13,Yes,No,DSL,No,No,No,No,No,Yes,Two year,Yes,Credit card (automatic),49.6,632.82,1,2,0
CUST-14577,Male,0,No,No,14,Yes,No,No,No internet service,No internet service,No internet service,No internet service,No internet service,No internet service,Month-to-month,Yes,Credit card (automatic),18.25,277.29,0,3,0
CUST-14578,Female,0,Yes,No,47,Yes,No,DSL,No,No,Yes,No,No,Yes,Month-to-month,Yes,Mailed check,59.68,2810.23,1,3,0
CUST-14579,Female,0,No,No,10,Yes,No,No,No internet service,No internet service,No internet service,No internet service,No internet service,No internet service,Two year,Yes,Mailed check,18.25,177.99,1,4,0
CUST-14580,Male,0,No,No,55,No,No phone service,Fiber optic,Yes,Yes,Yes,No,No,No,Two year,Yes,Bank transfer (automatic),100.97,5583.79,1,4,0
CUST-14581,Female,0,No,No,23,Yes,Yes,No,No internet service,No internet service,No internet service,No internet service,No internet service,No internet service,One year,No,Mailed check,22.27,538.94,2,2,0
CUST-14582,Male,0,Yes,Yes,18,Yes,No,Fiber optic,No,Yes,Yes,No,Yes,Yes,Month-to-month,Yes,Electronic check,108.14,1935.26,0,4,1
CUST-14583,Female,0,Yes,No,9,Yes,Yes,No,No internet service,No internet service,No internet service,No internet service,No internet service,No internet service,Month-to-month,No,Bank transfer (automatic),23.83,185.25,0,1,0
CUST-14584,Female,0,Yes,No,6,Yes,No,Fiber optic,No,No,Yes,No,No,Yes,Month-to-month,Yes,Bank transfer (automatic),88.86,513.74,3,2,1
CUST-14585,Male,0,Yes,No,24,Yes,Yes,DSL,No,Yes,No,No,No,Yes,One year,Yes,Mailed check,62.5,1488.22,2,3,0
CUST-14586,Male,0,No,No,14,Yes,Yes,Fiber optic,Yes,No,No,No,No,Yes,Month-to-month,Yes,Electronic check,89.23,1239.43,2,3,1
CUST-14587,Male,0,No,Yes,60,Yes,No,Fiber optic,No,No,Yes,Yes,Yes,Yes,One year,No,Electronic check,104.26,6261.04,1,3,0
CUST-14588,Female,0,No,No,16,Yes,Yes,Fiber optic,No,Yes,Yes,No,Yes,No,Month-to-month,Yes,Mailed check,96.89,1611.19,0,3,1
CUST-14589,Male,0,No,No,17,No,No phone service,No,No internet service,No internet service,No internet service,No internet service,No internet service,No internet service,Two year,No,Bank transfer (automatic),18.25,330.51,3,2,0
CUST-14590,Female,0,Yes,Yes,13,Yes,Yes,Fiber optic,No,Yes,Yes,No,Yes,No,Month-to-month,No,Bank transfer (automatic),97.08,1286.47,1,4,1
CUST-14591,Male,1,Yes,No,38,Yes,Yes,DSL,Yes,Yes,Yes,No,No,Yes,Two year,Yes,Credit card (automatic),74.62,2834.97,1,4,0
CUST-14592,Female,0,Yes,No,13,Yes,No,Fiber optic,No,Yes,No,Yes,No,No,One year,Yes,Credit card (automatic),92.01,1200.7,1,3,0
CUST-14593,Female,0,No,No,7,Yes,No,No,No internet service,No internet service,No internet service,No internet service,No internet service,No internet service,Month-to-month,No,Electronic check,19.34,145.64,0,4,0
CUST-14594,Male,0,No,No,49,Yes,No,DSL,Yes,No,No,No,No,No,Month-to-month,Yes,Credit card (automatic),50.87,2516.78,2,4,0
CUST-14595,Female,0,Yes,No,22,Yes,No,No,No internet service,No internet service,No internet service,No internet service,No internet service,No internet service,Month-to-month,Yes,Bank transfer (automatic),22.07,504.99,1,4,0
CUST-14596,Female,0,Yes,No,22,Yes,Yes,Fiber optic,No,No,No,No,No,No,Month-to-month,No,Credit card (automatic),72.29,1604.48,1,3,0
CUST-14597,Male,0,No,Yes,23,Yes,No,Fiber optic,Yes,No,Yes,Yes,No,Yes,Two year,No,Credit card (automatic),104.6,2392.96,1,4,0
CUST-14598,Female,0,No,No,31,Yes,No,Fiber optic,No,No,Yes,Yes,No,No,Month-to-month,No,Mailed check,91.98,2817.32,2,5,0
CUST-14599,Male,1,No,Yes,9,Yes,No,DSL,No,No,Yes,No,No,No,Two year,Yes,Electronic check,54.97,518.63,2,2,0
CUST-14600,Male,0,Yes,No,1,Yes,Yes,DSL,Yes,Yes,Yes,No,No,Yes,Month-to-month,Yes,Mailed check,78.95,93.59,0,4,0
CUST-14601,Male,0,Yes,No,41,Yes,Yes,DSL,Yes,Yes,No,No,No,Yes,Month-to-month,Yes,Electronic check,68.7,2804.08,2,5,0
CUST-14602,Male,1,No,No,3,Yes,Yes,Fiber optic,Yes,No,No,Yes,No,Yes,Month-to-month,Yes,Mailed check,97.85,338.34,5,4,1
CUST-14603,Female,0,No,No,31,Yes,Yes,DSL,No,No,No,No,No,Yes,One year,Yes,Electronic check,57.28,1758.79,2,2,0
CUST-14604,Female,0,Yes,Yes,2,Yes,Yes,No,No internet service,No internet service,No internet service,No internet service,No internet service,No internet service,Month-to-month,Yes,Credit card (automatic),18.25,35.8,3,1,0
CUST-14605,Female,0,No,No,11,Yes,Yes,Fiber optic,No,No,Yes,No,No,No,Month-to-month,Yes,Electronic check,84.85,928.46,2,3,1
CUST-14606,Male,0,No,No,1,Yes,Yes,Fiber optic,No,Yes,No,No,No,Yes,Month-to-month,No,Credit card (automatic),90.39,76.76,0,1,1
CUST-14607,Female,0,Yes,No,18,Yes,Yes,DSL,No,No,No,No,Yes,No,Month-to-month,Yes,Credit card (automatic),46.04,818.45,1,3,0
CUST-14608,Female,1,Yes,No,26,Yes,No,Fiber optic,No,No,No,No,Yes,Yes,Month-to-month,Yes,Credit card (automatic),94.79,2452.11,2,2,1
CUST-14609,Male,0,Yes,No,4,Yes,No,DSL,No,Yes,No,No,No,No,Two year,No,Bank transfer (automatic),50.07,185.81,0,3,0
CUST-14610,Male,0,Yes,No,11,No,No phone service,DSL,Yes,Yes,Yes,No,No,Yes,One year,Yes,Mailed check,83.55,930.2,4,2,1
CUST-14611,Female,1,No,No,66,No,No phone service,No,No internet service,No internet service,No internet service,No internet service,No internet service,No internet service,Month-to-month,Yes,Electronic check,20.46,1367.49,0,4,0
CUST-14612,Male,0,Yes,No,14,No,No phone service,No,No internet service,No internet service,No internet service,No internet service,No internet service,No internet service,Month-to-month,Yes,Credit card (automatic),18.25,242.84,1,3,0
CUST-14613,Male,0,No,No,40,Yes,Yes,DSL,Yes,No,No,No,No,No,Month-to-month,No,Electronic check,54.91,2186.38,0,1,0
CUST-14614,Male,0,No,No,65,No,No phone service,Fiber optic,Yes,No,No,No,Yes,Yes,One year,Yes,Electronic check,96.34,6269.69,3,3,0
CUST-14615,Male,1,Yes,No,72,Yes,No,Fiber optic,No,No,No,No,No,No,Two year,Yes,Electronic check,75.2,5419.23,2,4,0
CUST-14616,Female,0,Yes,Yes,57,Yes,No,No,No internet service,No internet service,No internet service,No internet service,No internet service,No internet service,Two year,No,Electronic check,21.67,1237.82,3,3,0
CUST-14617,Male,0,No,Yes,9,No,No phone service,DSL,No,No,No,No,Yes,Yes,Two year,No,Bank transfer (automatic),60.32,546.87,1,3,0
CUST-14618,Male,0,No,No,72,No,No phone service,No,No internet service,No internet service,No internet service,No internet service,No internet service,No internet service,Month-to-month,No,Electronic check,20.04,1455.05,2,3,0
CUST-14619,Male,0,No,Yes,41,Yes,No,DSL,No,No,Yes,No,Yes,No,Two year,Yes,Electronic check,58.5,2420.57,4,2,0
CUST-14620,Male,1,Yes,Yes,45,Yes,No,Fiber optic,No,Yes,Yes,Yes,No,No,Month-to-month,Yes,Electronic check,91.04,4085.81,1,3,0
CUST-14621,Male,0,Yes,No,1,Yes,Yes,Fiber optic,No,No,No,Yes,Yes,No,Two year,No,Credit card (automatic),91.16,97.91,1,4,0
CUST-14622,Male,0,No,Yes,72,Yes,No,Fiber optic,No,No,Yes,No,No,No,Month-to-month,Yes,Bank transfer (automatic),84.2,6052.66,2,2,0
CUST-14623,Male,1,No,No,37,Yes,No,No,No internet service,No internet service,No internet service,No internet service,No internet service,No internet service,Month-to-month,Yes,Mailed check,26.17,928.58,0,4,0
CUST-14624,Male,0,Yes,No,36,Yes,Yes,DSL,No,Yes,Yes,No,Yes,No,Month-to-month,No,Mailed check,70.0,2502.08,0,4,0
CUST-14625,Female,0,No,No,2,Yes,No,Fiber optic,No,No,No,Yes,Yes,Yes,Month-to-month,Yes,Electronic check,94.44,224.66,1,5,1
CUST-14626,Male,0,Yes,Yes,6,Yes,No,DSL,Yes,Yes,No,Yes,Yes,No,Month-to-month,Yes,Mailed check,68.86,433.61,4,2,1
CUST-14627,Female,0,No,No,72,Yes,Yes,No,No internet service,No internet service,No internet service,No internet service,No internet service,No internet service,Month-to-month,Yes,Credit card (automatic),18.25,1273.8,1,2,0
CUST-14628,Male,0,No,No,17,No,No phone service,DSL,Yes,No,No,No,Yes,Yes,One year,Yes,Electronic check,67.65,1136.2,2,4,0
CUST-14629,Male,1,Yes,No,12,Yes,No,DSL,No,Yes,No,No,Yes,No,One year,Yes,Bank transfer (automatic),61.87,739.02,0,4,0
CUST-14630,Male,0,No,No,45,Yes,Yes,Fiber optic,Yes,No,No,No,Yes,No,Month-to-month,No,Electronic check,91.28,4108.31,1,1,1
CUST-14631,Male,0,Yes,Yes,2,Yes,No,No,No internet service,No internet service,No internet service,No internet service,No internet service,No internet service,Month-to-month,Yes,Electronic check,20.99,30.74,1,3,0
CUST-14632,Female,0,Yes,No,13,Yes,Yes,Fiber optic,No,No,No,Yes,No,No,One year,Yes,Credit card (automatic),86.66,1142.33,3,4,0
CUST-14633,Male,0,Yes,Yes,11,Yes,Yes,No,No internet service,No internet service,No internet service,No internet service,No internet service,No internet service,Month-to-month,No,Mailed check,21.17,263.37,2,2,0
CUST-14634,Male,0,Yes,No,10,Yes,No,No,No internet service,No internet service,No internet service,No internet service,No internet service,No internet service,Month-to-month,No,Bank transfer (automatic),18.25,205.13,2,5,0
CUST-14635,Female,0,Yes,No,9,No,No phone service,No,No internet service,No internet service,No internet service,No internet service,No internet service,No internet service,Two year,Yes,Electronic check,18.31,153.85,1,4,0
CUST-14636,Female,1,No,No,5,Yes,Yes,No,No internet service,No internet service,No internet service,No internet service,No internet service,No internet service,Month-to-month,Yes,Bank transfer (automatic),21.38,79.46,3,3,0
CUST-14637,Male,0,No,No,4,Yes,Yes,DSL,No,Yes,Yes,No,Yes,No,Month-to-month,No,Credit card (automatic),68.13,284.58,1,4,0
CUST-14638,Female,0,Yes,No,25,Yes,Yes,Fiber optic,No,Yes,No,Yes,Yes,No,One year,Yes,Credit card (automatic),97.38,2404.75,1,1,0
CUST-14639,Female,0,No,No,62,Yes,Yes,Fiber optic,No,No,No,No,Yes,No,Two year,Yes,Mailed check,81.1,5042.89,1,2,0
CUST-14640,Female,1,No,No,17,Yes,No,Fiber optic,Yes,No,Yes,No,No,No,Month-to-month,Yes,Credit card (automatic),87.3,1512.63,1,4,0
CUST-14641,Male,0,No,No,8,Yes,Yes,Fiber optic,No,Yes,Yes,No,Yes,No,One year,Yes,Bank transfer (automatic),102.55,830.75,1,3,0
CUST-14642,Male,0,No,No,4,Yes,No,Fiber optic,Yes,No,Yes,No,Yes,Yes,Month-to-month,Yes,Credit card (automatic),102.23,387.32,0,2,1
CUST-14643,Male,0,Yes,No,44,Yes,Yes,DSL,Yes,No,No,Yes,Yes,Yes,Month-to-month,Yes,Electronic check,73.24,3202.95,2,2,0
CUST-14644,Female,1,Yes,No,72,Yes,Yes,Fiber optic,No,No,Yes,No,Yes,Yes,Month-to-month,Yes,Electronic check,97.66,7032.83,2,3,0
CUST-14645,Male,0,No,No,10,Yes,Yes,DSL,Yes,No,No,Yes,No,Yes,Month-to-month,No,Bank transfer (automatic),68.6,721.54,0,1,1
CUST-14646,Female,0,Yes,No,8,No,No phone service,No,No internet service,No internet service,No internet service,No internet service,No internet service,No internet service,Month-to-month,Yes,Bank transfer (automatic),20.72,168.59,2,1,0
CUST-14647,Male,0,Yes,Yes,23,Yes,No,DSL,Yes,No,No,No,No,No,Month-to-month,Yes,Bank transfer (automatic),47.7,1074.75,1,2,0
CUST-14648,Male,0,Yes,No,37,Yes,Yes,No,No internet service,No internet service,No internet service,No internet service,No internet service,No internet service,Two year,No,Electronic check,21.13,779.56,1,4,0
CUST-14649,Female,0,Yes,Yes,15,Yes,No,Fiber optic,Yes,Yes,Yes,No,No,Yes,Month-to-month,Yes,Mailed check,108.37,1667.79,1,4,1
CUST-14650,Male,0,Yes,No,24,Yes,Yes,DSL,No,No,No,No,Yes,Yes,Month-to-month,No,Electronic check,60.82,1430.19,2,2,0
CUST-14651,Female,0,No,No,31,Yes,No,Fiber optic,Yes,No,No,No,Yes,No,Month-to-month,Yes,Electronic check,96.21,3009.6,1,3,1
CUST-14652,Female,1,Yes,No,72,Yes,Yes,DSL,No,No,No,Yes,Yes,Yes,One year,Yes,Electronic check,71.79,5162.22,2,3,0
CUST-14653,Male,1,No,No,4,Yes,No,DSL,No,Yes,No,No,No,Yes,One year,Yes,Credit card (automatic),59.02,245.76,1,1,0
CUST-14654,Female,0,No,No,72,Yes,Yes,Fiber optic,No,No,No,No,Yes,No,One year,No,Electronic check,80.95,5847.04,3,2,0
CUST-14655,Male,0,Yes,No,12,Yes,Yes,Fiber optic,No,Yes,No,No,Yes,Yes,Month-to-month,Yes,Electronic check,94.48,1118.87,2,1,1
CUST-14656,Male,0,Yes,No,32,Yes,Yes,DSL,No,No,Yes,Yes,No,No,Month-to-month,No,Bank transfer (automatic),60.16,1948.6,2,5,0
CUST-14657,Female,0,Yes,No,21,Yes,Yes,DSL,Yes,No,No,No,No,No,One year,No,Bank transfer (automatic),53.57,1134.82,0,3,0
CUST-14658,Male,0,Yes,No,16,No,No phone service,DSL,No,Yes,Yes,Yes,Yes,Yes,One year,Yes,Bank transfer (automatic),86.07,1404.7,3,1,0
CUST-14659,Female,0,Yes,Yes,29,Yes,No,Fiber optic,No,Yes,No,No,Yes,No,Month-to-month,No,Bank transfer (automatic),89.98,2617.51,0,4,0
CUST-14660,Male,0,Yes,No,12,Yes,No,Fiber optic,No,Yes,No,No,Yes,Yes,Month-to-month,Yes,Electronic check,95.24,1181.27,3,3,1
CUST-14661,Male,0,No,No,3,Yes,Yes,Fiber optic,Yes,Yes,No,No,Yes,No,Two year,Yes,Mailed check,100.9,269.78,1,2,0
CUST-14662,Male,0,No,No,16,Yes,No,No,No internet service,No internet service,No internet service,No internet service,No internet service,No internet service,Month-to-month,Yes,Electronic check,18.25,306.04,2,3,0
CUST-14663,Male,0,Yes,No,18,Yes,Yes,No,No internet service,No internet service,No internet service,No internet service,No internet service,No internet service,Two year,Yes,Electronic check,21.39,390.67,1,3,0
CUST-14664,Male,0,Yes,No,5,Yes,Yes,Fiber optic,Yes,Yes,Yes,Yes,Yes,No,Month-to-month,Yes,Credit card (automatic),113.18,544.6,1,3,1
CUST-14665,Female,0,No,No,68,No,No phone service,Fiber optic,Yes,No,Yes,No,No,Yes,Month-to-month,Yes,Bank transfer (automatic),97.87,6681.25,2,5,0
CUST-14666,Female,1,No,No,6,Yes,Yes,DSL,No,No,Yes,Yes,No,Yes,Month-to-month,No,Credit card (automatic),66.71,378.29,2,1,1
CUST-14667,Female,0,No,No,13,Yes,No,Fiber optic,Yes,No,No,No,No,No,Month-to-month,Yes,Electronic check,86.15,1134.29,1,1,1
CUST-14668,Female,0,No,No,4,Yes,Yes,No,No internet service,No internet service,No internet service,No internet service,No internet service,No internet service,One year,Yes,Mailed check,21.06,76.43,2,4,0
CUST-14669,Female,0,Yes,Yes,19,Yes,No,DSL,Yes,No,Yes,No,Yes,Yes,One year,Yes,Mailed check,76.33,1496.02,0,2,0
CUST-14670,Female,0,Yes,No,9,Yes,Yes,Fiber optic,No,No,No,No,No,No,Month-to-month,No,Electronic check,77.13,706.87,5,1,1
CUST-14671,Male,1,No,Yes,16,Yes,Yes,Fiber optic,No,No,No,No,No,No,Month-to-month,Yes,Credit card (automatic),70.82,1146.32,2,3,0
CUST-14672,Male,0,Yes,Yes,6,Yes,Yes,No,No internet service,No internet service,No internet service,No internet service,No internet service,No internet service,Month-to-month,No,Electronic check,18.25,142.7,2,2,0
CUST-14673,Female,0,No,Yes,1,No,No phone service,Fiber optic,No,No,Yes,Yes,No,No,Two year,No,Bank transfer (automatic),87.71,88.32,2,3,0
CUST-14674,Female,0,No,Yes,37,Yes,Yes,DSL,No,No,No,Yes,No,Yes,Month-to-month,No,Mailed check,60.26,2240.19,1,4,0
CUST-14675,Male,0,No,No,25,Yes,Yes,Fiber optic,No,No,No,No,Yes,Yes,Month-to-month,Yes,Credit card (automatic),87.52,2162.02,2,4,0
CUST-14676,Male,1,Yes,No,10,No,No phone service,Fiber optic,No,No,No,No,No,No,Month-to-month,Yes,Electronic check,72.67,727.84,4,2,1
CUST-14677,Male,0,No,No,1,Yes,Yes,DSL,Yes,No,Yes,No,Yes,No,One year,Yes,Electronic check,66.89,68.82,2,4,0
CUST-14678,Female,0,No,No,50,Yes,Yes,DSL,Yes,No,Yes,No,Yes,Yes,Two year,No,Credit card (automatic),77.94,3859.45,2,5,0
CUST-14679,Female,0,Yes,No,4,Yes,No,Fiber optic,No,No,No,Yes,No,No,Month-to-month,Yes,Electronic check,85.38,350.93,1,1,1
CUST-14680,Female,0,Yes,No,66,No,No phone service,Fiber optic,Yes,No,No,No,No,No,Month-to-month,Yes,Bank transfer (automatic),84.44,5600.79,3,3,0
CUST-14681,Male,0,No,No,16,Yes,Yes,DSL,No,No,Yes,No,No,Yes,Month-to-month,No,Electronic check,61.77,1005.99,1,3,0
CUST-14682,Male,0,No,No,10,Yes,No,DSL,No,No,No,No,Yes,No,Month-to-month,Yes,Credit card (automatic),52.51,551.07,1,3,0
CUST-14683,Female,0,Yes,No,33,Yes,Yes,Fiber optic,Yes,No,Yes,No,Yes,Yes,Month-to-month,Yes,Credit card (automatic),105.84,3506.73,1,2,1
CUST-14684,Female,0,Yes,Yes,52,Yes,No,DSL,No,No,No,No,No,No,Month-to-month,Yes,Credit card (automatic),45.09,2345.96,2,1,0
CUST-14685,Male,1,No,Yes,11,Yes,Yes,Fiber optic,No,Yes,No,No,No,Yes,Two year,Yes,Mailed check,90.39,958.16,1,5,0
CUST-14686,Male,0,No,No,13,Yes,Yes,Fiber optic,No,No,Yes,No,Yes,No,Two year,Yes,Electronic check,90.74,1162.25,1,1,0
CUST-14687,Male,0,No,No,14,No,No phone service,DSL,No,Yes,No,No,No,Yes,Two year,Yes,Electronic check,59.14,830.02,2,3,0
CUST-14688,Male,0,No,Yes,63,Yes,No,DSL,No,No,No,Yes,Yes,No,One year,Yes,Mailed check,54.12,3398.65,1,2,0
CUST-14689,Female,0,Yes,Yes,29,Yes,Yes,Fiber optic,Yes,No,No,Yes,No,No,Month-to-month,No,Electronic check,92.17,2654.67,2,1,1
CUST-14690,Male,0,No,Yes,7,Yes,No,Fiber optic,Yes,Yes,No,No,No,Yes,Month-to-month,No,Electronic check,97.84,739.15,4,3,1
CUST-14691,Male,0,Yes,No,5,Yes,No,Fiber optic,No,Yes,No,Yes,No,No,One year,No,Electronic check,85.22,454.9,0,2,1
CUST-14692,Male,0,No,No,6,No,No phone service,No,No internet service,No internet service,No internet service,No internet service,No internet service,No internet service,One year,Yes,Electronic check,22.19,176.89,0,3,0
CUST-14693,Female,0,No,No,7,Yes,Yes,Fiber optic,No,No,No,No,Yes,Yes,One year,Yes,Bank transfer (automatic),91.11,627.31,3,3,0
CUST-14694,Female,0,Yes,Yes,6,Yes,No,Fiber optic,No,No,Yes,No,Yes,No,One year,Yes,Electronic check,85.46,511.08,2,3,0
CUST-14695,Male,0,Yes,No,26,Yes,No,Fiber optic,No,No,No,Yes,No,No,Two year,No,Credit card (automatic),87.78,2274.45,0,1,0
CUST-14696,Male,0,No,Yes,3,Yes,No,DSL,No,Yes,Yes,Yes,No,Yes,One year,Yes,Electronic check,74.84,186.38,1,2,0
CUST-14697,Male,0,Yes,No,12,Yes,No,No,No internet service,No internet service,No internet service,No internet service,No internet service,No internet service,Month-to-month,Yes,Electronic check,26.92,331.59,0,2,1
CUST-14698,Female,1,Yes,Yes,24,Yes,No,Fiber optic,No,No,No,Yes,No,No,Month-to-month,Yes,Electronic check,85.97,2054.02,0,1,1
CUST-14699,Female,1,No,No,8,Yes,Yes,DSL,No,No,No,No,No,No,Month-to-month,No,Bank transfer (automatic),49.84,388.54,0,4,0
CUST-14700,Female,0,Yes,No,1,Yes,No,Fiber optic,Yes,No,No,No,Yes,Yes,One year,Yes,Electronic check,97.66,82.21,0,1,1
CUST-14701,Male,0,No,No,2,Yes,Yes,DSL,No,No,No,No,Yes,No,Month-to-month,No,Electronic check,53.14,105.08,1,2,1
CUST-14702,Female,0,Yes,No,3,Yes,Yes,Fiber optic,No,No,No,Yes,No,No,Month-to-month,Yes,Electronic check,84.49,269.02,4,3,1
CUST-14703,Male,0,No,No,45,Yes,No,Fiber optic,No,No,No,Yes,No,Yes,Two year,Yes,Bank transfer (automatic),90.97,4074.84,0,5,0
CUST-14704,Male,1,Yes,Yes,26,Yes,No,Fiber optic,No,Yes,No,Yes,Yes,No,Month-to-month,No,Electronic check,99.53,2580.91,0,1,1
CUST-14705,Male,0,Yes,No,1,Yes,Yes,DSL,Yes,No,No,No,Yes,No,Month-to-month,No,Mailed check,59.79,54.68,2,3,0
CUST-14706,Female,0,No,No,12,No,No phone service,DSL,Yes,No,No,No,No,Yes,Month-to-month,No,Credit card (automatic),54.85,655.52,0,2,1
CUST-14707,Male,0,No,No,8,Yes,No,Fiber optic,No,Yes,Yes,No,No,Yes,Two year,Yes,Electronic check,96.19,752.86,1,3,0
CUST-14708,Female,0,Yes,No,21,Yes,Yes,Fiber optic,No,No,Yes,No,No,No,Two year,Yes,Electronic check,83.89,1772.51,3,3,0
CUST-14709,Female,0,Yes,No,18,Yes,Yes,Fiber optic,Yes,No,Yes,No,No,Yes,One year,Yes,Mailed check,98.65,1775.96,2,3,0
CUST-14710,Male,0,No,No,16,Yes,No,DSL,Yes,Yes,No,No,No,Yes,Month-to-month,No,Electronic check,73.5,1170.55,0,1,1
CUST-14711,Male,0,No,Yes,9,Yes,No,No,No internet service,No internet service,No internet service,No internet service,No internet service,No internet service,Two year,No,Electronic check,18.95,178.68,0,4,0
CUST-14712,Female,0,No,No,3,Yes,Yes,No,No internet service,No internet service,No internet service,No internet service,No internet service,No internet service,Month-to-month,No,Mailed check,21.19,61.1,1,1,0
CUST-14713,Male,0,No,Yes,33,Yes,Yes,DSL,No,Yes,No,No,Yes,Yes,Month-to-month,Yes,Bank transfer (automatic),69.6,2280.27,3,3,0
CUST-14714,Female,0,No,No,52,Yes,Yes,Fiber optic,Yes,Yes,Yes,Yes,No,Yes,Month-to-month,No,Electronic check,113.96,5931.51,2,4,0
CUST-14715,Male,0,Yes,No,72,Yes,No,DSL,No,No,Yes,Yes,Yes,No,Month-to-month,Yes,Credit card (automatic),65.14,4692.64,2,1,0
CUST-14716,Female,0,No,Yes,1,Yes,Yes,Fiber optic,Yes,Yes,No,Yes,Yes,Yes,Month-to-month,Yes,Mailed check,113.83,75.02,3,4,1
CUST-14717,Female,0,No,No,33,Yes,Yes,DSL,Yes,Yes,No,No,Yes,Yes,Two year,Yes,Credit card (automatic),72.05,2397.53,2,2,0
CUST-14718,Female,1,Yes,No,32,Yes,No,Fiber optic,Yes,Yes,No,No,Yes,No,Month-to-month,No,Mailed check,96.2,3053.49,2,2,1
CUST-14719,Female,1,Yes,No,72,No,No phone service,Fiber optic,No,No,No,No,Yes,Yes,Two year,No,Bank transfer (automatic),89.51,6444.77,2,1,0
CUST-14720,Male,1,Yes,Yes,7,Yes,Yes,Fiber optic,Yes,Yes,No,No,No,Yes,One year,Yes,Credit card (automatic),96.97,670.89,1,3,0
CUST-14721,Male,0,Yes,No,33,Yes,Yes,Fiber optic,No,Yes,Yes,No,No,Yes,Month-to-month,No,Mailed check,92.9,3069.14,1,4,0
CUST-14722,Female,0,Yes,No,1,Yes,No,DSL,No,No,No,Yes,Yes,Yes,Two year,Yes,Credit card (automatic),67.39,57.16,2,4,0
CUST-14723,Female,0,No,No,24,Yes,No,No,No internet service,No internet service,No internet service,No internet service,No internet service,No internet service,One year,Yes,Mailed check,20.4,495.38,0,3,0
CUST-14724,Male,1,No,No,10,Yes,No,No,No internet service,No internet service,No internet service,No internet service,No internet service,No internet service,One year,No,Mailed check,20.7,233.15,2,4,0
CUST-14725,Male,1,No,Yes,36,Yes,Yes,No,No internet service,No internet service,No internet service,No internet service,No internet service,No internet service,Month-to-month,Yes,Credit card (automatic),19.24,682.65,0,4,0
CUST-14726,Male,1,Yes,No,49,Yes,No,Fiber optic,No,Yes,No,No,Yes,No,One year,Yes,Electronic check,95.92,4692.27,2,3,0
CUST-14727,Male,0,Yes,No,11,Yes,No,DSL,No,No,Yes,No,No,Yes,Month-to-month,No,Bank transfer (automatic),60.55,652.04,1,2,1
CUST-14728,Male,1,No,No,18,Yes,Yes,DSL,No,No,No,No,No,Yes,Month-to-month,Yes,Electronic check,51.22,928.29,2,4,0
CUST-14729,Male,0,Yes,Yes,3,No,No phone service,No,No internet service,No internet service,No internet service,No internet service,No internet service,No internet service,Month-to-month,No,Bank transfer (automatic),20.94,57.61,0,2,0
CUST-14730,Female,0,No,No,13,Yes,No,Fiber optic,No,No,No,Yes,No,Yes,Month-to-month,No,Credit card (automatic),88.09,1147.55,1,2,1
CUST-14731,Male,0,No,No,11,Yes,Yes,Fiber optic,No,No,No,Yes,Yes,Yes,Two year,No,Mailed check,100.39,1080.9,2,3,0
CUST-14732,Male,0,Yes,No,5,Yes,No,Fiber optic,No,No,No,No,Yes,No,One year,Yes,Mailed check,84.04,421.35,0,1,0
CUST-14733,Female,0,Yes,No,56,Yes,No,No,No internet service,No internet service,No internet service,No internet service,No internet service,No internet service,Month-to-month,No,Mailed check,24.85,1355.86,3,2,0
CUST-14734,Male,0,Yes,No,4,Yes,No,No,No internet service,No internet service,No internet service,No internet service,No internet service,No internet service,Two year,No,Bank transfer (automatic),23.0,102.18,1,4,0
CUST-14735,Male,0,No,No,25,Yes,Yes,Fiber optic,Yes,Yes,No,Yes,Yes,No,Month-to-month,Yes,Mailed check,109.5,2724.36,0,3,1
CUST-14736,Male,0,No,Yes,55,No,No phone service,No,No internet service,No internet service,No internet service,No internet service,No internet service,No internet service,Month-to-month,No,Electronic check,18.25,995.74,2,3,0
CUST-14737,Male,1,No,No,60,Yes,No,Fiber optic,Yes,No,No,No,Yes,Yes,Month-to-month,No,Mailed check,94.43,5668.31,3,3,0
CUST-14738,Male,0,Yes,No,39,Yes,Yes,Fiber optic,No,Yes,No,No,No,No,Two year,No,Mailed check,84.61,3278.63,2,3,0
CUST-14739,Female,0,No,No,4,Yes,No,DSL,No,Yes,No,No,Yes,Yes,One year,Yes,Mailed check,65.76,242.48,4,2,1
CUST-14740,Male,0,Yes,Yes,42,Yes,No,Fiber optic,No,No,No,Yes,No,Yes,Month-to-month,Yes,Bank transfer (automatic),94.6,4021.11,1,5,0
CUST-14741,Female,1,Yes,No,8,Yes,Yes,Fiber optic,No,No,Yes,Yes,Yes,Yes,Month-to-month,No,Electronic check,104.28,833.91,1,4,1
CUST-14742,Female,0,No,No,63,Yes,Yes,No,No internet service,No internet service,No internet service,No internet service,No internet service,No internet service,Month-to-month,Yes,Mailed check,23.38,1491.51,2,4,0
CUST-14743,Male,0,No,Yes,30,No,No phone service,DSL,No,Yes,Yes,No,No,Yes,Two year,Yes,Electronic check,68.96,2055.66,5,4,0
CUST-14744,Female,0,Yes,No,38,Yes,No,No,No internet service,No internet service,No internet service,No internet service,No internet service,No internet service,Two year,Yes,Mailed check,19.74,746.57,1,4,0
CUST-14745,Male,0,Yes,No,2,Yes,No,Fiber optic,No,Yes,No,No,No,Yes,One year,No,Mailed check,87.91,161.16,1,1,0
CUST-14746,Female,0,Yes,Yes,21,No,No phone service,Fiber optic,Yes,Yes,No,No,No,No,Month-to-month,Yes,Mailed check,90.98,1938.24,1,2,1
CUST-14747,Female,1,Yes,No,43,Yes,No,Fiber optic,No,Yes,Yes,No,No,No,Month-to-month,No,Bank transfer (automatic),89.49,3853.22,2,3,0
CUST-14748,Male,0,Yes,No,49,Yes,Yes,No,No internet service,No internet service,No internet service,No internet service,No internet service,No internet service,Two year,No,Bank transfer (automatic),18.25,886.99,1,4,0
CUST-14749,Male,0,No,No,1,Yes,No,Fiber optic,No,No,No,No,Yes,Yes,Two year,Yes,Electronic check,85.75,96.31,1,4,0
CUST-14750,Male,1,No,Yes,69,Yes,Yes,Fiber optic,No,Yes,Yes,No,No,Yes,Two year,Yes,Credit card (automatic),97.79,6734.15,1,3,0
CUST-14751,Male,1,No,No,1,Yes,No,Fiber optic,No,Yes,No,No,Yes,No,One year,Yes,Mailed check,92.97,66.7,0,3,1
CUST-14752,Male,0,No,No,23,Yes,No,DSL,No,Yes,No,No,Yes,Yes,Month-to-month,No,Bank transfer (automatic),68.38,1595.58,0,4,0
CUST-14753,Female,1,No,No,29,Yes,No,Fiber optic,No,Yes,Yes,No,Yes,Yes,Two year,Yes,Electronic check,107.17,3103.18,1,3,0
CUST-14754,Female,0,No,No,2,Yes,Yes,Fiber optic,No,No,No,Yes,No,Yes,Two year,Yes,Bank transfer (automatic),89.63,186.73,3,4,0
CUST-14755,Female,0,No,No,1,No,No phone service,Fiber optic,Yes,Yes,No,No,Yes,Yes,Month-to-month,No,Bank transfer (automatic),102.62,97.15,4,5,1
CUST-14756,Female,0,Yes,Yes,38,Yes,No,Fiber optic,No,No,Yes,No,No,No,One year,Yes,Electronic check,84.77,3229.26,4,3,0
CUST-14757,Female,0,No,No,12,Yes,Yes,Fiber optic,No,Yes,No,Yes,No,Yes,Two year,No,Credit card (automatic),96.8,1122.69,2,2,0
CUST-14758,Female,0,No,No,2,Yes,No,Fiber optic,Yes,Yes,No,No,Yes,Yes,Two year,Yes,Bank transfer (automatic),105.15,194.4,2,3,0
CUST-14759,Female,0,No,No,35,Yes,No,No,No internet service,No internet service,No internet service,No internet service,No internet service,No internet service,One year,Yes,Mailed check,22.21,740.96,3,1,0
CUST-14760,Male,0,No,No,47,Yes,Yes,Fiber optic,Yes,Yes,No,No,No,No,Month-to-month,Yes,Electronic check,92.26,4369.53,1,3,1
CUST-14761,Male,0,Yes,No,22,Yes,Yes,Fiber optic,No,No,No,No,No,No,One year,Yes,Credit card (automatic),75.31,1659.81,0,3,0
CUST-14762,Female,0,No,No,4,Yes,Yes,Fiber optic,No,Yes,Yes,No,Yes,No,Month-to-month,Yes,Electronic check,100.14,393.97,1,2,1
CUST-14763,Female,0,Yes,No,1,Yes,No,No,No internet service,No internet service,No internet service,No internet service,No internet service,No internet service,Month-to-month,Yes,Electronic check,21.62,18.25,1,2,1
CUST-14764,Male,0,No,No,30,Yes,No,Fiber optic,No,No,Yes,No,No,Yes,Month-to-month,No,Bank transfer (automatic),91.68,2772.97,1,2,1
CUST-14765,Male,0,Yes,Yes,19,Yes,No,No,No internet service,No internet service,No internet service,No internet service,No internet service,No internet service,Month-to-month,Yes,Electronic check,24.06,492.63,2,1,0
CUST-14766,Male,0,Yes,Yes,26,Yes,Yes,No,No internet service,No internet service,No internet service,No internet service,No internet service,No internet service,Month-to-month,No,Mailed check,21.77,572.6,1,3,0
CUST-14767,Male,0,Yes,No,41,Yes,No,Fiber optic,No,No,Yes,Yes,No,Yes,Month-to-month,Yes,Mailed check,103.0,4227.75,0,3,0
CUST-14768,Female,0,No,No,14,Yes,No,Fiber optic,Yes,No,No,No,Yes,No,Month-to-month,Yes,Mailed check,85.96,1208.91,2,3,1
CUST-14769,Male,0,Yes,No,3,Yes,Yes,DSL,Yes,Yes,No,Yes,Yes,No,One year,No,Electronic check,72.28,206.46,2,2,1
CUST-14770,Female,0,No,No,70,Yes,Yes,DSL,No,No,Yes,Yes,Yes,No,One year,No,Bank transfer (automatic),66.06,4621.06,1,4,0
CUST-14771,Female,1,Yes,No,19,Yes,Yes,DSL,Yes,Yes,No,No,Yes,No,Two year,Yes,Electronic check,64.3,1185.27,0,1,0
CUST-14772,Female,0,No,No,23,No,No phone service,No,No internet service,No internet service,No internet service,No internet service,No internet service,No internet service,One year,No,Bank transfer (automatic),25.44,564.69,1,1,0
CUST-14773,Male,0,No,No,67,Yes,No,Fiber optic,Yes,No,No,No,Yes,Yes,One year,Yes,Credit card (automatic),102.28,6860.23,1,1,0
CUST-14774,Male,0,Yes,Yes,67,Yes,No,DSL,No,Yes,No,No,Yes,No,Month-to-month,Yes,Mailed check,62.23,4164.47,0,4,0
CUST-14775,Female,1,Yes,No,21,Yes,No,Fiber optic,No,Yes,No,No,No,Yes,Month-to-month,No,Bank transfer (automatic),91.08,1936.65,1,4,1
CUST-14776,Female,0,No,No,8,Yes,No,DSL,No,Yes,Yes,No,Yes,No,Month-to-month,Yes,Electronic check,64.41,491.33,6,4,1
CUST-14777,Female,0,No,No,72,Yes,Yes,DSL,Yes,No,No,No,Yes,No,Two year,Yes,Electronic check,61.43,4444.51,0,2,0
CUST-14778,Male,0,No,Yes,28,No,No phone service,Fiber optic,No,No,Yes,No,No,Yes,One year,Yes,Electronic check,90.43,2520.25,1,4,0
CUST-14779,Female,0,Yes,Yes,13,Yes,No,Fiber optic,No,No,No,Yes,No,Yes,Month-to-month,Yes,Mailed check,92.58,1191.18,2,4,0
CUST-14780,Male,0,No,No,20,Yes,Yes,Fiber optic,No,Yes,Yes,No,Yes,Yes,One year,No,Electronic check,103.68,2061.24,3,4,0
CUST-14781,Female,0,No,No,13,Yes,No,Fiber optic,No,No,Yes,Yes,Yes,Yes,Month-to-month,Yes,Bank transfer (automatic),106.73,1372.62,0,4,1
CUST-14782,Female,0,Yes,No,54,Yes,Yes,No,No internet service,No internet service,No internet service,No internet service,No internet service,No internet service,Month-to-month,No,Electronic check,23.05,1257.21,2,4,0
CUST-14783,Female,0,Yes,No,16,Yes,Yes,DSL,No,No,No,No,No,Yes,Month-to-month,Yes,Credit card (automatic),55.26,873.04,4,4,0
CUST-14784,Male,0,Yes,No,43,Yes,No,DSL,No,No,Yes,Yes,No,No,Month-to-month,Yes,Bank transfer (automatic),60.47,2563.06,1,5,0
CUST-14785,Male,0,No,No,45,No,No phone service,Fiber optic,Yes,No,No,Yes,No,Yes,Month-to-month,No,Mailed check,101.6,4578.08,0,3,0
CUST-14786,Female,0,No,No,43,Yes,Yes,Fiber optic,Yes,Yes,No,Yes,No,No,Two year,Yes,Credit card (automatic),94.89,4087.25,1,2,0
CUST-14787,Male,0,Yes,Yes,32,Yes,No,Fiber optic,No,No,No,No,No,Yes,One year,No,Credit card (automatic),83.34,2664.52,0,2,0
CUST-14788,Female,1,Yes,No,48,Yes,No,Fiber optic,No,No,No,Yes,No,Yes,One year,No,Credit card (automatic),91.73,4404.0,2,3,0
CUST-14789,Male,1,Yes,No,12,Yes,No,DSL,Yes,No,No,Yes,Yes,Yes,One year,Yes,Bank transfer (automatic),75.0,899.21,1,4,0
CUST-14790,Male,0,Yes,No,3,Yes,Yes,No,No internet service,No internet service,No internet service,No internet service,No internet service,No internet service,Month-to-month,Yes,Bank transfer (automatic),22.29,80.74,1,1,1
CUST-14791,Male,0,Yes,No,46,Yes,Yes,Fiber optic,No,No,No,No,No,Yes,Two year,Yes,Mailed check,85.61,3967.01,1,2,0
CUST-14792,Female,0,No,Yes,17,No,No phone service,DSL,Yes,No,No,Yes,No,Yes,Two year,No,Mailed check,62.13,1032.8,2,1,0
CUST-14793,Male,0,Yes,No,3,Yes,No,Fiber optic,No,Yes,No,No,Yes,No,One year,Yes,Bank transfer (automatic),94.65,321.64,2,2,1
CUST-14794,Male,0,Yes,No,3,Yes,Yes,Fiber optic,No,Yes,Yes,No,Yes,No,Month-to-month,Yes,Electronic check,95.95,315.64,1,2,1
CUST-14795,Female,1,No,No,4,Yes,No,Fiber optic,No,Yes,Yes,Yes,Yes,Yes,Two year,Yes,Credit card (automatic),116.04,458.42,0,3,0
CUST-14796,Female,0,No,No,34,Yes,No,DSL,No,No,No,No,No,Yes,Month-to-month,Yes,Credit card (automatic),50.51,1723.33,1,3,0
CUST-14797,Female,0,No,No,31,Yes,No,DSL,Yes,Yes,No,No,No,Yes,One year,Yes,Electronic check,69.0,2165.15,3,1,0
CUST-14798,Female,0,Yes,No,5,Yes,No,Fiber optic,Yes,Yes,Yes,Yes,Yes,Yes,Month-to-month,No,Electronic check,118.75,607.2,1,2,1
CUST-14799,Male,0,Yes,No,46,Yes,Yes,DSL,Yes,Yes,No,No,No,Yes,Month-to-month,No,Electronic check,67.05,3095.95,0,3,0
CUST-14800,Male,0,No,No,8,Yes,No,DSL,No,Yes,Yes,No,Yes,No,Two year,No,Bank transfer (automatic),66.17,551.52,2,1,0
CUST-14801,Male,0,No,No,39,Yes,No,Fiber optic,No,No,No,No,No,No,Two year,No,Electronic check,83.71,3234.53,2,4,0
CUST-14802,Male,0,Yes,Yes,16,No,No phone service,DSL,No,Yes,Yes,No,Yes,No,Two year,Yes,Mailed check,66.01,1038.24,3,1,0
CUST-14803,Male,1,No,Yes,32,Yes,Yes,DSL,Yes,Yes,No,No,Yes,Yes,Month-to-month,No,Electronic check,79.54,2542.42,3,2,1
CUST-14804,Female,0,No,No,12,No,No phone service,Fiber optic,No,No,No,No,No,Yes,Month-to-month,Yes,Mailed check,91.15,1114.76,3,4,1
CUST-14805,Male,1,Yes,Yes,10,No,No phone service,DSL,Yes,No,Yes,Yes,No,No,Two year,Yes,Bank transfer (automatic),66.5,700.57,3,3,0
CUST-14806,Male,0,No,Yes,46,No,No phone service,Fiber optic,No,Yes,Yes,No,Yes,Yes,Month-to-month,Yes,Bank transfer (automatic),100.28,4626.51,3,5,0
CUST-14807,Male,0,No,No,1,No,No phone service,DSL,No,No,No,No,Yes,No,One year,Yes,Mailed check,52.55,42.31,1,2,0
CUST-14808,Female,0,Yes,Yes,72,Yes,Yes,No,No internet service,No internet service,No internet service,No internet service,No internet service,No internet service,Month-to-month,Yes,Credit card (automatic),18.65,1341.48,3,1,0
CUST-14809,Female,0,No,Yes,26,Yes,No,DSL,No,No,Yes,Yes,Yes,No,Month-to-month,No,Mailed check,69.58,1794.6,2,1,0
CUST-14810,Male,1,No,No,14,Yes,No,Fiber optic,No,No,Yes,Yes,No,No,Two year,Yes,Credit card (automatic),88.68,1230.32,0,5,0
CUST-14811,Female,0,No,No,24,Yes,No,Fiber optic,No,No,No,No,No,Yes,Month-to-month,Yes,Credit card (automatic),81.96,1952.45,2,3,1
CUST-14812,Female,0,Yes,No,3,Yes,No,Fiber optic,No,Yes,Yes,No,Yes,Yes,One year,No,Electronic check,104.89,325.75,2,2,1
CUST-14813,Female,0,Yes,No,18,Yes,No,Fiber optic,No,No,Yes,Yes,Yes,Yes,Month-to-month,No,Electronic check,101.45,1834.63,1,3,1
CUST-14814,Female,0,No,No,72,Yes,No,DSL,No,Yes,No,Yes,Yes,Yes,Month-to-month,No,Mailed check,74.45,5381.64,5,4,0
CUST-14815,Female,1,Yes,No,6,Yes,No,Fiber optic,Yes,Yes,No,No,Yes,Yes,Month-to-month,Yes,Electronic check,104.81,633.55,1,3,1
CUST-14816,Female,0,Yes,No,32,No,No phone service,Fiber optic,Yes,Yes,Yes,No,No,No,One year,No,Bank transfer (automatic),95.45,3046.64,2,3,0
CUST-14817,Female,0,Yes,No,14,Yes,Yes,DSL,Yes,No,Yes,No,Yes,Yes,Two year,Yes,Bank transfer (automatic),76.07,1074.92,1,4,0
CUST-14818,Male,0,Yes,No,26,Yes,Yes,DSL,Yes,Yes,No,Yes,No,No,Two year,Yes,Electronic check,70.97,1869.43,1,2,0
CUST-14819,Male,1,No,No,5,Yes,No,Fiber optic,No,No,Yes,No,Yes,Yes,One year,Yes,Bank transfer (automatic),96.81,496.66,5,3,1
CUST-14820,Female,0,Yes,No,15,Yes,No,DSL,No,No,No,No,No,Yes,One year,Yes,Electronic check,52.47,814.0,2,4,0
CUST-14821,Male,0,No,Yes,72,Yes,Yes,No,No internet service,No internet service,No internet service,No internet service,No internet service,No internet service,Two year,Yes,Electronic check,19.25,1391.38,0,1,0
CUST-14822,Male,0,Yes,No,5,Yes,No,Fiber optic,Yes,No,Yes,No,No,No,Month-to-month,Yes,Bank transfer (automatic),95.41,448.56,1,3,1
CUST-14823,Female,0,No,Yes,25,Yes,Yes,Fiber optic,Yes,No,Yes,No,Yes,Yes,One year,Yes,Electronic check,103.15,2595.78,1,1,0
CUST-14824,Male,0,Yes,No,21,Yes,Yes,DSL,No,No,No,Yes,No,Yes,Two year,Yes,Mailed check,58.03,1234.79,2,1,0
CUST-14825,Female,0,No,No,20,Yes,No,DSL,Yes,No,No,No,No,No,One year,Yes,Bank transfer (automatic),50.92,1052.49,2,5,0
CUST-14826,Female,0,No,No,23,Yes,Yes,Fiber optic,Yes,No,No,No,Yes,No,Month-to-month,Yes,Electronic check,93.86,2143.21,3,3,1
CUST-14827,Female,0,Yes,Yes,17,Yes,No,Fiber optic,Yes,No,Yes,Yes,No,Yes,One year,Yes,Electronic check,109.12,1859.85,1,5,0
CUST-14828,Male,0,No,No,1,Yes,No,No,No internet service,No internet service,No internet service,No internet service,No internet service,No internet service,Month-to-month,No,Bank transfer (automatic),18.25,22.1,0,4,0
CUST-14829,Male,0,Yes,Yes,57,No,No phone service,No,No internet service,No internet service,No internet service,No internet service,No internet service,No internet service,Two year,Yes,Mailed check,22.46,1275.64,1,5,0
CUST-14830,Male,0,No,No,43,Yes,No,DSL,No,No,Yes,Yes,No,No,Two year,Yes,Bank transfer (automatic),58.86,2502.55,1,5,0
CUST-14831,Male,1,No,No,4,Yes,Yes,No,No internet service,No internet service,No internet service,No internet service,No internet service,No internet service,Two year,Yes,Credit card (automatic),18.25,66.14,1,4,0
CUST-14832,Female,1,No,Yes,13,No,No phone service,DSL,Yes,Yes,No,No,No,No,Month-to-month,Yes,Electronic check,55.93,722.2,2,4,1
CUST-14833,Female,0,No,No,36,No,No phone service,No,No internet service,No internet service,No internet service,No internet service,No internet service,No internet service,Two year,Yes,Electronic check,19.59,696.84,1,4,0
CUST-14834,Male,0,Yes,Yes,72,Yes,No,DSL,No,Yes,Yes,No,No,No,One year,Yes,Bank transfer (automatic),62.59,4514.62,2,5,0
CUST-14835,Female,0,Yes,No,72,Yes,No,No,No internet service,No internet service,No internet service,No internet service,No internet service,No internet service,Two year,Yes,Bank transfer (automatic),20.13,1481.0,1,5,0
CUST-14836,Female,0,Yes,Yes,57,Yes,Yes,Fiber optic,Yes,No,Yes,No,Yes,No,One year,Yes,Mailed check,97.97,5599.26,2,5,0
CUST-14837,Male,0,No,Yes,4,Yes,Yes,No,No internet service,No internet service,No internet service,No internet service,No internet service,No internet service,Month-to-month,Yes,Mailed check,18.25,56.52,0,3,0
CUST-14838,Female,0,No,Yes,61,Yes,No,Fiber optic,Yes,No,No,Yes,No,Yes,Month-to-month,No,Bank transfer (automatic),96.52,5908.17,3,4,0
CUST-14839,Male,0,Yes,Yes,52,Yes,Yes,Fiber optic,Yes,No,No,Yes,No,No,Month-to-month,Yes,Mailed check,89.3,4666.3,0,3,0
CUST-14840,Female,1,No,No,11,Yes,No,DSL,Yes,No,No,No,Yes,No,Month-to-month,No,Mailed check,58.91,659.9,3,3,1
CUST-14841,Male,0,Yes,No,12,Yes,No,Fiber optic,No,Yes,No,Yes,Yes,No,Month-to-month,No,Credit card (automatic),94.57,1167.61,1,4,1
CUST-14842,Female,0,Yes,No,15,Yes,Yes,Fiber optic,Yes,Yes,Yes,Yes,Yes,No,One year,Yes,Electronic check,118.35,1772.05,4,4,0
CUST-14843,Female,0,No,Yes,26,No,No phone service,No,No internet service,No internet service,No internet service,No internet service,No internet service,No internet service,One year,Yes,Bank transfer (automatic),21.84,611.6,1,4,0
CUST-14844,Male,0,Yes,No,7,Yes,Yes,DSL,Yes,No,Yes,Yes,No,No,Month-to-month,Yes,Bank transfer (automatic),70.14,496.63,1,4,0
CUST-14845,Male,0,No,No,1,Yes,Yes,No,No internet service,No internet service,No internet service,No internet service,No internet service,No internet service,Month-to-month,Yes,Credit card (automatic),20.41,18.25,0,3,0
CUST-14846,Male,0,Yes,No,3,Yes,Yes,No,No internet service,No internet service,No internet service,No internet service,No internet service,No internet service,Month-to-month,Yes,Credit card (automatic),24.12,116.91,1,3,0
CUST-14847,Male,0,No,No,14,Yes,No,Fiber optic,Yes,No,Yes,No,Yes,No,Two year,No,Mailed check,94.79,1303.98,1,2,0
CUST-14848,Female,0,Yes,No,8,Yes,No,Fiber optic,Yes,No,No,Yes,Yes,No,Month-to-month,No,Mailed check,100.19,799.56,1,3,1
CUST-14849,Female,1,Yes,Yes,36,Yes,No,Fiber optic,Yes,No,No,No,No,Yes,Month-to-month,Yes,Mailed check,86.57,3107.91,3,5,0
CUST-14850,Male,0,No,No,2,Yes,Yes,DSL,No,Yes,No,Yes,No,Yes,One year,No,Bank transfer (automatic),67.79,130.07,3,4,0
CUST-14851,Female,0,No,No,62,Yes,No,DSL,Yes,Yes,No,No,Yes,No,One year,Yes,Electronic check,67.65,4194.23,2,3,0
CUST-14852,Male,0,Yes,No,56,Yes,No,DSL,Yes,No,No,No,Yes,No,Month-to-month,Yes,Electronic check,60.43,3403.45,0,3,0
CUST-14853,Male,0,Yes,Yes,59,Yes,No,Fiber optic,Yes,No,No,Yes,Yes,Yes,Month-to-month,No,Credit card (automatic),105.17,6214.22,1,2,0
CUST-14854,Female,0,No,Yes,33,Yes,No,Fiber optic,No,Yes,No,No,No,Yes,Month-to-month,No,Electronic check,83.59,2758.33,1,2,1
CUST-14855,Female,0,Yes,No,2,Yes,Yes,DSL,Yes,No,No,No,No,Yes,Month-to-month,No,Electronic check,58.91,108.81,1,3,0
CUST-14856,Male,1,No,Yes,14,Yes,Yes,Fiber optic,Yes,Yes,No,No,Yes,Yes,Month-to-month,No,Credit card (automatic),104.9,1465.11,1,2,1
CUST-14857,Male,1,No,Yes,3,Yes,No,No,No internet service,No internet service,No internet service,No internet service,No internet service,No internet service,Month-to-month,Yes,Electronic check,18.62,78.33,3,3,0
CUST-14858,Male,0,Yes,No,72,Yes,No,Fiber optic,No,No,Yes,No,No,Yes,Month-to-month,Yes,Electronic check,85.43,6156.26,3,3,0
CUST-14859,Female,1,Yes,No,10,Yes,Yes,Fiber optic,No,No,Yes,No,Yes,Yes,Month-to-month,Yes,Credit card (automatic),96.56,951.1,0,1,1
CUST-14860,Female,0,No,No,22,Yes,No,Fiber optic,No,Yes,Yes,No,No,No,One year,No,Mailed check,91.98,2035.1,1,4,0
CUST-14861,Female,0,Yes,Yes,37,Yes,Yes,DSL,Yes,Yes,No,Yes,Yes,Yes,Month-to-month,Yes,Mailed check,87.12,3258.15,1,4,0
CUST-14862,Female,0,No,No,63,Yes,Yes,Fiber optic,No,No,No,No,Yes,No,Two year,Yes,Bank transfer (automatic),82.18,5160.94,1,4,0
CUST-14863,Male,1,Yes,Yes,35,Yes,No,Fiber optic,No,Yes,No,No,Yes,Yes,Two year,Yes,Credit card (automatic),96.9,3355.03,2,4,0
CUST-14864,Male,0,No,No,28,No,No phone service,DSL,Yes,No,Yes,No,Yes,Yes,Two year,No,Electronic check,72.77,2038.47,1,2,0
CUST-14865,Male,0,Yes,No,15,Yes,Yes,No,No internet service,No internet service,No internet service,No internet service,No internet service,No internet service,Month-to-month,No,Electronic check,24.75,383.34,2,4,0
CUST-14866,Male,0,No,No,23,Yes,No,No,No internet service,No internet service,No internet service,No internet service,No internet service,No internet service,Month-to-month,Yes,Bank transfer (automatic),18.25,451.15,1,5,0
CUST-14867,Male,0,Yes,No,2,No,No phone service,Fiber optic,Yes,No,Yes,No,Yes,No,Month-to-month,Yes,Mailed check,96.58,177.64,2,4,1
CUST-14868,Male,0,Yes,No,53,Yes,No,DSL,No,Yes,No,No,No,Yes,Two year,Yes,Electronic check,61.43,3251.6,1,3,0
CUST-14869,Female,1,No,Yes,19,Yes,No,Fiber optic,No,No,Yes,No,Yes,Yes,One year,Yes,Mailed check,100.43,1899.71,3,4,0
CUST-14870,Female,0,Yes,Yes,1,Yes,Yes,Fiber optic,Yes,Yes,Yes,Yes,Yes,No,Month-to-month,Yes,Credit card (automatic),111.02,125.33,5,1,1
CUST-14871,Male,0,Yes,No,63,Yes,Yes,DSL,No,Yes,Yes,Yes,No,No,Month-to-month,No,Electronic check,66.97,4197.38,3,2,1
CUST-14872,Male,0,Yes,Yes,16,Yes,Yes,Fiber optic,Yes,No,Yes,Yes,Yes,Yes,Month-to-month,No,Electronic check,111.85,1817.92,2,3,1
CUST-14873,Female,0,Yes,No,50,Yes,No,No,No internet service,No internet service,No internet service,No internet service,No internet service,No internet service,Two year,Yes,Electronic check,18.25,923.84,2,3,0
CUST-14874,Female,0,No,Yes,48,Yes,Yes,No,No internet service,No internet service,No internet service,No internet service,No internet service,No internet service,One year,Yes,Bank transfer (automatic),21.35,1000.03,4,4,0
CUST-14875,Female,0,No,No,42,Yes,No,Fiber optic,No,No,No,No,Yes,No,One year,Yes,Electronic check,80.71,3384.26,1,5,0
CUST-14876,Female,0,Yes,No,1,Yes,Yes,Fiber optic,No,Yes,No,No,Yes,Yes,Month-to-month,Yes,Mailed check,96.21,99.43,0,3,1
CUST-14877,Male,0,No,No,7,Yes,No,Fiber optic,Yes,No,No,No,Yes,No,One year,Yes,Credit card (automatic),91.02,622.61,1,3,0
CUST-14878,Male,0,No,No,52,Yes,No,DSL,Yes,No,No,No,No,No,Month-to-month,Yes,Electronic check,52.79,2730.69,0,1,0
CUST-14879,Male,0,No,Yes,57,Yes,No,No,No internet service,No internet service,No internet service,No internet service,No internet service,No internet service,One year,Yes,Mailed check,25.32,1429.73,0,2,0
CUST-14880,Male,0,Yes,No,15,Yes,No,No,No internet service,No internet service,No internet service,No internet service,No internet service,No internet service,Two year,Yes,Mailed check,25.31,365.67,1,1,0
CUST-14881,Male,0,No,No,14,Yes,Yes,DSL,No,No,No,Yes,Yes,Yes,One year,No,Mailed check,71.87,963.52,1,2,0
CUST-14882,Female,1,No,Yes,4,Yes,Yes,Fiber optic,No,No,Yes,No,Yes,Yes,Month-to-month,Yes,Bank transfer (automatic),103.54,432.26,4,4,1
CUST-14883,Male,0,No,No,72,Yes,No,No,No internet service,No internet service,No internet service,No internet service,No internet service,No internet service,Two year,No,Electronic check,24.83,1813.33,4,1,0
CUST-14884,Female,0,Yes,No,5,No,No phone service,Fiber optic,No,Yes,Yes,No,Yes,No,Month-to-month,Yes,Bank transfer (automatic),92.58,428.2,1,4,1
CUST-14885,Male,0,Yes,No,5,Yes,No,No,No internet service,No internet service,No internet service,No internet service,No internet service,No internet service,Month-to-month,Yes,Credit card (automatic),21.66,110.89,0,4,0
CUST-14886,Male,0,No,No,27,Yes,Yes,Fiber optic,Yes,No,No,No,Yes,Yes,One year,No,Mailed check,98.46,2651.8,0,3,0
CUST-14887,Male,1,Yes,No,6,Yes,No,DSL,No,No,Yes,No,Yes,No,Month-to-month,Yes,Credit card (automatic),60.83,357.96,1,3,1
CUST-14888,Male,0,No,No,69,Yes,No,Fiber optic,Yes,Yes,Yes,Yes,Yes,No,Month-to-month,No,Mailed check,111.06,7645.19,3,1,0
CUST-14889,Male,0,Yes,Yes,1,Yes,Yes,Fiber optic,No,No,No,No,No,Yes,Month-to-month,No,Bank transfer (automatic),77.26,69.64,2,4,0
CUST-14890,Female,0,No,No,1,Yes,Yes,DSL,Yes,No,No,No,No,Yes,One year,Yes,Mailed check,58.35,103.29,0,4,0
CUST-14891,Female,0,No,No,17,Yes,No,DSL,No,No,Yes,No,No,No,Month-to-month,Yes,Electronic check,50.48,873.21,3,3,1
CUST-14892,Female,0,No,No,16,Yes,No,No,No internet service,No internet service,No internet service,No internet service,No internet service,No internet service,Month-to-month,Yes,Electronic check,22.09,351.75,0,2,0
CUST-14893,Male,0,No,No,4,No,No phone service,DSL,No,Yes,Yes,Yes,No,No,Month-to-month,Yes,Mailed check,66.65,238.51,5,3,1
CUST-14894,Male,0,No,No,17,Yes,Yes,Fiber optic,No,No,No,No,Yes,Yes,One year,Yes,Credit card (automatic),93.73,1583.67,1,2,1
CUST-14895,Female,0,Yes,No,13,Yes,Yes,No,No internet service,No internet service,No internet service,No internet service,No internet service,No internet service,Month-to-month,No,Electronic check,25.34,328.86,1,4,0
CUST-14896,Male,0,No,No,55,Yes,No,No,No internet service,No internet service,No internet service,No internet service,No internet service,No internet service,Two year,Yes,Credit card (automatic),18.25,986.66,3,4,0
CUST-14897,Male,1,Yes,No,1,No,No phone service,Fiber optic,No,Yes,No,No,No,Yes,One year,Yes,Credit card (automatic),86.83,91.06,3,5,0
CUST-14898,Female,0,No,Yes,72,Yes,No,No,No internet service,No internet service,No internet service,No internet service,No internet service,No internet service,Month-to-month,Yes,Mailed check,21.47,1543.04,2,3,0
CUST-14899,Male,0,Yes,No,24,Yes,Yes,No,No internet service,No internet service,No internet service,No internet service,No internet service,No internet service,One year,Yes,Mailed check,21.82,539.82,1,1,0
CUST-14900,Female,0,No,No,4,No,No phone service,DSL,Yes,Yes,No,No,Yes,Yes,Month-to-month,Yes,Mailed check,75.33,285.66,3,4,1
CUST-14901,Male,0,No,No,1,Yes,Yes,Fiber optic,No,Yes,No,No,No,Yes,Two year,No,Bank transfer (automatic),86.52,96.19,1,1,0
CUST-14902,Female,0,Yes,Yes,19,Yes,Yes,DSL,Yes,Yes,No,No,No,Yes,Month-to-month,No,Electronic check,68.51,1313.22,1,3,1
CUST-14903,Male,0,Yes,No,6,Yes,Yes,Fiber optic,No,Yes,No,Yes,No,Yes,Month-to-month,Yes,Electronic check,96.86,586.69,1,2,1
CUST-14904,Male,0,No,No,8,Yes,Yes,DSL,Yes,No,Yes,No,Yes,Yes,One year,No,Electronic check,77.1,611.94,0,3,0
CUST-14905,Female,0,Yes,No,7,No,No phone service,DSL,Yes,No,Yes,No,Yes,No,Month-to-month,No,Credit card (automatic),66.82,480.94,2,2,1
CUST-14906,Male,0,Yes,Yes,26,Yes,Yes,No,No internet service,No internet service,No internet service,No internet service,No internet service,No internet service,One year,Yes,Electronic check,22.49,572.75,1,4,0
CUST-14907,Male,1,Yes,No,20,Yes,Yes,DSL,No,Yes,Yes,Yes,No,Yes,Two year,Yes,Bank transfer (automatic),77.5,1512.57,0,3,0
CUST-14908,Female,0,No,Yes,2,Yes,No,Fiber optic,No,Yes,No,No,Yes,No,One year,No,Mailed check,88.25,168.76,0,3,0
CUST-14909,Male,0,No,No,18,Yes,Yes,DSL,No,No,No,No,No,Yes,Month-to-month,No,Bank transfer (automatic),54.72,985.52,2,4,0
CUST-14910,Female,0,No,Yes,39,Yes,Yes,Fiber optic,No,Yes,Yes,No,No,No,Two year,Yes,Credit card (automatic),91.58,3555.1,1,1,0
CUST-14911,Male,0,No,No,2,Yes,Yes,Fiber optic,No,Yes,No,No,Yes,No,Month-to-month,No,Electronic check,89.5,177.05,1,4,1
CUST-14912,Male,0,Yes,Yes,55,Yes,No,Fiber optic,Yes,No,No,No,Yes,Yes,Month-to-month,No,Electronic check,101.09,5523.23,0,3,0
CUST-14913,Male,0,No,Yes,21,Yes,Yes,Fiber optic,Yes,No,Yes,Yes,No,Yes,One year,No,Bank transfer (automatic),101.17,2136.87,2,3,0
CUST-14914,Male,0,Yes,Yes,72,Yes,No,No,No internet service,No internet service,No internet service,No internet service,No internet service,No internet service,Month-to-month,No,Credit card (automatic),18.7,1358.21,4,2,0
CUST-14915,Female,0,Yes,No,4,Yes,No,DSL,No,No,Yes,No,Yes,No,One year,No,Bank transfer (automatic),63.5,253.46,0,5,0
CUST-14916,Male,0,Yes,No,72,Yes,No,DSL,Yes,Yes,No,Yes,No,Yes,One year,Yes,Credit card (automatic),75.55,5464.95,0,3,0
CUST-14917,Female,0,No,No,25,Yes,No,Fiber optic,Yes,Yes,Yes,Yes,No,No,Two year,No,Bank transfer (automatic),104.59,2596.36,3,2,0
CUST-14918,Male,0,No,No,20,Yes,Yes,DSL,No,Yes,No,Yes,Yes,Yes,Month-to-month,Yes,Mailed check,74.19,1499.57,1,2,1
CUST-14919,Male,0,Yes,No,18,No,No phone service,DSL,No,Yes,No,No,No,No,Month-to-month,No,Bank transfer (automatic),50.11,909.81,1,2,0
CUST-14920,Male,0,No,No,1,Yes,Yes,Fiber optic,No,Yes,Yes,Yes,No,No,Month-to-month,No,Electronic check,101.65,92.96,2,4,1
CUST-14921,Male,0,Yes,Yes,70,Yes,No,No,No internet service,No internet service,No internet service,No internet service,No internet service,No internet service,One year,No,Mailed check,20.55,1435.26,1,2,0
CUST-14922,Female,0,Yes,Yes,25,Yes,Yes,DSL,No,No,No,No,No,Yes,One year,No,Bank transfer (automatic),52.6,1313.43,1,1,0
CUST-14923,Female,0,Yes,No,2,Yes,Yes,DSL,No,No,Yes,Yes,No,Yes,Month-to-month,Yes,Credit card (automatic),70.81,146.98,1,3,1
CUST-14924,Female,0,No,No,1,Yes,No,Fiber optic,Yes,No,No,No,No,No,Month-to-month,Yes,Credit card (automatic),85.85,88.4,1,2,1
CUST-14925,Female,0,No,Yes,1,Yes,No,Fiber optic,No,No,No,Yes,Yes,No,Month-to-month,No,Electronic check,90.69,63.22,0,5,1
CUST-14926,Male,0,Yes,Yes,23,Yes,No,No,No internet service,No internet service,No internet service,No internet service,No internet service,No internet service,One year,No,Bank transfer (automatic),27.41,646.81,0,3,0
CUST-14927,Female,0,No,Yes,23,Yes,No,DSL,Yes,No,Yes,Yes,No,No,Two year,No,Credit card (automatic),63.36,1475.39,0,2,0
CUST-14928,Female,0,Yes,No,17,Yes,No,DSL,No,No,No,Yes,Yes,No,Month-to-month,Yes,Mailed check,64.97,1107.16,2,3,0
CUST-14929,Male,0,No,Yes,9,Yes,No,No,No internet service,No internet service,No internet service,No internet service,No internet service,No internet service,Month-to-month,Yes,Electronic check,21.46,212.68,1,1,0
CUST-14930,Male,0,No,No,18,Yes,Yes,DSL,Yes,Yes,No,No,No,No,One year,Yes,Electronic check,62.29,1104.04,2,3,0
CUST-14931,Male,0,Yes,No,18,Yes,No,DSL,Yes,No,No,No,Yes,Yes,Month-to-month,Yes,Electronic check,63.82,1181.68,3,5,1
CUST-14932,Male,0,No,No,1,Yes,Yes,Fiber optic,Yes,No,Yes,No,No,No,Month-to-month,No,Bank transfer (automatic),87.02,69.8,1,2,1
CUST-14933,Female,0,No,Yes,8,Yes,No,DSL,Yes,Yes,No,No,No,Yes,One year,No,Electronic check,67.19,557.54,2,5,0
CUST-14934,Female,0,Yes,Yes,1,Yes,Yes,Fiber optic,No,No,Yes,No,No,Yes,Month-to-month,No,Mailed check,91.0,94.86,3,1,1
CUST-14935,Male,1,No,No,57,Yes,Yes,Fiber optic,Yes,No,No,Yes,Yes,Yes,Two year,Yes,Electronic check,105.98,6048.53,3,3,0
CUST-14936,Male,0,No,No,32,Yes,No,No,No internet service,No internet service,No internet service,No internet service,No internet service,No internet service,Month-to-month,No,Mailed check,19.53,650.22,0,2,0
CUST-14937,Male,0,Yes,No,72,Yes,Yes,Fiber optic,Yes,Yes,No,No,No,No,Month-to-month,No,Mailed check,88.11,6356.46,2,4,0
CUST-14938,Female,0,Yes,No,8,Yes,No,Fiber optic,Yes,No,No,No,Yes,Yes,Two year,Yes,Mailed check,97.91,768.07,2,4,0
CUST-14939,Female,0,Yes,No,52,Yes,No,Fiber optic,No,Yes,No,No,No,No,Month-to-month,Yes,Bank transfer (automatic),77.07,4018.44,3,4,0
CUST-14940,Male,0,No,No,23,Yes,No,Fiber optic,Yes,No,No,Yes,No,No,Two year,No,Electronic check,96.44,2260.52,2,4,0
CUST-14941,Male,0,No,No,15,Yes,Yes,Fiber optic,Yes,Yes,No,Yes,Yes,Yes,Month-to-month,Yes,Electronic check,112.04,1718.22,0,4,1
CUST-14942,Female,0,No,No,6,No,No phone service,Fiber optic,No,No,Yes,No,Yes,No,One year,Yes,Bank transfer (automatic),87.63,546.19,1,3,0
CUST-14943,Male,0,Yes,Yes,33,Yes,Yes,DSL,Yes,No,No,Yes,Yes,No,Month-to-month,Yes,Credit card (automatic),65.35,2165.98,0,3,0
CUST-14944,Male,0,Yes,Yes,58,Yes,No,DSL,No,Yes,No,No,Yes,No,Month-to-month,No,Bank transfer (automatic),56.64,3269.51,2,4,0
CUST-14945,Female,0,Yes,Yes,6,Yes,Yes,DSL,Yes,No,Yes,Yes,No,No,Month-to-month,No,Credit card (automatic),70.62,432.35,2,3,1
CUST-14946,Male,0,No,Yes,4,No,No phone service,No,No internet service,No internet service,No internet service,No internet service,No internet service,No internet service,One year,No,Credit card (automatic),21.55,84.71,1,3,0
CUST-14947,Female,0,No,No,29,Yes,Yes,DSL,No,Yes,Yes,No,No,No,One year,No,Credit card (automatic),59.64,1718.73,4,4,0
CUST-14948,Male,0,No,No,72,Yes,No,Fiber optic,Yes,No,No,Yes,No,Yes,Two year,No,Credit card (automatic),97.07,6985.41,2,5,0
CUST-14949,Male,0,Yes,No,34,Yes,No,Fiber optic,Yes,No,No,No,Yes,No,One year,No,Bank transfer (automatic),88.8,3004.35,2,5,0
CUST-14950,Female,0,No,No,8,Yes,No,DSL,Yes,No,Yes,Yes,Yes,No,Month-to-month,Yes,Credit card (automatic),68.92,598.16,0,2,1
CUST-14951,Female,0,No,Yes,13,Yes,Yes,DSL,No,No,No,No,Yes,No,Month-to-month,No,Mailed check,54.84,705.29,2,3,0
CUST-14952,Male,0,Yes,No,12,Yes,No,Fiber optic,Yes,No,Yes,No,No,No,Two year,Yes,Mailed check,90.02,1096.42,1,5,0
CUST-14953,Female,0,No,Yes,47,Yes,No,Fiber optic,Yes,No,No,Yes,Yes,Yes,Two year,No,Credit card (automatic),106.8,5019.83,1,2,0
CUST-14954,Male,1,Yes,No,36,Yes,No,DSL,No,Yes,Yes,Yes,Yes,Yes,One year,No,Electronic check,85.22,3042.45,0,1,0
CUST-14955,Male,1,Yes,No,22,Yes,No,DSL,No,Yes,Yes,No,No,No,Month-to-month,Yes,Credit card (automatic),63.15,1387.65,1,3,0
CUST-14956,Female,0,Yes,No,8,Yes,No,DSL,Yes,Yes,No,Yes,No,Yes,Two year,No,Mailed check,75.46,605.18,2,3,0
CUST-14957,Male,0,Yes,No,69,Yes,No,Fiber optic,No,No,Yes,No,Yes,Yes,Month-to-month,No,Electronic check,97.92,6786.88,1,3,0
CUST-14958,Male,0,Yes,Yes,26,Yes,No,DSL,No,No,No,No,Yes,Yes,Month-to-month,No,Credit card (automatic),63.36,1645.32,2,1,0
CUST-14959,Female,0,Yes,No,72,Yes,No,DSL,No,Yes,No,No,No,Yes,Month-to-month,No,Mailed check,59.69,4277.32,1,2,0
CUST-14960,Female,0,Yes,Yes,21,Yes,No,No,No internet service,No internet service,No internet service,No internet service,No internet service,No internet service,Month-to-month,Yes,Credit card (automatic),23.95,480.31,3,4,0
CUST-14961,Male,0,No,Yes,43,Yes,No,DSL,No,No,Yes,No,No,No,One year,Yes,Electronic check,55.76,2418.46,0,3,0
CUST-14962,Female,1,No,No,41,Yes,No,DSL,Yes,Yes,Yes,No,No,No,Month-to-month,No,Credit card (automatic),65.9,2689.17,0,5,0
CUST-14963,Female,0,No,Yes,10,Yes,Yes,DSL,Yes,No,No,No,Yes,No,Month-to-month,Yes,Bank transfer (automatic),57.95,581.44,1,3,1
CUST-14964,Female,0,Yes,No,72,Yes,Yes,DSL,Yes,Yes,No,No,No,No,Month-to-month,No,Electronic check,56.66,4045.36,1,1,0
CUST-14965,Female,0,Yes,No,1,Yes,No,Fiber optic,No,Yes,No,No,No,No,One year,Yes,Electronic check,85.18,118.88,2,5,0
CUST-14966,Male,0,Yes,No,36,Yes,No,No,No internet service,No internet service,No internet service,No internet service,No internet service,No internet service,Month-to-month,Yes,Bank transfer (automatic),18.25,637.96,1,2,0
CUST-14967,Male,0,Yes,Yes,72,Yes,Yes,DSL,No,No,No,No,No,Yes,Month-to-month,Yes,Credit card (automatic),44.52,3223.75,2,3,0
CUST-14968,Male,0,No,No,10,Yes,No,DSL,No,No,No,No,No,No,Month-to-month,Yes,Mailed check,46.13,483.24,1,5,0
CUST-14969,Female,0,No,No,26,Yes,Yes,No,No internet service,No internet service,No internet service,No internet service,No internet service,No internet service,Month-to-month,Yes,Mailed check,18.25,517.12,1,4,0
CUST-14970,Female,0,No,No,20,Yes,No,No,No internet service,No internet service,No internet service,No internet service,No internet service,No internet service,One year,No,Credit card (automatic),18.25,344.6,3,4,0
CUST-14971,Female,0,No,No,35,No,No phone service,DSL,No,No,Yes,Yes,Yes,Yes,Month-to-month,Yes,Credit card (automatic),75.54,2645.33,1,1,0
CUST-14972,Female,1,Yes,No,50,Yes,No,Fiber optic,No,No,No,No,Yes,Yes,Month-to-month,Yes,Credit card (automatic),85.45,4331.61,1,1,0
CUST-14973,Female,0,Yes,No,23,Yes,No,Fiber optic,No,Yes,Yes,Yes,Yes,Yes,Two year,Yes,Bank transfer (automatic),108.47,2483.0,3,2,0
CUST-14974,Female,0,No,No,42,Yes,Yes,No,No internet service,No internet service,No internet service,No internet service,No internet service,No internet service,Month-to-month,No,Electronic check,24.75,1038.08,2,4,0
CUST-14975,Female,0,Yes,Yes,9,Yes,No,Fiber optic,Yes,No,No,Yes,Yes,No,Two year,Yes,Electronic check,98.68,903.66,0,4,0
CUST-14976,Male,0,Yes,No,6,Yes,No,No,No internet service,No internet service,No internet service,No internet service,No internet service,No internet service,One year,No,Credit card (automatic),22.8,155.95,0,2,0
CUST-14977,Male,0,Yes,No,14,Yes,No,Fiber optic,Yes,No,No,No,Yes,Yes,Month-to-month,Yes,Mailed check,95.72,1378.76,0,1,1
CUST-14978,Female,1,Yes,No,28,Yes,No,DSL,No,No,No,No,No,Yes,Month-to-month,No,Electronic check,57.66,1604.08,2,3,0
CUST-14979,Female,0,Yes,Yes,5,Yes,No,DSL,No,No,Yes,No,Yes,No,Two year,Yes,Mailed check,50.76,243.75,0,5,0
CUST-14980,Female,0,No,No,28,Yes,No,Fiber optic,No,No,Yes,No,Yes,Yes,One year,Yes,Mailed check,92.67,2598.04,3,3,0
CUST-14981,Male,0,No,No,12,Yes,No,No,No internet service,No internet service,No internet service,No internet service,No internet service,No internet service,One year,Yes,Credit card (automatic),18.25,253.06,2,4,0
CUST-14982,Male,0,Yes,No,39,Yes,Yes,DSL,Yes,Yes,Yes,No,No,No,One year,No,Electronic check,64.75,2513.34,1,4,0
CUST-14983,Female,0,Yes,Yes,1,Yes,No,Fiber optic,No,Yes,Yes,No,No,No,Month-to-month,No,Bank transfer (automatic),93.53,87.46,1,4,1
CUST-14984,Female,0,No,No,27,Yes,No,Fiber optic,No,Yes,No,No,No,Yes,Month-to-month,No,Bank transfer (automatic),95.89,2578.19,1,5,0
CUST-14985,Male,0,Yes,No,26,Yes,No,DSL,Yes,No,No,No,Yes,No,Month-to-month,No,Credit card (automatic),60.43,1567.28,2,5,0
CUST-14986,Male,0,Yes,No,70,Yes,Yes,Fiber optic,No,Yes,No,No,Yes,Yes,One year,Yes,Mailed check,99.18,6932.65,1,3,0
CUST-14987,Male,1,Yes,No,31,Yes,Yes,No,No internet service,No internet service,No internet service,No internet service,No internet service,No internet service,Two year,Yes,Electronic check,18.25,573.66,0,2,0
CUST-14988,Male,0,Yes,No,39,Yes,No,Fiber optic,No,Yes,Yes,No,No,No,Month-to-month,No,Bank transfer (automatic),91.53,3564.86,0,4,0
CUST-14989,Female,0,No,No,58,Yes,No,Fiber optic,No,Yes,No,Yes,No,Yes,Month-to-month,No,Bank transfer (automatic),95.51,5560.38,3,4,0
CUST-14990,Male,0,No,No,28,Yes,No,Fiber optic,No,No,No,No,No,Yes,Two year,Yes,Electronic check,79.25,2219.25,2,4,0
CUST-14991,Male,0,Yes,Yes,8,Yes,Yes,Fiber optic,Yes,No,No,No,No,Yes,Month-to-month,No,Electronic check,88.71,673.58,0,2,1
CUST-14992,Female,0,Yes,No,50,Yes,Yes,Fiber optic,Yes,Yes,Yes,No,Yes,No,Month-to-month,Yes,Electronic check,104.49,5255.95,1,3,1
CUST-14993,Male,0,Yes,Yes,34,Yes,Yes,No,No internet service,No internet service,No internet service,No internet service,No internet service,No internet service,Month-to-month,No,Electronic check,23.86,827.7,2,2,0
CUST-14994,Male,1,Yes,Yes,13,Yes,Yes,Fiber optic,Yes,Yes,Yes,No,Yes,No,Month-to-month,No,Bank transfer (automatic),100.24,1327.0,2,2,1
CUST-14995,Male,0,No,No,30,Yes,Yes,Fiber optic,Yes,Yes,No,Yes,No,No,Month-to-month,Yes,Mailed check,94.39,2826.15,2,3,0
CUST-14996,Female,0,No,No,50,Yes,No,Fiber optic,No,No,No,No,No,Yes,Month-to-month,Yes,Mailed check,86.11,4346.84,1,4,0
CUST-14997,Male,1,No,No,72,Yes,No,DSL,Yes,Yes,Yes,Yes,No,No,Month-to-month,No,Electronic check,71.25,5145.2,0,2,0
CUST-14998,Female,0,No,No,72,No,No phone service,DSL,No,Yes,Yes,No,Yes,No,One year,Yes,Credit card (automatic),61.88,4470.59,2,2,0
CUST-14999,Female,0,No,No,9,No,No phone service,DSL,No,No,No,No,Yes,No,One year,Yes,Credit card (automatic),59.56,492.85,2,4,0
